product_name,sentiment,input_text,target_summary
Men Solid Single Breasted Casual Blazer (Grey),positive,summarize what people like about Men Solid Single Breasted Casual Blazer (Grey): blindly go for it osm but select proper size [SEP] this a great casual blazer for casual use the quality is decent as per price n [SEP] unexpected loved it amazing quality light in weight premium looklooks different [SEP] nice fitting color soft comfort [SEP] very nice quality blazer i like it very much,unexpected loved it amazing quality light in weight premium looklooks different
"TXOR NEXUS with Heart Rate & BP Monitor 35mm Screen Black Smartwatch? ? (Black Strap, Standard)",negative,"summarize what people dislike about TXOR NEXUS with Heart Rate & BP Monitor 35mm Screen Black Smartwatch? ? (Black Strap, Standard): dont buy very bad product [SEP] very bad product plz dont purchase [SEP] please dont buy always charging problem [SEP] not changing and not on [SEP] very poor this is very poor products",please dont buy always charging problem
colcum Collapsible Wardrobe 88130 Micro Fiber Collapsible WardrobeFinish Color Maroon DIYDoItYourself,negative,summarize what people dislike about colcum Collapsible Wardrobe 88130 Micro Fiber Collapsible WardrobeFinish Color Maroon DIYDoItYourself: finishing not accepted re return terms [SEP] very bad productwanted to returnbut there are lot of awful formalities to returni just throw it i just lost my money by purchasing this productalso my hand cutted during i was trying to install it [SEP] cheap quality materials incomplete set installation is hard [SEP] worstdont fall for images [SEP] its pathetic cover is too short it teared when i put i need to change it,very bad productwanted to returnbut there are lot of awful formalities to returni just throw it i just lost my money by purchasing this productalso my hand cutted during i was trying to install it
"Men Solid Single Breasted Casual, Wedding Blazer (Black)",positive,"summarize what people like about Men Solid Single Breasted Casual, Wedding Blazer (Black): awesome thnku filpkart [SEP] nice cloth nice feeting [SEP] thanku flipkart u make me happy [SEP] awsm product in this range [SEP] so very nice and so thank you flipkart",so very nice and so thank you flipkart
Track Pant For Baby Boys Baby GirlsMulticolor Pack of 5,negative,summarize what people dislike about Track Pant For Baby Boys Baby GirlsMulticolor Pack of 5: material is not that great ok [SEP] products are very bad [SEP] color coming out in first washits harmful for babies to weardont recommend [SEP] quality is very bad too much price [SEP] the product of flipkart is very bad v ery very bad product i dont like flipkart,the product of flipkart is very bad v ery very bad product i dont like flipkart
Qubo Outdoor Cam by HERO GROUP IP65 1080p Full HD CCTV with Intruder Alarm System Security Camera1 Channel,negative,summarize what people dislike about Qubo Outdoor Cam by HERO GROUP IP65 1080p Full HD CCTV with Intruder Alarm System Security Camera1 Channel: excellent camera by hero group but made in china product so i am not happy [SEP] not connected to wifi after scan of qr code as given the instruction device replied as not got connect to wifi for wifi password but there no password set in the wifi router device i will replace ibeiman company waste service dont buy this product trust me very bad service and product [SEP] camera connected problem [SEP] not fit for outdoor camera [SEP] its very bad dont buy its not constitute record,not connected to wifi after scan of qr code as given the instruction device replied as not got connect to wifi for wifi password but there no password set in the wifi router device i will replace ibeiman company waste service dont buy this product trust me very bad service and pr
"RPM Euro Games Gaming Keyboard and Mouse Combo | Keyboard - With 7 Color Backlit | Suspension Caps | Backlit | 104 Keys | Mouse - Upto 3200 DPI, 4 Levels|6 Buttons | 7 Color RGB Wired USB Gaming Keyboard (Black) Wired USB Gaming Keyboard? ? (Black)",positive,"summarize what people like about RPM Euro Games Gaming Keyboard and Mouse Combo | Keyboard - With 7 Color Backlit | Suspension Caps | Backlit | 104 Keys | Mouse - Upto 3200 DPI, 4 Levels|6 Buttons | 7 Color RGB Wired USB Gaming Keyboard (Black) Wired USB Gaming Keyboard? ? (Black): good quality product with 7 colour led light gives deadly look to this gaming keyboardthe body of this keyboard feels sturdy strong and stablebuild quality is superb at this aforadable pricenow i have a complete set to play games [SEP] i like the keyboard and mouse very much but one side of the mouse has no light its ok very good quality recommend [SEP] good product for the price the keys are good nit that great and u cant change the rgb it is fixed [SEP] the product is good and impressive i impressed my crush and friends you can impress everyone so dont think just buy this product the typeing experience is awesome and gaming experience is was unbelievable your parents accept this productthis review is paid just kidding man its not paid its fair review ok [SEP] amazing build qualitybudget friendly though the keyboard only has still lighting but allover a value product",the product is good and impressive i impressed my crush and friends you can impress everyone so dont think just buy this product the typeing experience is awesome and gaming experience is was unbelievable your parents accept this productthis review is paid just kidding man its no
Men Blue Genuine Leather Wallet - Mini (6 Card Slots),positive,summarize what people like about Men Blue Genuine Leather Wallet - Mini (6 Card Slots): very good product too much space for my money as well as my cards 2 slots for cash and pouch available for coinsnavy blue colour with geniuine leather and believe me no threads are coming out best thing is lock is available for card compartments so it will never come out that logo of urban forest is killer on outside go for it blindly believe me i have done a lot of research before ordering it it will not go in vain give a like when u are satisfied with this wallet [SEP] the look and feel of the wallet is quite delightful you can definately go for it [SEP] highly satisfied product delivered prior the said date thank you flipkart [SEP] lovely product as expected [SEP] good quality pure leatheryou also check,very good product too much space for my money as well as my cards 2 slots for cash and pouch available for coinsnavy blue colour with geniuine leather and believe me no threads are coming out best thing is lock is available for card compartments so it will never come out that log
Mi TV Stick with Built in Chromecast (Black),positive,summarize what people like about Mi TV Stick with Built in Chromecast (Black): got it delivered within a day i connected using my phones hotspot and it worked flawlessly with data saver on audio quality is good google assistant is fast the remote is tiny which i liked but would have loved if it had few more hotkeys on it for youtube and play store considering theres still some space chromecast works fine when you connect your mi tv stick and phone with same wifii watched a prime movie same day and it was a good experience i personally liked this as you can ca [SEP] nice product for screen casting remember off the data saver and go to settings apps view phone media force stop and now in smartphone go to settings and choose wireless display or you can do with google home appnice product simply buy it if your tv is dabba make it smart [SEP] good way to transform your normal tv to a smart tv space could be tight to fit the stick some might need a hdmi cable extender like we did picture attached for reference works just perfectly [SEP] mindblowing item again mi proved their quality fantastic features subsidiary of android television picture and sound quality is awesome price is ok blindly buy it xtra ordinary product for non smart tv [SEP] received the product today so heres my review for itthe device is small and fits perfectly behind your tv doesnt feel cheap at all works fine the setup was fast and easy on the home screen sliding through the apps the performance is nice and smooth for optimal experience ill suggest it to use with the original charger the one that came inside the box the video quality is good and the sound is also nice and clear so the movie watching experience is great overall i dont have,got it delivered within a day i connected using my phones hotspot and it worked flawlessly with data saver on audio quality is good google assistant is fast the remote is tiny which i liked but would have loved if it had few more hotkeys on it for youtube and play store consideri
Auto Hub Microfiber Vehicle Washing ClothPack Of 4 800 GSM,negative,summarize what people dislike about Auto Hub Microfiber Vehicle Washing ClothPack Of 4 800 GSM: on the product description size mentioned as 40x 40cm but i have received the item with 40 x 30cm size i should return the item now and place a new order if i place a new order i wont get the item with lesser price or no guarantee in getting 40 x 40 cm size product waste of time and money on this average quality of the item [SEP] very bad its not 800 gsm product pls dont waste ur money,on the product description size mentioned as 40x 40cm but i have received the item with 40 x 30cm size i should return the item now and place a new order if i place a new order i wont get the item with lesser price or no guarantee in getting 40 x 40 cm size product waste of time
"PHILIPS MMS8085B/94 Convertible 80 W Bluetooth Home Theatre  (Black, 2.1 Channel)",positive,"summarize what people like about PHILIPS MMS8085B/94 Convertible 80 W Bluetooth Home Theatre  (Black, 2.1 Channel): nice product good bass perfect for home now enjoying home theater and multiple plex entertainment at home [SEP] the product is really awesome as well as its bass clear sound with clear bass love it [SEP] the sound quality is very good and it is automatically adjust with the type of song itself bass is reach providing the better sound quality while playing songs with definitely much clarity without distortion [SEP] awesome sound room shaking worth buying sound is so clear and bass is just fabulous having bass control make it great if you are a music lover just buy this mms6080b no regret if you are looking for other brands in lower price then spend some more and buy this philips [SEP] one of the best product in the marketbass is amazing and sound like punchi wich is so gooddesign and product quality is superbprice vise little bit costly i recommended all who wan buy get in flipkart sale m little bit dispoint about its remote quality is very low and they dont give battery pencil cellin this product so u can buy sepretlylast but not list who has music lovers i recommend this productand finally thanx to flipkart to deliver in rural aria before time",one of the best product in the marketbass is amazing and sound like punchi wich is so gooddesign and product quality is superbprice vise little bit costly i recommended all who wan buy get in flipkart sale m little bit dispoint about its remote quality is very low and they dont g
"kay1steel boot jabba Steel Toe Genuine Leather Safety Shoe (Black, S1, S1P)",positive,"summarize what people like about kay1steel boot jabba Steel Toe Genuine Leather Safety Shoe (Black, S1, S1P): good product but very heavyweight [SEP] excellent product thank you flipkart",excellent product thank you flipkart
LG 20 L Solo Microwave OvenMS2043DB Black,negative,summarize what people dislike about LG 20 L Solo Microwave OvenMS2043DB Black: not good product dont buy any product from flip cart 30 aug material reciver till 9 sep till no tech visit problematic product deliveredlow feature poor coustomer support by flip cart dont buy any product from flipcart [SEP] product is good but within a month iy stopped heating and lg service sucks it is almost 4 days of lodging a complaint and no one has called [SEP] product quality is good no delay to deliver the product [SEP] worst experience with flipkart non delivery of product on time failed purpose as it was to be gifted on 6th itself flipkart did nothing except deceiving [SEP] only one word blindly you can go for this product,not good product dont buy any product from flip cart 30 aug material reciver till 9 sep till no tech visit problematic product deliveredlow feature poor coustomer support by flip cart dont buy any product from flipcart
Vidisa Audio Interface AMP iRig System Guitar Effects Pedal Audio Reciver (Black),positive,summarize what people like about Vidisa Audio Interface AMP iRig System Guitar Effects Pedal Audio Reciver (Black): super work super clearity voice music [SEP] nice product and value for money [SEP] really really satisfied good sound quality thank you flipkart [SEP] good product i use this my home studio its useful product for recording on mobilethank you flipcart service and product [SEP] audio voice super but video quality is voice not,good product i use this my home studio its useful product for recording on mobilethank you flipcart service and product
DOMS Pencil Smart Kit,positive,summarize what people like about DOMS Pencil Smart Kit: super amazing i loved it a lot thank you flipkark all things are very good and i get bags also product is very good [SEP] thank you so much for this affordable smart kitmy son loved itall the colours r so smoothmy son is loving to do coloring everyday [SEP] the kit is just amazing for like newbies and kids it has two types of crayons a huge oil pastel set sketch pens chalks though i received white chalk and im not a fan of it a chalk holder pencil sets pencil colours scale eraser and a cute sharpener the kit is overall really good worth for money although a kit of water colours could have added extra value to it [SEP] this product is so nice i like this product very much thank you flipkart and fast delivery [SEP] very nice my kis was very happy she loved it very much on this lock down period ot is going to be an intertesting one to her thank you flipkart,the kit is just amazing for like newbies and kids it has two types of crayons a huge oil pastel set sketch pens chalks though i received white chalk and im not a fan of it a chalk holder pencil sets pencil colours scale eraser and a cute sharpener the kit is overall really good w
"Urban Terrain BOLT UT5000S26 Steel MTB-Disc Brakes, Free Installation & OneFitPlus App Tracking 26 T Mountain Cycle  (Single Speed, Green)",positive,"summarize what people like about Urban Terrain BOLT UT5000S26 Steel MTB-Disc Brakes, Free Installation & OneFitPlus App Tracking 26 T Mountain Cycle  (Single Speed, Green): its superb with this price got satisfied with this deal and the service by the company is awesome really happy for the cycle you can go for it [SEP] good product good customer support good time delivering expected nice fitting service bicycle is awesome to drivefitness programme is goodoveeall value for moneyi recommended this bicycle because its very comfortable to meamazing product [SEP] satisfied with the design look and sturdiness of the product purchased mud guard separately product delivered on time and installation on the third day of receiving got follow up calls which was nice friendly customer service personnel overall satisfied with urban terrain team and their product [SEP] best cycle in this price dietician pooja was suggested best diet plan explaining everything and helping me to improve my health very wellhappy by buying this product thank you urban terrainpooja and virtual trainer suraj kumar was very good and helpful [SEP] hello it has been a month now that i am using it this is a nice machine with good ergonomics design comfort light weight and value for money i am loving cycling i have taken one free service also as there was some minor issue which was resolved very quickly along with the cycle i got few months online dietician yoga exercise and other activity online sessions also i recommend this cycle to my friends and others viewers here hats off to flipkart urban terrain cultsports che",hello it has been a month now that i am using it this is a nice machine with good ergonomics design comfort light weight and value for money i am loving cycling i have taken one free service also as there was some minor issue which was resolved very quickly along with the cycle i
"Skylofts Soft Silicone Noise Reduction Ear Plugs for Sleeping, Meditation, Swimming adult and child, Reusable Earmuff for Travel Flights (Pack of 5) Ear Plug (Multicolor)",positive,"summarize what people like about Skylofts Soft Silicone Noise Reduction Ear Plugs for Sleeping, Meditation, Swimming adult and child, Reusable Earmuff for Travel Flights (Pack of 5) Ear Plug (Multicolor): good productgrip is good and it fits perfectly sure purpose will be solved by wearing it for less period of time like if it is used properly it cuts off 80 of heavy noises like mixer grinder it cuts 95 off of the unwanted small noises near by and 100 noises off from far distances the only thing i request the product maker to make it even more softer to wear it on for long period of time thank you for such a great productnotewhen you wear it first put it in your ears and push it [SEP] its takes time to get comfortable to the ear might say the first time felt somewhat irritating and didnt block out mich sound however after weeks of wearing and getting used to this product i found it very useful especially for sleeping it still does come off if youre always moving in your sleep but a solution to that can be done by applying a little water to the plugs before plugging it into the ears very useful product might say one of the best purchase ever [SEP] happy with the purchase [SEP] good quality they helped me a lot in the flight [SEP] good comfortable reduce 70 noise",good productgrip is good and it fits perfectly sure purpose will be solved by wearing it for less period of time like if it is used properly it cuts off 80 of heavy noises like mixer grinder it cuts 95 off of the unwanted small noises near by and 100 noises off from far distances
Spotzero by Milton Prime Mop With Big Wheels Bucket,negative,summarize what people dislike about Spotzero by Milton Prime Mop With Big Wheels Bucket: this review is after use of many months firstly biggest issue is mop rod rotating action it is of worst quality there is thread slipping while trying to spin and clean mop thus not able to perform basic action keeping mop dirty making product useless and troublesome to use 2 star given only for bucket plastic quality which is good mop absorption is average steel bucket average bucket handle very weak so of no use overall bad quality product dont go by brand milton do not buy it [SEP] quality is not expected as extension lock is not atiff [SEP] bucket handle problem stick glep problem 40 ok [SEP] not satisfied with the product its handle broke after using it for 1215 days [SEP] not satisfied the refils are very weak the bucket is also not strong and damaged,this review is after use of many months firstly biggest issue is mop rod rotating action it is of worst quality there is thread slipping while trying to spin and clean mop thus not able to perform basic action keeping mop dirty making product useless and troublesome to use 2 star
YONEX GR 303 F Blue Strung Badminton RacquetPack of 1 95 g,positive,summarize what people like about YONEX GR 303 F Blue Strung Badminton RacquetPack of 1 95 g: the product is very nice and the racket i bought is genuine the racket is very light and good for beginners and intermediate players the badminton rackets quality is excellent as its a yonex brand best for budget i suggest to buy it [SEP] the delivery is very good and fast the is the best i am very happy with this product this racket is suitable for beginner level and price fair enough and best in the market [SEP] product delivery is extremely fast it comes in only 3rd day and i am very happy with my product provide in good condition thanks to flipkart [SEP] looks great at first i used it by playing one hour and it was awesome experiencelight weight great threading grip is goodoverall very good product for beginners [SEP] this is my 3rd yonex racket feels good as of now just received it yesterday hope it lives upto its reputation during use also recommended for beginnerstomid level players,the product is very nice and the racket i bought is genuine the racket is very light and good for beginners and intermediate players the badminton rackets quality is excellent as its a yonex brand best for budget i suggest to buy it
furlay Engineered Wood Study TableFree Standing Finish Color Black Walnut Shelf DIYDoItYourself,positive,summarize what people like about furlay Engineered Wood Study TableFree Standing Finish Color Black Walnut Shelf DIYDoItYourself: this product is really good within this price range its sturdy and big enough for one monitor and laptop or two monitors its perfect for wfh needs u can go for it [SEP] pretty good for the price big enough for a laptop a monitor and keyboardmouse looks sturdy and does not wobble as long as fitting and height adjustable is done correctlythe top sunmyca could be better quality but again its good for the price of 2500seller provides metal bars tabletop screws and screwdriverone star less as i got one big screw less i followed up with flipkart customer care but their response was pathetic they couldnt understand my question and then they said [SEP] best table for study and work tables wood material bottom metal is made up of good quality metals gage also pretty wellregarding to installation it is easy only as we get detailed step from guide paperthe only problem i faced during installation was when im fixing bottom rack that provisioned nuts were not in exact position so we fixed it in some slight cross to itthats all my review overall my suggestion is go for this product it is worth of every penny [SEP] delivered on time as scheduledits diy product comes with screws and screw driver in the package which is great easy to fix the pieces together and get the product ready for use in this price limit it is certainly a quality product with strong metal legs and diagonal clamps for that additional strength wood on top as well is of good quality ample for regular or household use value for money one can go for it [SEP] great product must buy for those who look for study or office table i bought this for both beautiful and gorgeous table that i couldnt explain how beautifully it fits my small room yet spacious for working and studying do buy this dont go for products less than thi,great product must buy for those who look for study or office table i bought this for both beautiful and gorgeous table that i couldnt explain how beautifully it fits my small room yet spacious for working and studying do buy this dont go for products less than this for price pur
Lakshmi ez Wet Grinder??(Maroon),positive,summarize what people like about Lakshmi ez Wet Grinder??(Maroon): this is a nice product worthy of the price does not make the usual grinder noise only suitable for a very small family but since ours is a big family we have to use it to grind batter daily so if your family has more than 4 members please go for a bigger size [SEP] its a good producteasy to use [SEP] its good not bad its worth [SEP] good working value for money [SEP] really good and nice product thanks to flipkart,this is a nice product worthy of the price does not make the usual grinder noise only suitable for a very small family but since ours is a big family we have to use it to grind batter daily so if your family has more than 4 members please go for a bigger size
"Airtel Dth Settop Box Airtel TV, Airtel set up box, Airtel HD TV Remote Controller (Black)",negative,"summarize what people dislike about Airtel Dth Settop Box Airtel TV, Airtel set up box, Airtel HD TV Remote Controller (Black): ok plastic quality is not good [SEP] keys not functioning second remote purchased in 10 days very bad quality product do not buy it better call airtel customer care and order for remote [SEP] burned cell not satisfied [SEP] remote not working properly",keys not functioning second remote purchased in 10 days very bad quality product do not buy it better call airtel customer care and order for remote
Furnifry Wooden Wall Mounted TV Entertainment UnitTV StandTV CabinetSetTop Box Stand Engineered Wood TV Entertainment UnitFinish Color Grey and White DIYDoItYourself,positive,summarize what people like about Furnifry Wooden Wall Mounted TV Entertainment UnitTV StandTV CabinetSetTop Box Stand Engineered Wood TV Entertainment UnitFinish Color Grey and White DIYDoItYourself: extremely a good choice [SEP] the product is good as described the quality and finishing could have been better overall my experience is good [SEP] no installation provided had do done it by self ordered brown one and got half brown half black over all design is good quality is averagewe can say as per price [SEP] same as shown in image even the best tv unit at this price [SEP] amazing product must buy,no installation provided had do done it by self ordered brown one and got half brown half black over all design is good quality is averagewe can say as per price
Catvision CSR-401HP WIFI Media Streaming Device (Black),positive,summarize what people like about Catvision CSR-401HP WIFI Media Streaming Device (Black): best set top box superb product with make in india productwatch free dish channeluse as usb media player like photo video music euse for mobile casting cast youtube mobile pics mobile videos pvr feature for record tv program in usbinbuilt wifi hdmi port with free hdmi cable for modern led tvsupport old tv for rca cable three wire red yellow whiteuse as mobile charger via usb cablefirst iso certified set top boxthanks flipkart for fast delivery [SEP] awesome boxit supports old tv alsowe can connect it to our mobile through tubicast app and can play our gallery videos photos songs alsoalso we can play online youtube videos on itit is very compact in sizereally nice box [SEP] working well all free satellite channels are available and works quality is hd ish though not full hd as its upscaled wifi casting works lags sometimes due to app issues tubicast quality wise is gud and i dought any other better option persists so if ur looking fr free dish u should purchase [SEP] best mpegg 4hd fta set top box good work all system and best performancei using last 18 months very good performance value for moneymust buy [SEP] have a real hd like output using it with my 55 led tv where clear difference was marked in picture quality after switching from old free dish set top box to this one it is also compact and good looking,best set top box superb product with make in india productwatch free dish channeluse as usb media player like photo video music euse for mobile casting cast youtube mobile pics mobile videos pvr feature for record tv program in usbinbuilt wifi hdmi port with free hdmi cable for m
SUPRIMO mixerjuicergrinder combo 3 jar 750 watt STARJ3 750 Juicer Mixer Grinder 3 Jars Blue,positive,summarize what people like about SUPRIMO mixerjuicergrinder combo 3 jar 750 watt STARJ3 750 Juicer Mixer Grinder 3 Jars Blue: really good product so i am very happy this product because i use this mixture grinder very silence on running time machine amazing prices and good quality [SEP] nice beautifull prodauct [SEP] good product very nice thank you [SEP] its very good product and best quality go and buy for it and you wont regret [SEP] good build quality smooth parformance1 copper binding motor2 allover machine good 3jar quality average,really good product so i am very happy this product because i use this mixture grinder very silence on running time machine amazing prices and good quality
NP2598WM03 Analog Watch - For Women,positive,summarize what people like about NP2598WM03 Analog Watch - For Women: nice product a minimalist watch with small dial provides a very decent and sober lookquality wise its quite good and well finishedand thank you flipkart for super fast delivery [SEP] super fast delivery awesome quality watch with elegance thanks flipkart [SEP] nice so beautiful i gifted to my mom nd she so happy [SEP] bought this watch for my mom she is happy with the product was able to see smile on her face got comments from mummy that the watch is light weight and comfortable to wear thanks flipkart for the lightening delivery impressed [SEP] not that great as expected but good the dial is good but the chain is not that good chain looks and feels cheap and light only the dial is the best part overall its good recommended at this price but if you want a bit heavy and big dial watch then go for other sonata or casio,not that great as expected but good the dial is good but the chain is not that good chain looks and feels cheap and light only the dial is the best part overall its good recommended at this price but if you want a bit heavy and big dial watch then go for other sonata or casio
Hillgrove Electronic 3in1 Mobile Soldering Iron Equipment Tool Machine Combo Kit Set with Flux Paste and Wire 25 W SimpleFlat Tip,positive,summarize what people like about Hillgrove Electronic 3in1 Mobile Soldering Iron Equipment Tool Machine Combo Kit Set with Flux Paste and Wire 25 W SimpleFlat Tip: its a very good product [SEP] very good product i am very happy [SEP] low price good product [SEP] product is really good offers was awesomedelivered on tymdelivery services was good [SEP] amazing product worth it,product is really good offers was awesomedelivered on tymdelivery services was good
"SQUARO ONLINE STORE Unbreakable Setup Box stand/WiFi Router/DTH Telephone/Mobile Shelf/Holder Acrylic Wall Shelf (Number of Shelves - 1, White, Black)",positive,"summarize what people like about SQUARO ONLINE STORE Unbreakable Setup Box stand/WiFi Router/DTH Telephone/Mobile Shelf/Holder Acrylic Wall Shelf (Number of Shelves - 1, White, Black): value for money product best in qualityquality product looks very sturdy and stylishvery useful to keep to remote and set top box organizeddelivered intact and without any damagesprice is very reasonable and less than what is available in market [SEP] good quality item thanks to flipcart [SEP] tough materialfulfill my purposevery very happy [SEP] very nyc product but rate is very high [SEP] great fiting good quality",value for money product best in qualityquality product looks very sturdy and stylishvery useful to keep to remote and set top box organizeddelivered intact and without any damagesprice is very reasonable and less than what is available in market
"LEADER XTREME 26T REAR SUSPENSION FOR MTB RIDER 26 T Mountain Cycle  (Single Speed, Black)",positive,"summarize what people like about LEADER XTREME 26T REAR SUSPENSION FOR MTB RIDER 26 T Mountain Cycle  (Single Speed, Black): this is best cycle the cycle colour combination is awesomeframe build quality is bestshocker is bestcycle comes 90 assambled from companyother assembly is very easy at homeit comes with tools for assemblyi recommend this cycle [SEP] the cycle is awesome frame is hard looks just incrediblebest cycle under this price range [SEP] superb bicycle loved itinstallation is too easy good job flipkart [SEP] nice product thanks flipkart ekart [SEP] cycle is just amazing best quality",this is best cycle the cycle colour combination is awesomeframe build quality is bestshocker is bestcycle comes 90 assambled from companyother assembly is very easy at homeit comes with tools for assemblyi recommend this cycle
indian armar Engineered Wood Study TableFree Standing Finish Color Black Chair Included Preassembled,positive,summarize what people like about indian armar Engineered Wood Study TableFree Standing Finish Color Black Chair Included Preassembled: its really nice product available on flipkarti love this producthave one suggestion cover edges of table with proper way so that attached paper sheet does not get removed after useotherwise product is goodchair is too confertable nice [SEP] table is exactly same and amazing delivery is also fast thanks flipkart and chair is so beautiful perfect for study and take less space [SEP] not a great product but yes a useful product to spend the money it is a one stop shop offer for me because i wanted a foldable setup because of less space i suggest if you dont have any space constraint then please find something more wonderful thing thank you and i am satisfied with this serving my requirements [SEP] excellent product 1 easy to assemble2 nice build quality3 nice look4 comes with chair terrible [SEP] value for money the product is really good and the packaging and delivery was also up to mark the chair is rocking a bit but nothing that cant be fixed very happy with this budget friendly purchase,not a great product but yes a useful product to spend the money it is a one stop shop offer for me because i wanted a foldable setup because of less space i suggest if you dont have any space constraint then please find something more wonderful thing thank you and i am satisfied
"Mivi Fort S24 Soundbar with FM Mode and 2 full range drivers, Made in India 24 W Bluetooth Soundbar? ? (Black, 2.0 Channel)",negative,"summarize what people dislike about Mivi Fort S24 Soundbar with FM Mode and 2 full range drivers, Made in India 24 W Bluetooth Soundbar? ? (Black, 2.0 Channel): bad quality item there is no bass it has only voice dont buy this [SEP] as shown in description at launching and when its seen in real the build quality is good even the sound quality is good and clear but the battery backup is so bad even if we charge for 2hr then it will play on for 30 min so i dont like the battery backup [SEP] battery is worstthe product should be discarded from flipkart as it doesnt work on power supply and it only works for 10min at full volume on 100 charged regretting for buying this productnot expected this for mivi who is spending a lot on advertisement either spending a lot on advertising your product you should work on your product [SEP] guysthis is a very honest reviewplease dont buy this product because it doesnt even deliver the sound of a 5 watt speaker its very distorted at higher volume and most importantly there is no refund for this product if returned honestly guys go for boat speakers they are 100 times far better than this [SEP] worst experience from mivi sound quality its very poor and there policy are not going to return that product just bad experience from flipkart very disappointed with the service of flipkart dont buy this waste of money",battery is worstthe product should be discarded from flipkart as it doesnt work on power supply and it only works for 10min at full volume on 100 charged regretting for buying this productnot expected this for mivi who is spending a lot on advertisement either spending a lot on a
Nea 2L Rubber Hot/Warm Water Bag for Pain Relief & Massager Non Electrical 2 L Hot Water Bag (Red),positive,summarize what people like about Nea 2L Rubber Hot/Warm Water Bag for Pain Relief & Massager Non Electrical 2 L Hot Water Bag (Red): i am not satisfied with packagingotherwise the product was good but price little more so i gave 3 star thank you [SEP] good product quality is good this price range [SEP] i checked it no licked superb [SEP] its good product am happy with it they are good pain relief that help alleviate any discomfort [SEP] must buy thanks to flipkart for this osm product,i am not satisfied with packagingotherwise the product was good but price little more so i gave 3 star thank you
Otoroys Aroma Car Freshener150 ml,positive,summarize what people like about Otoroys Aroma Car Freshener150 ml: love at first sight works perfectly in sunlight with a fast response the fragrance could be improved still its fabulous rotation make it a good interior decorator for my carwill surely recommend it [SEP] this is a beautiful product and goes very well with your car loved it and worth the mony [SEP] loved the product quality is worth the price just installed it today so cant say how much of a good defuser it is but over all looks and quality of the product is pretty good fragrance is pretty decent too [SEP] its a verry verry good product in this prize it is amezing [SEP] awsmgood workinglooking beautifulmust buydelivery also best,loved the product quality is worth the price just installed it today so cant say how much of a good defuser it is but over all looks and quality of the product is pretty good fragrance is pretty decent too
"Sulfur Best Buy Ultra DJ Sound Blast Portable Best Bluetoothwith Super deep Bass Wireless Rechargeable dj Sound Bluetooth| Extra Baas Stereo sound quality |Led Colour Changing Lights | mini Home theatre| Speaker Support TF/USB/Pen Drive/AUX Slot 10 W Bluetooth Car Speaker (Black, Stereo Channel)",positive,"summarize what people like about Sulfur Best Buy Ultra DJ Sound Blast Portable Best Bluetoothwith Super deep Bass Wireless Rechargeable dj Sound Bluetooth| Extra Baas Stereo sound quality |Led Colour Changing Lights | mini Home theatre| Speaker Support TF/USB/Pen Drive/AUX Slot 10 W Bluetooth Car Speaker (Black, Stereo Channel): just amazing great sound quality and everything is just good so i ordered new boat headphone im a happy customer and i will order my new things from you [SEP] i highly recommend to buy this woos speakerportableeasy to carrythe sound is crystal cleardont expect bassbut the audio quality and connectivity is amazingit had all the connectivities and the best part is fm radioi am 100 satisfied with this speakeri can carry it to any where as it is so small and powerfuldecent designthank u flipkart and sellerbuy it blindly friends [SEP] it is good but battery backup is noot good sound and bass is good i like it so much [SEP] nice sound great piece in this price [SEP] this dj sound is very good i like it very much sound quality is so good",i highly recommend to buy this woos speakerportableeasy to carrythe sound is crystal cleardont expect bassbut the audio quality and connectivity is amazingit had all the connectivities and the best part is fm radioi am 100 satisfied with this speakeri can carry it to any where as
CGul Cloth Stand Cupboard and Almirah Carbon Steel Collapsible Wardrobe Carbon Steel Collapsible WardrobeFinish Color Maroon DIYDoItYourself,positive,summarize what people like about CGul Cloth Stand Cupboard and Almirah Carbon Steel Collapsible Wardrobe Carbon Steel Collapsible WardrobeFinish Color Maroon DIYDoItYourself: good product i am setisfy but i wish the product quality was a little better [SEP] very nice perfect product,good product i am setisfy but i wish the product quality was a little better
BOSCH SMS66GW01I Free Standing 13 Place Settings Intensive Kadhai Cleaning| No Pre-rinse Required Dishwasher,negative,summarize what people dislike about BOSCH SMS66GW01I Free Standing 13 Place Settings Intensive Kadhai Cleaning| No Pre-rinse Required Dishwasher: very bad item headache to own since last 6 months mechanic has visited my home twice to repair the machine really bad quality product didnt expect such garbage from bosch hate it buyers bewareupdatedworst possible service from bosch again stopped working and i have been contacting bosch customer service since last 3 months but no one is coming to repair it my mom is washing dishes by hand since last 3 months [SEP] inadequate performanceneed to scrub all the vessels before loading [SEP] we are senior citizens with 2 members without maid servant cleaning vessels was a problem now problem solved alternate days we use for the first time in our life we see such cleaned vessels good performance [SEP] very high price no discount average performance [SEP] product is damaged did not work on first wash itself giving error 15 which means there is a leakage inside the dishwasher,very bad item headache to own since last 6 months mechanic has visited my home twice to repair the machine really bad quality product didnt expect such garbage from bosch hate it buyers bewareupdatedworst possible service from bosch again stopped working and i have been contactin
HAVELLS Rigo without jars 0 jars 500 W Juicer White Blue,positive,summarize what people like about HAVELLS Rigo without jars 0 jars 500 W Juicer White Blue: nice juicer mixture grindersimply used and average waight best product in best price thank you havells and thank you flipkart [SEP] item is so good look is so smart and quality is to good its do work very fast its sharp blade are very strong [SEP] working fine the juicer is perfect for small family home use after juicing the cleaning process is also very easy overall product is good price considered any one may go for this [SEP] good product m happy dis product thnxx to flipcart [SEP] awesome products juicer is very very good compare to another brand heavy material body great thanks for product fast delivery experience good after use,working fine the juicer is perfect for small family home use after juicing the cleaning process is also very easy overall product is good price considered any one may go for this
Exclusive Affordable Collection of Trendy & Stylish Sport Sneakers Shoes Running Shoes For Men (Black),positive,summarize what people like about Exclusive Affordable Collection of Trendy & Stylish Sport Sneakers Shoes Running Shoes For Men (Black): thanks for you beautiful look [SEP] according to the price its a good deal [SEP] nice shoes comfortable [SEP] very very good shoes iam very happythank you for flipkart [SEP] good quality very nice,very very good shoes iam very happythank you for flipkart
"DULCET DC-F200X 220W High Power Stereo Output Universal Fit Double Din Mp3 Car Stereo with Hands-Free Calling, Bluetooth, USB Input FM Radio, AUX Input, SD Card Slot, Remote Control, 7 Color LCD Display, ID3 Tag with EQ, Bass, Treble Balance & Fader Control DC-F200X Car Stereo (Double Din)",positive,"summarize what people like about DULCET DC-F200X 220W High Power Stereo Output Universal Fit Double Din Mp3 Car Stereo with Hands-Free Calling, Bluetooth, USB Input FM Radio, AUX Input, SD Card Slot, Remote Control, 7 Color LCD Display, ID3 Tag with EQ, Bass, Treble Balance & Fader Control DC-F200X Car Stereo (Double Din): fantastic experience with this product guys it is so easy to install you just need your cars female socketwhich can be easily available in nearby market and just joint wires according to diagramand enjoy ive installed it by myself on my swift [SEP] nice product great sound quality no over heating remote built quality super fast usb loading value for money must buy only cons is buttons because buttons are normal quality it creates doc doc sound while pressing manufacturers should change to noiseless buttons great product at low price [SEP] good fixed at old i10 but not fully covered the space in old i10 the sound quality medium bess is not good remote control short distance im not satisfied for bess quality this system is better for aulto 800 and wognar swift [SEP] very very good ammazin prodak its osam totally very good sound quality gorgeous lights system [SEP] for those who are planning to buy double din go for it but dont expect sound quality like sony or pioneerbase on price features are awesome self had installed on hyundai eon era",nice product great sound quality no over heating remote built quality super fast usb loading value for money must buy only cons is buttons because buttons are normal quality it creates doc doc sound while pressing manufacturers should change to noiseless buttons great product at
Fun and Flex Solid Jungle Theme Animal Face Foil Balloons Garland Arch Kit for Birthday Party jungle Theme Party Baby Shower for Kids Decorations BalloonMulticolor Pack of 90,positive,summarize what people like about Fun and Flex Solid Jungle Theme Animal Face Foil Balloons Garland Arch Kit for Birthday Party jungle Theme Party Baby Shower for Kids Decorations BalloonMulticolor Pack of 90: good product not even single ballon also defected and animal ballons are super thanks [SEP] looks beautiful but balloon quality is bit low rest looks extremely beautiful [SEP] highly recommended product must buy it increased my baby birthday decorations [SEP] really good product worth to buy [SEP] nice productlow budget,good product not even single ballon also defected and animal ballons are super thanks
3D METRO SUPER STORE JUICERGduumy 1 Juicer1 Handle1 Jar1 Glass 0 Juicer 1 Jar Green,negative,summarize what people dislike about 3D METRO SUPER STORE JUICERGduumy 1 Juicer1 Handle1 Jar1 Glass 0 Juicer 1 Jar Green: plz dont buy this product is very poor only one tym use then not workingplz filpkart dont make fool the peoplethis product is so badi have no words this time [SEP] i buy this product after seeing reviews but quality is not good [SEP] totality west product [SEP] it is not good for pomegranate [SEP] totally money wasted cheap proudut,plz dont buy this product is very poor only one tym use then not workingplz filpkart dont make fool the peoplethis product is so badi have no words this time
BBD Special Edition Quantitative Aptitude For Competitive Examinations Fully Revised Video Edition 2022Paperback R S Aggarwal,positive,summarize what people like about BBD Special Edition Quantitative Aptitude For Competitive Examinations Fully Revised Video Edition 2022Paperback R S Aggarwal: good book for competitive exams [SEP] value for money very useful for competative exams just go for it [SEP] paper quality is good and pyq questions were given in every chapter [SEP] besi maths book for competitive exam [SEP] its to good and excellent book for preparing any exame,paper quality is good and pyq questions were given in every chapter
seva shope Polyresin Incense HolderBlack,positive,summarize what people like about seva shope Polyresin Incense HolderBlack: nice productthanks ekart [SEP] beautiful product am so happy thank you flipkrd [SEP] its very very nice at this price [SEP] excellent product and fast delivery best flipkart thankyou flipkart best happy diwali [SEP] design is very nice but size is smaller than expected and shown in the picture on the website but overall a good product,design is very nice but size is smaller than expected and shown in the picture on the website but overall a good product
LUMINOUS Eco Watt Neo 1050 Square Wave Inverter,negative,summarize what people dislike about LUMINOUS Eco Watt Neo 1050 Square Wave Inverter: noise will come more when power cut off [SEP] worst product not working good always facing problems [SEP] product is good but some damages on body,worst product not working good always facing problems
VICTORY Heavy Plastic Cricket Stumps Set (Blue),positive,summarize what people like about VICTORY Heavy Plastic Cricket Stumps Set (Blue): nice product good build quality go for it your child will be happy [SEP] brilliant product go for it blindly [SEP] very nice productplastic quality is goodworth it to purchase [SEP] looking good and quality of product is very nice [SEP] my son was very happy to this plastic wicket and it was very long thanks to flipkart,my son was very happy to this plastic wicket and it was very long thanks to flipkart
MTG 35 Years NEET Previous Year Solved Question Papers With NEET Chapterwise Topicwise Solutions NEET 2023 Preparation Books Set Of 3 Books NTA Neet 35 Years Questions Physics Chemistry BiologyPaperback MTG Editorial Board,positive,summarize what people like about MTG 35 Years NEET Previous Year Solved Question Papers With NEET Chapterwise Topicwise Solutions NEET 2023 Preparation Books Set Of 3 Books NTA Neet 35 Years Questions Physics Chemistry BiologyPaperback MTG Editorial Board: fast delivery by flipkart original product good for those who are targeting neet if code is present on your book then you got original productbook has topic wise questions from each chapter which were asked in previous neet and aipmt examination with their solution go for it and if seller is reading this comment please wrap the books in plastic first so that water cant cause damage to its pages my books came on rainy day but fortunately delivery man was wise and he took care of it [SEP] good product and price is also ampoule amount [SEP] good quality and well packaged this book was recommended to me by 2nd year mbbs student soneet aspirant must try this out [SEP] good pyq book for neet but the pages were less as there mention 1004 pages but in which got there is only 448 pages total in pcb flipkart look into this matter [SEP] good producton time delivery,fast delivery by flipkart original product good for those who are targeting neet if code is present on your book then you got original productbook has topic wise questions from each chapter which were asked in previous neet and aipmt examination with their solution go for it and
Furnifry Wooden TV Entertainment UnitWall Set Top Box Shelf StandTV Unit Bedroom Engineered Wood TV Entertainment UnitFinish Color Black and Walnut DIYDoItYourself,positive,summarize what people like about Furnifry Wooden TV Entertainment UnitWall Set Top Box Shelf StandTV Unit Bedroom Engineered Wood TV Entertainment UnitFinish Color Black and Walnut DIYDoItYourself: delivery it happened before estimated delivery date product quality it is outstanding at this cost value for moneypacking packing is just perfect other review the side shelves are really very small in size the fittings of side panel is perfect fittings of main panel is not so nice the screws for main panel is really small suggestion please improve fittings of main panel need some support in middle too thick screw required over all its an outstanding produc [SEP] delivery delivered before the estimated delivery dateproduct quality it is outstanding at this cost value for moneypacking packing was good other review the side shelves are really very small in size as i ordered grey white white panel was not looking brand new suggestion please improve size of side shelves white panel has to be rapped with cover as it is easily get polluted installation from your team will be appreciated over all its an outstandin [SEP] very good material and great packing quality all fittings is very clean and clear i install by me also thanks [SEP] great product worth to buy best simply awesome [SEP] such a wonderful tv unit just amazing thank you flipkart and furnifry furnitureplease provide installation as wellbecause we dont have the drilling machine to do it outside carpenter charge more than 1000 for 2500 product dont know why flipkart changed their policy for installation of furniture,delivery it happened before estimated delivery date product quality it is outstanding at this cost value for moneypacking packing is just perfect other review the side shelves are really very small in size the fittings of side panel is perfect fittings of main panel is not so nic
Sarvatr 20 Watt 4 Fan Blade Shape led Bulb Pendants Ceiling LampWhite,positive,summarize what people like about Sarvatr 20 Watt 4 Fan Blade Shape led Bulb Pendants Ceiling LampWhite: so nice this product thank you so much flipkart i am first time shope in flipkart i am so happy for this fan lemp tx [SEP] good and too much light [SEP] product is small in size but emitting good brightness [SEP] nice but smaller in size [SEP] mension wattnot yet performance bright,so nice this product thank you so much flipkart i am first time shope in flipkart i am so happy for this fan lemp tx
"KENT Ace 8 L RO UV UF TDS Water Purifier with Mineral ROTM Technology,In-tank UV Disinfection? ? (White)",positive,"summarize what people like about KENT Ace 8 L RO UV UF TDS Water Purifier with Mineral ROTM Technology,In-tank UV Disinfection? ? (White): great system with all necessary features the best part is the after sales service theres an app that you register to and it already has your details unlimited free services for 4 years is amazing aquaguard charges 34 thousand for 2 years for filter with same features some parts give problems sometimes but can be solved by service and there is no indicator on light its too quite to know if its on so gave 4 rating otherwise its a good purchase [SEP] product is good but they are not giving sediment filter along with the rofr sediment have paid 700 installation charges when service is free thn why ur taking money in the name of free serviceur using uv filteration name with just a light rest is fine water taste is good [SEP] nice products proper fiting clean water good service thank you for flipkart [SEP] product is very good after filtering the water taste of water become very good nd more over while drinking water you realise that water become more light which make you drink more water i got my product one day before delivery date nd more installation is done on same day hassle free product was packed properly no doubt i give 55 for flipkart nd 45 to kent as i did little extra fitting which cost me 400 rs extraoverall flipkart h [SEP] best ro but there was leakage after 2 days of installation but rectification done within 2 hours after complain ace is providing good customer service loving this product from last 2 months go for this one as water after purification is very pure and in great taste",great system with all necessary features the best part is the after sales service theres an app that you register to and it already has your details unlimited free services for 4 years is amazing aquaguard charges 34 thousand for 2 years for filter with same features some parts g
"HERO Skyper 26T 26 T Mountain/Hardtail Cycle  (Single Speed, Black)",positive,"summarize what people like about HERO Skyper 26T 26 T Mountain/Hardtail Cycle  (Single Speed, Black): excellent cycle in this price range value for money excellent build quality nice looking ideal for men satisfied [SEP] fully satisfied with the product and service thank you thank you so much flipkart and hero [SEP] look wise is so beautiful bicycle hard to assemble and difficult to understand the parts but when its ready its look awesome and qualities is too good happy with the product [SEP] superb qualityjust go for it every one i made a review just only bcoz of my happiness to the product quality and the packing of flipkart5 star for thz wonderful cycle in a average price [SEP] good deal by flipkart nice product with super fast delivery cycle was delivered with extreme care by very well behaved gentlemen however please note that this bicycle frame is only 16 inches so tall people please stay away",good deal by flipkart nice product with super fast delivery cycle was delivered with extreme care by very well behaved gentlemen however please note that this bicycle frame is only 16 inches so tall people please stay away
LUXOR All-In-One Stationery & Art Kit,positive,summarize what people like about LUXOR All-In-One Stationery & Art Kit: i really loved it thanks it will help me too much [SEP] nice my child very happy [SEP] all the items received as per the advertisement bag is good for kg school and good quality [SEP] nice product it has 3 notebooks also,all the items received as per the advertisement bag is good for kg school and good quality
Dhawani Skating Shoe have different size and with PU LED wheel In-line Skates - Size 38 - 41 UK In-line Skates - Size 6-9 UK (Blue),positive,summarize what people like about Dhawani Skating Shoe have different size and with PU LED wheel In-line Skates - Size 38 - 41 UK In-line Skates - Size 6-9 UK (Blue): fine quality working really wellfinishing is too good delivery is superb like always i gifted this skating to my niece she is happy and enjoying its ride [SEP] very sturdy and easy to balance product highly satisfied not suitable for use in hot weather as the fome inside donot support aeration [SEP] thank you for this very big billon day sales i hope in next year is sales is come this inline sketes are very good please give my sketing kit fast thankyou and i not give excelent because is four tyers are not round proprey [SEP] perfect shoe so amazing if anybody want to buy it then u can go for it very nice thanks to flipkart [SEP] good product in reasonable price i am satisfied and happy,thank you for this very big billon day sales i hope in next year is sales is come this inline sketes are very good please give my sketing kit fast thankyou and i not give excelent because is four tyers are not round proprey
HP GK320 Wired USB Gaming Keyboard? ? (Black),negative,summarize what people dislike about HP GK320 Wired USB Gaming Keyboard? ? (Black): the keyboard worked properly during the return period but problems started showing up after 9 dayskeys wont work when pressed and backspace sometimes works sometimes doesnt work and sometimes deletes 2 letters with a single presstyping with this keyboard is now a nightmare i am currently using my flimsy laptop keyboard for work instead of this keyboard that i paid forthe fact that it stopped working right after the return period ended means it is just a waste of moneydo not buy [SEP] backlight is not work [SEP] defective keyboard received check for images [SEP] some keys started registering twice for a single click some rbg lights from keys stopped working after 67 months of usage [SEP] didnt last even 6 months letter t in the keyboard stopped working or work after 5 failed attempts just after 2 months of usage waste product do not buy it,the keyboard worked properly during the return period but problems started showing up after 9 dayskeys wont work when pressed and backspace sometimes works sometimes doesnt work and sometimes deletes 2 letters with a single presstyping with this keyboard is now a nightmare i am c
"Mivi Fort S16 Soundbar with 2 full range drivers, Made in India 16 W Bluetooth Soundbar (Black, 2.0 Channel)",positive,"summarize what people like about Mivi Fort S16 Soundbar with 2 full range drivers, Made in India 16 W Bluetooth Soundbar (Black, 2.0 Channel): there is nothing bad to say about the product its totally worth the price and i think it was a steal deal built quality is very good the product looks elegant and sophisticated sound is very clean and loud battery backup is too good the product is lightweight so its easy to carry around [SEP] it is a great product by mivi and a must have if you are looking for a good soundbar at this price point superb sound quality and most impressive is its deep bass battery backup and bluetooth connectivity is too good [SEP] best speaker ever have nice surrounding sound this huge mega 16 w speaker create awesome sound both treble and bass is awesome and battery life is also pretty awesome with this price point it is worth buying it [SEP] what a beast amazing sound quality with crisp audio its such a beast in a very small size absolutely love this soundbar power backup also never disappoints goes on nonstop for 56 hours great buy from mivi [SEP] i am very satisfied with this this speaker is the best i bought till date the sound quality bass and loudness is really high and satisfying loved it and would suggest everyone to try",there is nothing bad to say about the product its totally worth the price and i think it was a steal deal built quality is very good the product looks elegant and sophisticated sound is very clean and loud battery backup is too good the product is lightweight so its easy to carry
Flipkart Perfect Homes Dalton Engineered Wood Study TableFree Standing Finish Color Dark Wenge Knock Down,positive,summarize what people like about Flipkart Perfect Homes Dalton Engineered Wood Study TableFree Standing Finish Color Dark Wenge Knock Down: very good study table also useful for work from home purpose size is perfect table is quite sturdy and well built got this 46k which is a must buy at this price installation was also done well go for it [SEP] very nice table i love it though its selfs are small but fine i like it [SEP] average product i would request the fabrication company to include some small changes which will make it really good product1 have rounded edge on the board where we work as current edges are very sharp and gives bruises to hands2 improve the quality of handles of both closable doors its just 2 days and it came off 3 provide an extra magnet for central closet [SEP] its very nice to see the person who has come is very nice person as usal flipkart has delivered very early the service is very nice product is good and nice looking thank u [SEP] nice study table worth fr the moneymy son liked it very muchlooking good occupying less space fast delivery happy with the installationthanks to flipkart,average product i would request the fabrication company to include some small changes which will make it really good product1 have rounded edge on the board where we work as current edges are very sharp and gives bruises to hands2 improve the quality of handles of both closable d
SUMITRA ENTERPRISES Soft Plush Cushion Baby Sofa Seat or Rocking Chair for Kids Fabric SofaFinish Color Red Preassembled,positive,summarize what people like about SUMITRA ENTERPRISES Soft Plush Cushion Baby Sofa Seat or Rocking Chair for Kids Fabric SofaFinish Color Red Preassembled: we dont get ribbin in the neck but the product is awesome and nice [SEP] too small for 3 year kids but quality is good [SEP] suitable for 5yr child [SEP] quality is good but size small [SEP] my baby loved this enjoying with sofa,we dont get ribbin in the neck but the product is awesome and nice
"AdroitZ SUPERIOR QUALITY ANTI CUT SAFETY HAND GLOVE-13 Nylon, Synthetic, Latex Safety Gloves (8)",negative,"summarize what people dislike about AdroitZ SUPERIOR QUALITY ANTI CUT SAFETY HAND GLOVE-13 Nylon, Synthetic, Latex Safety Gloves (8): poor quality acording to price [SEP] after one week of use its getting tears useless [SEP] dont waste ur money purchase out side not a good quality plastic smell also coming [SEP] this product i like itbut ill use this product regular then the hand gloves condition is very bad please dont waste your money [SEP] poor quality as mentioned by the seller its neither cut proof nor water proof not safe to use in kitchen",this product i like itbut ill use this product regular then the hand gloves condition is very bad please dont waste your money
PRAGATI TRENDS Lab Coat (Poly Cotton),negative,summarize what people dislike about PRAGATI TRENDS Lab Coat (Poly Cotton): i heat this product waste my money [SEP] so long not as show and very poor cloth disapoint me flip kart [SEP] quality is not good but nice [SEP] product is not good clothes are poor quality [SEP] dont like the size and fitting,so long not as show and very poor cloth disapoint me flip kart
"ANTIOUE MART Wooden Set Top Box Stand Wall Mounted TV Cabinets Wall Selves Holds Speaker, Cable Boxes, Streaming Device, Game Console, Remote Wooden Wall Shelf (Number of Shelves - 3, Brown)",negative,"summarize what people dislike about ANTIOUE MART Wooden Set Top Box Stand Wall Mounted TV Cabinets Wall Selves Holds Speaker, Cable Boxes, Streaming Device, Game Console, Remote Wooden Wall Shelf (Number of Shelves - 3, Brown): showing image of big but the standard very small [SEP] i was not get scroos qnd its not perfect [SEP] i wanted to give below 1 start but unfortunately there is no option it shows bigger then tv but its very tiny and received with out nails very bad product",i wanted to give below 1 start but unfortunately there is no option it shows bigger then tv but its very tiny and received with out nails very bad product
"Flipkart SmartBuy 10W Fast Charger , Compatible with Vivo,Oppo,Gionee,Xiomi,Redmi,realme,infinix,POCO,iphone,Samsung,Mi devices (MicroUSB - Cable Included)??(Black, Cable Included)",positive,"summarize what people like about Flipkart SmartBuy 10W Fast Charger , Compatible with Vivo,Oppo,Gionee,Xiomi,Redmi,realme,infinix,POCO,iphone,Samsung,Mi devices (MicroUSB - Cable Included)??(Black, Cable Included): this is my 3rd charger by smart buy very good charger and balanced stable [SEP] quality of charger is good and charging time take to full more than 2hours and charger cable quality is excellent fast delivery thx flipkart and support fast charging but my mobile is not fast charging mobile [SEP] very very quick delivery exellent personal product of flipkart my request please use at least 1 time you should love it as usual very safe nice packaging thank you flipkart 1 very good ampier voltage 2 you can charged up your mobile bluetooth speaker i use it 3 good quality wire [SEP] this was nice i recommended it for if you have 5000 mah battrey power backup smart phone by the way it was good after testing its speed of charging in this price range it is nice for ordinary phones but i dont recommended it for i phones [SEP] very good charger i have charge my mobile on 15 percentage only half hour my y mobile battery is 70 percent",very very quick delivery exellent personal product of flipkart my request please use at least 1 time you should love it as usual very safe nice packaging thank you flipkart 1 very good ampier voltage 2 you can charged up your mobile bluetooth speaker i use it 3 good quality wire
"Lenovo IdeaPad Gaming Core i5 11th Gen - (8 GB/512 GB SSD/Windows 11 Home/4 GB Graphics/NVIDIA GeForce GTX 1650) 82K101B6IN|82K101FTIN Gaming Laptop? ? (15.6 Inch, Shadow Black, 2.25 kg)",negative,"summarize what people dislike about Lenovo IdeaPad Gaming Core i5 11th Gen - (8 GB/512 GB SSD/Windows 11 Home/4 GB Graphics/NVIDIA GeForce GTX 1650) 82K101B6IN|82K101FTIN Gaming Laptop? ? (15.6 Inch, Shadow Black, 2.25 kg): everything was good but the sound bit lower [SEP] value for money 44k battery backup very poor performance only 1 2 hours only purchasing date 5102022 [SEP] everyone saying that its worth of money but battery problem but in my point of view its electronic device no one can guarantee 100 lets see [SEP] the speaker quality is very bad sound is lower than a mobile phone speaker [SEP] build quality is very poor and low quality plastic is usedtrack pad is average and difficult to handle need to use a separate mouse insteadbattery drains very fast so without power plugin not recommended to useheating too much in small tasks also plastic build may get damaged because of this heatnot useful for every day",build quality is very poor and low quality plastic is usedtrack pad is average and difficult to handle need to use a separate mouse insteadbattery drains very fast so without power plugin not recommended to useheating too much in small tasks also plastic build may get damaged bec
cello Pack of 18 Opalware Cello Dazzle Tropical Lagoon Opalware Dinner Set 18 Pieces Dinner SetWhite Microwave Safe,positive,summarize what people like about cello Pack of 18 Opalware Cello Dazzle Tropical Lagoon Opalware Dinner Set 18 Pieces Dinner SetWhite Microwave Safe: very good and attractive delicate one can go for it rich look [SEP] just amazing dinner set the quality of the product is excellent proper packing everything is okay i love it thank you flipcart [SEP] lovely dinner set all r in good condition the packaging is very good the quality of the set is also very nice i liked the product very much [SEP] 1 good product in cheapest price2 but not that much good quality3 cello company is cello as a brand made its inception through its founder shri ghisulal rathod in 1974 cello started its journey making thermoware for indian kitchens from a small factory at mumbai in 1986 today under the able stewardship of shri g d rathod along with his sons shri pradeep rathod and shri pankaj rathodhave successfully taken the group into its next generation further with his grandson shrigaur [SEP] its too good received in good condition packaging was very nice im so happy i really liked it i was searching for 18 pieces opalware dinner set and when i got this on flipkart i placed order thinking that whether my product would reach to me in good condition im so thankful to flipkart that i got the product in physically good condition packaging was very nice all of my family members liked it very much,1 good product in cheapest price2 but not that much good quality3 cello company is cello as a brand made its inception through its founder shri ghisulal rathod in 1974 cello started its journey making thermoware for indian kitchens from a small factory at mumbai in 1986 today und
aybor calling smartwatch with bluetooth SmartwatchBlack Strap FREE SIZE,negative,summarize what people dislike about aybor calling smartwatch with bluetooth SmartwatchBlack Strap FREE SIZE: it is a bad product please dont take it [SEP] very bad plz dont buy this [SEP] low sound and not good very bad item dont choose [SEP] this is waste product dont buy [SEP] best product but speaker is not good,low sound and not good very bad item dont choose
JXL 3way 6 inch Car Speaker 1690 Coaxial Car Speaker (600 W),positive,summarize what people like about JXL 3way 6 inch Car Speaker 1690 Coaxial Car Speaker (600 W): in this budget these speakers are simply amazing i git then today and connected in my car but i have a old singke din pioneer player which does not have bluetooth im using an adapter on that player it sounds amazing good bass good mids and highs i know they will sound better when i upgrade the player dont listen to the bad reviews as i really dont know how they have connected the speaker or which player they using but just blindly go for them they are amazing and i can compare them with [SEP] this product hi is best clear voice best woofer best twitter worth of money [SEP] in this budget this is absolutely good speakers to buy sound quality is really good just installed this speakers in my alto lxi 2012 model must buy [SEP] very nice voice quality jxl 1690 speakers [SEP] good sound i love it thanks flipkart,in this budget these speakers are simply amazing i git then today and connected in my car but i have a old singke din pioneer player which does not have bluetooth im using an adapter on that player it sounds amazing good bass good mids and highs i know they will sound better when
Baby Boys Baby Girls Casual Tshirt PantBlack,positive,summarize what people like about Baby Boys Baby Girls Casual Tshirt PantBlack: nice dress very suitable our 5 months babymy baby was so cuteeeee tnq flickar [SEP] very nice dress and superbsame pictureiam very happy fast delevery iam satisfiedthanks flipkart [SEP] amzing cloths and colourlove it this product [SEP] excellent product must purchase [SEP] it is so nice clothe so pretty,very nice dress and superbsame pictureiam very happy fast delevery iam satisfiedthanks flipkart
Copper String LED light 10 MTR 100 LED USB Operated Decorative Lights 100 LEDs 10 m Yellow Rice LightsPack of 1,positive,summarize what people like about Copper String LED light 10 MTR 100 LED USB Operated Decorative Lights 100 LEDs 10 m Yellow Rice LightsPack of 1: thanks flipkart and seller iam very very happy to this item perchesed nice led lights once again thank flipkart [SEP] really awesome product works on powerbank for a very long time you gonna love it and it is made in india [SEP] the product is good so far the wires are of flexible copper and can be lit using any power bank or charger recommended as of now will update after few months of usage [SEP] flipkart thank you so much my room looks so pretty lights are good quality and the length is big enough brightness is good and the delivery guy is amazing i recieved my order two days early compares to promised date delivery guy is a super man best product in reasonable price [SEP] it looks quite good and is about 10 mtr long i would recommend this item to everyone who likes to decorate their space,flipkart thank you so much my room looks so pretty lights are good quality and the length is big enough brightness is good and the delivery guy is amazing i recieved my order two days early compares to promised date delivery guy is a super man best product in reasonable price
"ULTRA Perfect 2.0 L Wet Grinder??(Purple, White)",negative,"summarize what people dislike about ULTRA Perfect 2.0 L Wet Grinder??(Purple, White): on day 1 this product is overheating [SEP] minor mistake time not work correcly custmarecare no respond do not buy this item [SEP] it is taking too much time to grind i strongly recommend dont go for it dont buy this product never buy this product [SEP] very very very slow performance iam not satisfied [SEP] disappointed from this product",it is taking too much time to grind i strongly recommend dont go for it dont buy this product never buy this product
Men Brown Sandal,positive,summarize what people like about Men Brown Sandal: very good productmust buy [SEP] good shoes this price range7 star [SEP] realy fantastic product value for money excellent [SEP] nice awesome fitting so good [SEP] good quality with best price,realy fantastic product value for money excellent
Airtel Airtel Universal Setup box Remote Digital Setup box Universal Remote Airtel Remote Controller (Black),negative,summarize what people dislike about Airtel Airtel Universal Setup box Remote Digital Setup box Universal Remote Airtel Remote Controller (Black): remote stopped working after 10 days use [SEP] not working properlyvery bad [SEP] very bad remot no best money [SEP] its just west of money very very bad product [SEP] not working properly please replace,its just west of money very very bad product
"Atomberg Renesa 1200 mm BLDC Motor with Remote 3 Blade Ceiling Fan (Ivory & Black, Pack of 1)",negative,"summarize what people dislike about Atomberg Renesa 1200 mm BLDC Motor with Remote 3 Blade Ceiling Fan (Ivory & Black, Pack of 1): after 2 months of use good product after replacement this product is genuine but at first seller delivered me defected product thats very sad for me this should not be right you should sent customer genuine product at the first time [SEP] dont order any device from flipkart which needs installation use less team working in flipkartyou will be regret for all electrical and electronics devices if you order from flipkart no one is responding after making so many calls [SEP] defective bearing making a lot of noise flipkart was unable to provide a replacement as they lost the replacement item on the way just as expected from flipkartnow i have to use the noise fan as flipkart is unable to provide any other replacement [SEP] dont buy this atomberg renesa fan the design concept is a failure being a expert myself who has 10 years of process engineering in motor manufacturing i can say this dc motor has worst rotor design the permanent magnets are just pasted with glue and they do not have any self locking mechanism and this leads to the magnet pop up during fan operation i bought three fans and all of these 3 fans noise issue due to magnet pop up and i have repeated issues too this fan is a garbage please do [SEP] fan appearance is not good",dont buy this atomberg renesa fan the design concept is a failure being a expert myself who has 10 years of process engineering in motor manufacturing i can say this dc motor has worst rotor design the permanent magnets are just pasted with glue and they do not have any self lock
Small 5 L Backpack Stylish Cute Mini 3PCS Combo Set Backpack For Girls (Pink) (Pink),negative,summarize what people dislike about Small 5 L Backpack Stylish Cute Mini 3PCS Combo Set Backpack For Girls (Pink) (Pink): the bag is terribly small and not as seen in the photo quality is good also the purse is very small [SEP] its very very bad quality dont waste money for this product [SEP] dont buy this very bad quality of this product durability and quality is very bad my opinion for other person is dont buy this product,dont buy this very bad quality of this product durability and quality is very bad my opinion for other person is dont buy this product
"Shopfloor.XYZ 3.5mm Clip Microphone For Youtube, Collar Mike For Voice Recording, Lapel Mic Mobile, Pc, Laptop, Android Smartphones, Dslr Camera Clip On Mini Lapel Lavalier Microphone (Black)",positive,"summarize what people like about Shopfloor.XYZ 3.5mm Clip Microphone For Youtube, Collar Mike For Voice Recording, Lapel Mic Mobile, Pc, Laptop, Android Smartphones, Dslr Camera Clip On Mini Lapel Lavalier Microphone (Black): this is awesome productsvoice recording quality is good if you want to record your voice i will give it 4 star because this is good as my expectations thnx flipcart [SEP] thanks flipkart it really works and is very effective sound and good quality i like so much [SEP] good for beginners it records sound well good for recording audio and video as well in terms of price its worth it [SEP] graet mic it solved my problems [SEP] a very good and excellent mic to does work so well and just reduces all the background noises",this is awesome productsvoice recording quality is good if you want to record your voice i will give it 4 star because this is good as my expectations thnx flipcart
PAPILON EMULSION PACK OF 6 BOTTLES 20ML EACH Mixed Fruit Liquid Food Essence  (120 ml),negative,summarize what people dislike about PAPILON EMULSION PACK OF 6 BOTTLES 20ML EACH Mixed Fruit Liquid Food Essence  (120 ml): dont buy the taste is really bad it ruined my cake [SEP] this is colour bad smell [SEP] its pathetic please dont buy [SEP] taste is very bad like medicine,dont buy the taste is really bad it ruined my cake
"MSI Core i5 11th Gen - (8 GB/512 GB SSD/Windows 10 Home/4 GB Graphics/NVIDIA GeForce RTX 3050/144 Hz) GF63 Thin 11UC-867IN Gaming Laptop? ? (15.6 Inch, Black, 1.86 Kg)",negative,"summarize what people dislike about MSI Core i5 11th Gen - (8 GB/512 GB SSD/Windows 10 Home/4 GB Graphics/NVIDIA GeForce RTX 3050/144 Hz) GF63 Thin 11UC-867IN Gaming Laptop? ? (15.6 Inch, Black, 1.86 Kg): the laptop is great and can provide a maximum of 144 fps even with a 3050 rtx because of other limitations the web cam is not that good but so if you need to attend calls with this then probably not the best choice for gaming purposes although its good but it often heats upto 5570 during gaming [SEP] laptop is automatically shutdowns even battery is 40 i will not recommend it they need to work a lot and lot of heating issues by the way i am writing this after 4 months of use same problem occurring to from day 1 it is not worth of this price there are good options asus in market [SEP] please dont buy this particular version worst design and worst battery backupif u try to switch on the system by pressing power on button it wont open only keyboard light will glow and fan will rotate and then full black screenthen u have to press and hold the power on button for few second once it turn off then u have to press the power on button later after sometime it will openthese are the problem actually its my replacement laptop first i got defective one it wont poweron its [SEP] battery backup is not good nd flipkart is taking so much of time to refund it and touchpad is also not working [SEP] purchased this for 585k i couldnt have made a better choice although battery discharges first but thats common with every gaming laptop moreover not doing heavy tasks and using it on low settings can give a battery life of 67 hours",please dont buy this particular version worst design and worst battery backupif u try to switch on the system by pressing power on button it wont open only keyboard light will glow and fan will rotate and then full black screenthen u have to press and hold the power on button for
Pack of 2 Men Solid Black Grey Track Pants,positive,summarize what people like about Pack of 2 Men Solid Black Grey Track Pants: its comfortable specially in winter [SEP] best in marketi loved it metirial was too good and fitness also good u r size about 3032 then m size is the best totally paisa vasool [SEP] nice fabric with good fitting i like it [SEP] comfort and good quality [SEP] best quality paise vasul,best in marketi loved it metirial was too good and fitness also good u r size about 3032 then m size is the best totally paisa vasool
"MOTOROLA AmphisoundX Dolby with HDMI Arc 120 W Bluetooth Soundbar? ? (Metallic Grey, 2.1 Channel)",negative,"summarize what people dislike about MOTOROLA AmphisoundX Dolby with HDMI Arc 120 W Bluetooth Soundbar? ? (Metallic Grey, 2.1 Channel): just ok1st time disappointed with motorola producthdmi arc is not working using motorola tvalso suddenly sound becomes very noisy need to switch off and on the sound bar [SEP] okay its normalnot excited muchmissing sounds 10 to 20 seconds frequently during the movienot satisfied",just ok1st time disappointed with motorola producthdmi arc is not working using motorola tvalso suddenly sound becomes very noisy need to switch off and on the sound bar
ERAWUD Engineered Wood TV Entertainment UnitFinish Color Black DIYDoItYourself,positive,summarize what people like about ERAWUD Engineered Wood TV Entertainment UnitFinish Color Black DIYDoItYourself: first of all thank you flipkart for the best services overall happy with the product after installation look is much better worth it you can buy this product if you dont want to spend a lot money for some furniture work [SEP] i have given 4 rating on this because it is very good and there is everything inside it dor fitting it and measurement is also accurate but the holes given for the screw are curved [SEP] beautiful product fit in budget [SEP] best quality and look in this price segment [SEP] very lucrative installation was very easy ive done it myself,first of all thank you flipkart for the best services overall happy with the product after installation look is much better worth it you can buy this product if you dont want to spend a lot money for some furniture work
DOJI 6 watt colorWarmWhitespot lightfocus lightwall light Track Lights Ceiling LampMulticolor,positive,summarize what people like about DOJI 6 watt colorWarmWhitespot lightfocus lightwall light Track Lights Ceiling LampMulticolor: premium build quality which feels heavy and premium in hands with proper finishing and comes easy to fit attatchments light is flexible and it can rotate in any direction as well covers good area and very bright [SEP] i got amazing spot light warmwhite color look amazing in my dressing room we set focus of light according to need really just love it [SEP] well this spot light works well and this makes my room look more good the price is good as compare to other brands so basically its value for money product u can go for it [SEP] i liked it very much the light of its light is different and its light is also very good and good and it looks great too [SEP] great quality product very nice build quality and a bright warm light this product fulfills all the expectations from it you can go fo it without any doubt,premium build quality which feels heavy and premium in hands with proper finishing and comes easy to fit attatchments light is flexible and it can rotate in any direction as well covers good area and very bright
Riyahandlooms Cotton Floor MatBlue Large Pack of 2,positive,summarize what people like about Riyahandlooms Cotton Floor MatBlue Large Pack of 2: product is good but size is small [SEP] at ds price good quality [SEP] great product looking so good [SEP] material not goodmoney waste [SEP] fast delivery quality is good and packaging,fast delivery quality is good and packaging
SUSI by SUSI Jewelery OrganizersWhite Black Plastic,positive,summarize what people like about SUSI by SUSI Jewelery OrganizersWhite Black Plastic: i am really happy to buy this productvery satisfiedmy wife is so happy for this gift [SEP] helpful for me very happy [SEP] very cute and organized [SEP] nice thnk you filp cart,i am really happy to buy this productvery satisfiedmy wife is so happy for this gift
Demya king of steel Plywood And Metal Study Playing Table Chair Set For KidsRed Metal Desk ChairFinish Color Red DIYDoItYourself,negative,summarize what people dislike about Demya king of steel Plywood And Metal Study Playing Table Chair Set For KidsRed Metal Desk ChairFinish Color Red DIYDoItYourself: very poor finishing screws are poking out from the chair when the child is sitting very poor design too [SEP] the desk fitting is not correct the slope of desk is on wrong side dificult to write [SEP] worst product too small low quality [SEP] very bad quality also chair and table too small please dont buy worth less completely [SEP] the product was very bad and it is not suitable for children at 5years old and refund also not done for me while my order is cancelled dont this type of products wast of money,the product was very bad and it is not suitable for children at 5years old and refund also not done for me while my order is cancelled dont this type of products wast of money
DALUCI Shelf OrganizersWhite Plastic,positive,summarize what people like about DALUCI Shelf OrganizersWhite Plastic: nice product in low price range [SEP] nice quality wise awesome [SEP] good quality very useful thing i like very much [SEP] use full productwell organised product for medicine [SEP] too much nice nd good quality too much cheap according this quality,too much nice nd good quality too much cheap according this quality
"Top Thermal For Baby Boys & Baby Girls (Black, Pack of 2)",positive,"summarize what people like about Top Thermal For Baby Boys & Baby Girls (Black, Pack of 2): nice product this babys inner wears material is good [SEP] very good quality but only top is there need lower also [SEP] product was good but pajama be sath me hone ta",very good quality but only top is there need lower also
"Candes Florence 1200 mm Energy Saving 3 Blade Ceiling Fan (Silver Blue, Pack of 2)",negative,"summarize what people dislike about Candes Florence 1200 mm Energy Saving 3 Blade Ceiling Fan (Silver Blue, Pack of 2): fully noise not anti dust fan waste of moneyand asking for 5 star rating otherwise they wont provide warrenty [SEP] not up to the mark candes call to u and say if u give 5 star the warrant extended [SEP] waste of money actually very low air delivery and it was said in description that it is anti dust but it attracted the dust the very next day not at all good u can see only 10 in the picture [SEP] only design look classiyother the use of fan is worst no air proper and continue voice coming outand services is to bad from last 1month i m complaining continue but still waiting dont buy this candes fan [SEP] screws are very tight manufacturing defect",only design look classiyother the use of fan is worst no air proper and continue voice coming outand services is to bad from last 1month i m complaining continue but still waiting dont buy this candes fan
Google Chromecast 3 Media Streaming Device (Black),negative,summarize what people dislike about Google Chromecast 3 Media Streaming Device (Black): product is useful to watch only tv but not good for computer screens because it mirrors audio and video together its clarity is poor compare to hdmi direct connectioncablesadditionally without wifi it wont work and google will track you wherever you connect [SEP] i am not sure if the device i received is defective but the video streaming quality is extremely bad its streaming at 144p when i have 75 mbps internet connection on the other hand my smart tv streams at 1080p without any buffering the reason i purchased this is just because my smart tv doesnt support few apps will try to reset the device and if it doesnt work will try for replacement [SEP] the charger cable is defective secondly separate wifi network required does not work with mobile hotspot network also connecting and playing is very hassle task i bought this item for my led monitor which dont have in built speakers and in chromecast there is no option of playing audio separately on home theater speaker this device is of no use to me and flipkart does not have option to return the product if not satisfied from the performanceunlike amazon i want to return this pr [SEP] terrific i know most people go for amazons fire stick but i much prefer this device for starters the nba app isnt available on the fire stick which is a deal breaker for me and as far as i can tell neither is the google podcasts app i also prefer searching for things on my phone and casting it to the screen to fiddling with another remote the only disadvantage is no prime video which i currently play off the app on my ps4 but its coming to the chromecast soon i have run into issu [SEP] not much use full it will consume 4 gb data daily so fast net connectivity should be available then only it will work cost of this item is very high,the charger cable is defective secondly separate wifi network required does not work with mobile hotspot network also connecting and playing is very hassle task i bought this item for my led monitor which dont have in built speakers and in chromecast there is no option of playing
Butterfly Rapid Kettle 1.5 Litre + Eco 750 Ml Water Bottle,negative,summarize what people dislike about Butterfly Rapid Kettle 1.5 Litre + Eco 750 Ml Water Bottle: very very veryyy bad product first time flipkart disappoints me very much i had bought it on 110121 but today this is 210121 it is not working at all hate this suggest you all dont buy it [SEP] product quality is poor compare to pigeon kettleits power cord is waste and worthless its like child toyi use pigeon kettle its double strong and goodkindly purchase pigeon its 645 only [SEP] getting plastic smell while drinking the water [SEP] now a days in flipkart every product is made for flipkart quality is not up to the mark money making is the only motto [SEP] not bad but bottle not so good,very very veryyy bad product first time flipkart disappoints me very much i had bought it on 110121 but today this is 210121 it is not working at all hate this suggest you all dont buy it
Qiisx Motorcycle Detachable Mask Goggle Outdoor Bicycles Dirtbike Goggles Windproof Moto Open Face Helmet Cross Masks Glasses Bike Off-Road Racing Glasses Motorcycle Riding Goggles Off Road Riding Color Eye wear Glasses Full Face Mask Goggles Bike Off-Road Racing Glasses Blowtorch Safety Goggle Blowtorch Safety Goggle (Free-size),positive,summarize what people like about Qiisx Motorcycle Detachable Mask Goggle Outdoor Bicycles Dirtbike Goggles Windproof Moto Open Face Helmet Cross Masks Glasses Bike Off-Road Racing Glasses Motorcycle Riding Goggles Off Road Riding Color Eye wear Glasses Full Face Mask Goggles Bike Off-Road Racing Glasses Blowtorch Safety Goggle Blowtorch Safety Goggle (Free-size): good out lookinggood visibility in sunlightaverage quality u can try this 1time for your helmet [SEP] great mask for cycleing [SEP] it was really good going [SEP] i think for function it is very good it is attractive and [SEP] comfortable and tinted glasses as wanted overall a great product suggested,good out lookinggood visibility in sunlightaverage quality u can try this 1time for your helmet
"Infinix 10W Quick Charger combo for Infinx devices (MicroUSB - Cable Included)??(White, Cable Included)",positive,"summarize what people like about Infinix 10W Quick Charger combo for Infinx devices (MicroUSB - Cable Included)??(White, Cable Included): nice quality and charger is good so perfect combo and delivery boy is good thanks flipkarti will talk to all you purchase charger only flipkart [SEP] better than the original charger only 2 hour 13 minutes full charge best result in infinix smart 4 plus [SEP] best product in this range but the main point is made by infinix which add more reliable product and delivery boy is very good and gentle [SEP] thanks flipkart for delivering original charger at reasonable price product is very good perfect for infinix hot 8 [SEP] very nice this is a special productthanks for infinix",nice quality and charger is good so perfect combo and delivery boy is good thanks flipkarti will talk to all you purchase charger only flipkart
"ULTRA Perfect 2.0 L Wet Grinder??(Purple, White)",positive,"summarize what people like about ULTRA Perfect 2.0 L Wet Grinder??(Purple, White): nice product good qualityprice is bit high compared to others but it have good build quality expected some accessories rather than very best grinder [SEP] thanks to flipkart for expected deliveryultra perfect plus was awesome and gives perfect grinding for batter within 40minutes 200gms [SEP] super grinder i liked it very much [SEP] very nice good product the dough is ready in 15 minutes [SEP] as expected worthfull and making easy way",nice product good qualityprice is bit high compared to others but it have good build quality expected some accessories rather than very best grinder
LUMINOUS Power Sine 800 Pure Sine Wave Inverter,negative,summarize what people dislike about LUMINOUS Power Sine 800 Pure Sine Wave Inverter: the original product was defective and a replacement was sent however the replacement wouldnt even power on had to send it back too total waste of time energy and moneyam utterly disappointed and dissatisfied [SEP] this is repair product very bad not happy this product fake product very poor [SEP] wasteof money not working it but packing is seal in under is used deaded products will sending waste of money dont buy this [SEP] very bad product its secondhand inverter come with thirdparty box orginal luminous inverter came with colourful brand box and theres is a photo of sachin tendulkar sir very bad seller dont buy [SEP] the product was not working now,the original product was defective and a replacement was sent however the replacement wouldnt even power on had to send it back too total waste of time energy and moneyam utterly disappointed and dissatisfied
ROYAL TREND Fabric SofaFinish Color Pink Preassembled,positive,summarize what people like about ROYAL TREND Fabric SofaFinish Color Pink Preassembled: its perfect for 1 or 2 years baby not for 3 for 4 i ordered for maah 1 year sister and its too good for sitting and also comfortable its a plastic cotton sofa i get this as well as seen in the picture im very happy with this so just go and buy it tq flipkart [SEP] its very nice and comfortable sofa and soft chair thanks for such a nice product [SEP] kid sofa is very good and same as shown in pic [SEP] very good product in budget segment [SEP] gud quality must purchase this product,its perfect for 1 or 2 years baby not for 3 for 4 i ordered for maah 1 year sister and its too good for sitting and also comfortable its a plastic cotton sofa i get this as well as seen in the picture im very happy with this so just go and buy it tq flipkart
Jaspo Adjustable Roller Skates Suitable for Age Group 6 to 14 Years Quad Roller Skates - Size 6 UK (Red),negative,summarize what people dislike about Jaspo Adjustable Roller Skates Suitable for Age Group 6 to 14 Years Quad Roller Skates - Size 6 UK (Red): it is a very vvvvv bad proudct of my life the waste of money [SEP] screws are getting loose in a second and very bad,it is a very vvvvv bad proudct of my life the waste of money
"vesco Kiddo 14"" Cycle for Kids Bicycles age 3 to 5 Year Boys & Girls 14 T BMX Cycle  (Single Speed, Blue)",positive,"summarize what people like about vesco Kiddo 14"" Cycle for Kids Bicycles age 3 to 5 Year Boys & Girls 14 T BMX Cycle  (Single Speed, Blue): good design and all parts is best [SEP] superb design and quality i recommend this product value for money [SEP] my daughter is very happy with new cycle thx a lots [SEP] nice product very good [SEP] all over good product",superb design and quality i recommend this product value for money
"Men 9325 Latest Collection Stylish Sports Sneakers Running Shoes Running Shoes For Men (Red, Black)",positive,"summarize what people like about Men 9325 Latest Collection Stylish Sports Sneakers Running Shoes Running Shoes For Men (Red, Black): good amazing nice 10 no shoes pretty [SEP] good flip cart pattner [SEP] excellent job and good product [SEP] nice looking just weight material [SEP] its very comfortable foot wear",good amazing nice 10 no shoes pretty
"USHA FP 3811_ 1000 W Food Processor (Black, Silver)",positive,"summarize what people like about USHA FP 3811_ 1000 W Food Processor (Black, Silver): after research of 3 months on best food processor of 1000w and considering features with quality we finally decided to buy usha fp 3811 and undoubtedly its a best one among all food processor available in india quality is superb blades are too sharp inbuilt storage space for blades juicer is wonderful chopper is unbelievable grinder works in secondsusing this from 1 months and as of now we are more than satisfiedthe only missing point is that it does have french fries cutter [SEP] worth of money using from last one month awesome product usha juicer grinder and machine power is very good chopped in a second good device [SEP] excellent quality after about 2 months of use can say that the motor quality is top notch and you can actually feel the power of 1000w while running it the tough job of kneading a dough is easily handled by the processor the drawer beneath the main unit is an excellent place to keep the blades the only drawback is the high noise [SEP] wow just loved everything about the product it exceeds my expectations the appliance wont work if the locks are not set properly so make sure to do that we struggled a bit initially but the jars always make a click sound once they are fit properly kneading takes like just 2 seconds and the juicer is the best part of this processor any other option i checked did not have the centrifugal juicer which is extremely useful go ahead and dont think twice you will love this product thanks [SEP] good overall quality grinder grinds well mixer is good too juicer needs lot of improvements as it doesnt extract juice well i ve to still use the old sujata juicer again",wow just loved everything about the product it exceeds my expectations the appliance wont work if the locks are not set properly so make sure to do that we struggled a bit initially but the jars always make a click sound once they are fit properly kneading takes like just 2 secon
LUMINOUS ZELIO 110012V Ecomm Pure Sine Wave Inverter,positive,summarize what people like about LUMINOUS ZELIO 110012V Ecomm Pure Sine Wave Inverter: changing my rating from 4 stars to 5 stars after 11 months of usagesfirst of all thank you flipkart for amazing service even in my small village which is far away from major citiesinverter is working good with amaron 200ah battery from 2 early days i will update my comments with future usage [SEP] i am using this inverter since one year awesome performance three mode of battery selection eg flat tubular any luminous battery is best price difference between flat and tubular battery is max 10001500 good display about remaining battery life according to load good productin ups mode minimum 180 volts is required for charging the battery but in inverter mode less than 100 volts it works [SEP] good to use for my old battery backup up to 7 hr but one thing is fan is to noise but it work best for me [SEP] received in excellent condition nicely packed by the seller retailnet no scratches or dent working well with my exide 150ah tubular battery the inverter fan is not so much noisable as described by other customers it is as like as other inverter fan and one thing is more its a 900va756w single battery operated inverter which works best in a 12v 120ah to 200ah tubular battery very nice pure shine wave inverter from luminous no humming sounds produced by fan or other electrical equipmen [SEP] after using one week giving my review1its not 1100 va it is 900 va 530 wattthe company is making fool by writing 1100va2the fan is making noise while charging but it is negligible3the led display always showing 0959 hrs backup time4working of the ups is very smooth5the ups mode works great when you are using your pcno need to install any extra ups for pcoverall its a smart inverter with smart look,received in excellent condition nicely packed by the seller retailnet no scratches or dent working well with my exide 150ah tubular battery the inverter fan is not so much noisable as described by other customers it is as like as other inverter fan and one thing is more its a 900
"Candes 60 L Room/Personal Air Cooler (White, Black, CRETA)",positive,"summarize what people like about Candes 60 L Room/Personal Air Cooler (White, Black, CRETA): beautiful product good material and perfectly working [SEP] wonderful product must buy [SEP] nice air cooler smart cool breeze producer [SEP] nice product with the reasonable price [SEP] good product kawaleti",beautiful product good material and perfectly working
Butterfly Rhino 2 Ltr Wet Grinder??(Cherry Red),negative,summarize what people dislike about Butterfly Rhino 2 Ltr Wet Grinder??(Cherry Red): no doubt the product is working very fine but the delivery man was very rude and poorly handled my product my carton box was damaged and fortunately product was safe but this defines the bad delivery handling system of flipkart [SEP] very poor quality productthe plastic washer which holds the grinding stone broke on first use havent been able to use the product ever since [SEP] good product but i feel its a fake product i received product in a brown carton box with butterfly labeling i seen the unboxing video in youtube its actualy come with a colored box so i feel its fakebut product is working please clarify if someone know about this [SEP] bottom stone is damaged around the corners pls dont buy this butterfly rhino wet grinder onlinethere are lot of differences when comparing this product with the local shop product especially the box packaged itself is not the actual butterfly owned whereas the local shop product is packed by butterfly owned box and well packed manner dont buy this in online just for low pricewe need to sacrifice lot of things on quality [SEP] it is very bad grinder butterfly is not grind very well,bottom stone is damaged around the corners pls dont buy this butterfly rhino wet grinder onlinethere are lot of differences when comparing this product with the local shop product especially the box packaged itself is not the actual butterfly owned whereas the local shop product
"TP-Link Archer C20 AC WiFi 750 MBPS Wireless Router??(Blue, Dual Band)",positive,"summarize what people like about TP-Link Archer C20 AC WiFi 750 MBPS Wireless Router??(Blue, Dual Band): this is the best wifi router in this price rangeits cover my house properly it connect with my alliance broadband without any problemso its a pretty good deal and thanks flipkart for one day deliveryso i am very happy purchase this router [SEP] just fabulous performance i am very glad to choose for this router and also flipkart all the requirements are fullfill this router after two weeks continue using i post the review i am specifically highlighted for those who are says that this router has wifi issue this problem is just luck of knowledge of this product 5 ghz wifi coveragerange always less than 2 ghz so i am highly recommend for this range best router [SEP] if you want a router for medium sized flathomeclub use then you can go for itafter using 7 days my reviews about this router are 1 range is average and enough for 3 bhk apartmentafter two walls it loses 1 signal2 this dual band router has speed up to 750 mbps3it has one usb port so you can connect dongleduring absence of lan printer4easy to set up and has 3 years of warranty5the router looks slightly different in pictures original router has no white color on its [SEP] compact and good looking routertwo external antennas cover most of my 2 bhk flat except one blind spotac750 both 24ghz and 5ghz bands operate very well though 5ghz range is much less than 24ghz all the led indicators are on the top for keeping at table height so if you are going to place it at a height on the wall you wont be able to see the led indicators my case in that case one can go for archer c20i ac750 which is same category vertical model with internal antennas [SEP] does the job it is good for 2 bhk home usage 24g has longer range than 5g 5g has better speed but device should be close to router it is ideal for tv and laptops for mobile us",does the job it is good for 2 bhk home usage 24g has longer range than 5g 5g has better speed but device should be close to router it is ideal for tv and laptops for mobile usage 24g is best overall it is a good buy but dont get fooled by reading 5 star reviews which say it will
J K INTERNATIONAL High quality Skating in-line Shoe have different size and with PU LED wheel In-line Skates - (Red) In-line Skates - Size 6-9 UK (Red),positive,summarize what people like about J K INTERNATIONAL High quality Skating in-line Shoe have different size and with PU LED wheel In-line Skates - (Red) In-line Skates - Size 6-9 UK (Red): product is good worthy although stitching is just ok overall nice product [SEP] good proudect i love these and colour a [SEP] this is ultra awesome skates the tyres is slippery but then also it is excellent it is a speed skate because i have come 2 in district level skates of my school [SEP] amazing product i am very happy [SEP] its awesome and it is very good,this is ultra awesome skates the tyres is slippery but then also it is excellent it is a speed skate because i have come 2 in district level skates of my school
SIE STORE Solid Single Comforter for Mild WinterMicrofiber Maroon Grey,positive,summarize what people like about SIE STORE Solid Single Comforter for Mild WinterMicrofiber Maroon Grey: very good quality looks luxurious planning buy another one [SEP] comfortable excellent product [SEP] comfortable really good for winter season,very good quality looks luxurious planning buy another one
Men Checkered Single Breasted Formal Blazer (Multicolor),positive,summarize what people like about Men Checkered Single Breasted Formal Blazer (Multicolor): many people ask nice from where u purchase [SEP] nice product as shown in the imagecool product [SEP] i have purchased for my son and he like itfabric was good and found same as shown in pictures [SEP] perfect fitawesome wear [SEP] beautiful design perfect fit nice fabric for autumn wear simply awesome quality with commitmentworth much more then the pricethanks flipkart,beautiful design perfect fit nice fabric for autumn wear simply awesome quality with commitmentworth much more then the pricethanks flipkart
"OnePlus Bullets Wireless Z2 Bluetooth Headset (Acoustic Red, In the Ear)",negative,"summarize what people dislike about OnePlus Bullets Wireless Z2 Bluetooth Headset (Acoustic Red, In the Ear): its a bad device on my life [SEP] i dont like device sound quality i want refund against this product i want to buy one plus bullets z series bass edition this product is very poor in quality ur team do not help me poor service by ur team [SEP] i received used blutooth device when i requested for return one tech supporter assigned for home visit and he denied coming home on call and closed the whole enquiry is this the way flipkart work [SEP] music quality is worse than bullets z i regret purchasing is [SEP] very bad product plz dont waste your money in this product go for realme",i dont like device sound quality i want refund against this product i want to buy one plus bullets z series bass edition this product is very poor in quality ur team do not help me poor service by ur team
"COSCO Kick Football - Size: 5  (Pack of 1, Blue)",negative,"summarize what people dislike about COSCO Kick Football - Size: 5  (Pack of 1, Blue): waste ball if u play some what roughly it will be punchred [SEP] instantly got scratches and dents even with light use and now it looks in very bad shape i was carried away with the brand name cosco but it is useless [SEP] quality is not good 4 to 5 places top layer damaged in received condition [SEP] the ball is very poor quality very very bad experience [SEP] very bad quality it is lake a basketball",instantly got scratches and dents even with light use and now it looks in very bad shape i was carried away with the brand name cosco but it is useless
Auto Hub Microfiber Vehicle Washing ClothPack Of 3 800 GSM,negative,summarize what people dislike about Auto Hub Microfiber Vehicle Washing ClothPack Of 3 800 GSM: it is not as thick as it is shown in the picture but the real problem is it is leaving water marks after 3 to 4 washes it self if you want is as use and throw definitely recommend but it is written washable so i have purchased it but i am regretting it for first 3 washes it was working perfectly but it has stopped working now i dont recommend this product to any one [SEP] very small in size waste [SEP] its not good as i expected,it is not as thick as it is shown in the picture but the real problem is it is leaving water marks after 3 to 4 washes it self if you want is as use and throw definitely recommend but it is written washable so i have purchased it but i am regretting it for first 3 washes it was w
Qubo Smart Cam 360 Q100 by HERO GROUP 1080p FHD WiFi CCTV with Intruder Alarm System Security Camera,positive,summarize what people like about Qubo Smart Cam 360 Q100 by HERO GROUP 1080p FHD WiFi CCTV with Intruder Alarm System Security Camera: very good feature rich camera it instantly detects a person and send a notification to the app i personally like pan tilt control feature the design is pretty decent and better than other cameras in same price range tried playing live video in hd quality i did not observe any lag overall the product is good and serves its purpose well [SEP] wanted a security camera for my home this qubo camera looked a great option considering it is from a known brand like hero group nicely done packaging was very easy to install and their app is quite user friendly look and feel of the camera is also sturdy easy and smooth rotation ensures complete coverage of the room picture quality is also decent last big plus is it is a made in india product [SEP] nice camera compact size good clarity overall very nice camera [SEP] got this amazing product from qubo this is a smart wifi camera with full hd 360 degree view i love the feature in which it can detect a person who has come and ring intruder alarm great quality product from hero group [SEP] received the product in very safe packaging the camera is very good and it has special features like person detection and motion detection that comes very handy and trustworthy indian brand qubo will post the full review later,wanted a security camera for my home this qubo camera looked a great option considering it is from a known brand like hero group nicely done packaging was very easy to install and their app is quite user friendly look and feel of the camera is also sturdy easy and smooth rotation
BROWNIE Engineered Wood Computer DeskStraight Finish Color Brown Preassembled,positive,summarize what people like about BROWNIE Engineered Wood Computer DeskStraight Finish Color Brown Preassembled: the material is too good compared to this price range i am happy with the product i am using it as a study table go for it its affordable and easy to movethank you flipkart [SEP] it is very comfortable nd easy to use laptop sthe delivery is very good nd expected colour also i hadthanks [SEP] this is an awesome product for its price at 1250rs you get a 3ft 2 ft table top which is quite spacious and the finishing is very good and modernthe legs are of metal and quite sturdy for keeping heavy objects on the table the only downside this has is the folding mechanism due to which the table is a bit wobbly although that can be easily fixed by putting pads under its legs or tightening the holdets that keep the folding legs in placeall in all a fantastic product for its pric [SEP] liked the table but it looked like it was already used and the corner and side were chipped off i had to stick and adhesive sheet on the top so it can be protected from further chippingotherwise the table is good sturdy and of proper height as i desired [SEP] looks goodgives enough space for legs comfortat this price its a good to go product,this is an awesome product for its price at 1250rs you get a 3ft 2 ft table top which is quite spacious and the finishing is very good and modernthe legs are of metal and quite sturdy for keeping heavy objects on the table the only downside this has is the folding mechanism due t
Principles Of Indian Geography English 1st Edition For UPSC CSE Prelims Mains By Study IQPaperback StudyIQ Publications,positive,summarize what people like about Principles Of Indian Geography English 1st Edition For UPSC CSE Prelims Mains By Study IQPaperback StudyIQ Publications: undoubtedly the best indian geography for any competitive examthe best is the way all the things are written in a systematic manner you dont need to make separate notestons of diagrams and maps are presentthanks to study iq team [SEP] very good book for covering geography gs as well as optional as it has lots of diagrams which will a score booster a must for cse aspirants [SEP] this book is so good and easy to understand concepts [SEP] really a good book for preparation [SEP] enough for wbcs mains,undoubtedly the best indian geography for any competitive examthe best is the way all the things are written in a systematic manner you dont need to make separate notestons of diagrams and maps are presentthanks to study iq team
ZunVolt Power MG5 500 Mixer Grinder 3 Jars White,positive,summarize what people like about ZunVolt Power MG5 500 Mixer Grinder 3 Jars White: nice product thanks filpcard [SEP] its very amazing good product and thank you flipkart [SEP] thanks flipcart very good product nice [SEP] very good and best quality products thanks for fk,its very amazing good product and thank you flipkart
Airtel Regular Digital TV DTH Remote Compatible with SD and HD Recording (Black) Airtel Remote Controller (Black),positive,summarize what people like about Airtel Regular Digital TV DTH Remote Compatible with SD and HD Recording (Black) Airtel Remote Controller (Black): yes it was very good and nice is was very excellent choice of it it is an good company offer not bad company offer sign kartik gupta [SEP] very good and original remote of airtel and im very happy with the product [SEP] before opening item we realised that there is no remote controlin box we was thinking that we have received wrong item but after opening box remote and two everyday cell in box remote quality is good to compare with local market remote price is also good 178if they increase price then it is not goodi will add review after using this remote control [SEP] item received was quite good [SEP] product was good n worth of money,before opening item we realised that there is no remote controlin box we was thinking that we have received wrong item but after opening box remote and two everyday cell in box remote quality is good to compare with local market remote price is also good 178if they increase price
DEMYA KINF OF STEEL Solid wood Desk ChairFinish Color Multicolor Preassembled,positive,summarize what people like about DEMYA KINF OF STEEL Solid wood Desk ChairFinish Color Multicolor Preassembled: the quality of the product is good it is suitable for kids till age of 5 yearsthank you for such a wonderful product flipkart [SEP] nice product and quality is also good [SEP] very good product i suggest to every one purchase from here because in market this is too much expensive as compare to this [SEP] colour is not same as shown and delicate one not complete steel [SEP] nice and strong product,the quality of the product is good it is suitable for kids till age of 5 yearsthank you for such a wonderful product flipkart
Velvet Self Design Maroon Men Dupatta,positive,summarize what people like about Velvet Self Design Maroon Men Dupatta: cloth quality is very good and look like as a picture [SEP] great accessory for a sherwani [SEP] it was a good product [SEP] nice dupatta and quality also good,cloth quality is very good and look like as a picture
Prestige PWG 08 Wet Grinder??(Black),negative,summarize what people dislike about Prestige PWG 08 Wet Grinder??(Black): dont order this very worst product 2nd time only it gives problem and its stopped to working and top up they didnt provide home service i called many times to toll free but they didnt send any one for service pls go to other brand [SEP] not speed this prodect very bad this product grinding stucked [SEP] dont buy this productthis is poorly built has design faultsmotor is low powerthe steel drums leaks water and batter which goes down the bottom and jams the bearings not easy to repair i would rather make batter with my hands happily like the old times after the hardship this stupid product gave me i think of buying this product is one of they worst mistakes of life other than taking up engineering better go for any other product [SEP] it is taking 2hr to grind product is not working fine [SEP] product worrest smell coming running time,dont buy this productthis is poorly built has design faultsmotor is low powerthe steel drums leaks water and batter which goes down the bottom and jams the bearings not easy to repair i would rather make batter with my hands happily like the old times after the hardship this stup
"Men Formal, Casual Blue Artificial Leather Wallet - Regular Size (8 Card Slots)",positive,"summarize what people like about Men Formal, Casual Blue Artificial Leather Wallet - Regular Size (8 Card Slots): good quality products [SEP] nice product packing was good amazing thank u [SEP] the dezire crafts wallet looks and feels premium qualitythe wallet came in a blue box and well packed color is same as shown in photo the best thing about this is space inside to keep all your stuff it has more than 5 card slot and one transperent window id two secret compartment one coin pocket and currency compartment it is type removable card wallet as per tor need you can use this wallet thanks made in india product appreciate work [SEP] its good quality and design [SEP] good product size is little small than expected",the dezire crafts wallet looks and feels premium qualitythe wallet came in a blue box and well packed color is same as shown in photo the best thing about this is space inside to keep all your stuff it has more than 5 card slot and one transperent window id two secret compartment
Kraft Seeds 7KB395XY Garden Shear Cutter for multi purpose use with Smart Lock Bypass PrunerCordless,positive,summarize what people like about Kraft Seeds 7KB395XY Garden Shear Cutter for multi purpose use with Smart Lock Bypass PrunerCordless: its a excellent product good quality very sharp easy to handle but its made in prc but no issues my purpose is served [SEP] good itemworth its value [SEP] this is very good cutters and nice sharp [SEP] very useful sharp thank you flipkart [SEP] very good very easy to use,its a excellent product good quality very sharp easy to handle but its made in prc but no issues my purpose is served
"Greenfinity Baker's Active Dry Yeast, 75g Yeast Powder",negative,"summarize what people dislike about Greenfinity Baker's Active Dry Yeast, 75g Yeast Powder: nt working 90 of yeast is dead [SEP] all the yeasts are deadmy money got wasted for this [SEP] poor quality and very bad smell [SEP] smells really bad usual made pizza s good dis doesnt worked waste",smells really bad usual made pizza s good dis doesnt worked waste
Rock Crawler Waterproof Remote Controlled Rock Crawlerr RC Monster Truck (Blue)??(Blue),negative,summarize what people dislike about Rock Crawler Waterproof Remote Controlled Rock Crawlerr RC Monster Truck (Blue)??(Blue): a lowquality madeinchina toy that will stop working after a week [SEP] i ordered a rock crawler and i got the rock crawling carti hated this it is not made for offroading it is very slow it is 2 wheel driveit is ridiculous [SEP] you are reading reviews so dont take this product [SEP] product is good but the battery backup is not well battery backup is too much worst [SEP] very bad product baterry is so poor,i ordered a rock crawler and i got the rock crawling carti hated this it is not made for offroading it is very slow it is 2 wheel driveit is ridiculous
GLORIEUX ART Beautiful Antique Wooden Foldable Side TableEnd TableStool Living Room Kids Play Furniture Table Round Shape Solid Wood Side TableFinish Color White DIYDoItYourself,positive,summarize what people like about GLORIEUX ART Beautiful Antique Wooden Foldable Side TableEnd TableStool Living Room Kids Play Furniture Table Round Shape Solid Wood Side TableFinish Color White DIYDoItYourself: great the quality of the wood is good finishing is also good i would have liked it to be a little taller somekind of mdflaminate on top for longevity and there is very strong mango aroma coming off from the wood so may be mango wood is used [SEP] satisfied balance is good light weight [SEP] this small table is really pretty and adds an aesthetic look to your room its quite small and delicate but looks good [SEP] love it cute small table [SEP] looking so beautifulgood quality,great the quality of the wood is good finishing is also good i would have liked it to be a little taller somekind of mdflaminate on top for longevity and there is very strong mango aroma coming off from the wood so may be mango wood is used
Romper For Baby Boys Casual Printed Pure CottonGrey Pack of 1,positive,summarize what people like about Romper For Baby Boys Casual Printed Pure CottonGrey Pack of 1: awesome fit and quality is very good [SEP] nice dress good quality tq flipkart delivery person so gentleman tq bro [SEP] its superb cute dress same as shown in picturesfabric is superb cotton like soft and comfort everyone buy this product without any doubtthanks u so much flipcart nd sellers and delivery boy i love this my rating goes to this dress 1010 [SEP] vry vry nicmy baby wear and she is so cutelm so happytq so much [SEP] love thissame as shown in a picthanks to flipkart,its superb cute dress same as shown in picturesfabric is superb cotton like soft and comfort everyone buy this product without any doubtthanks u so much flipcart nd sellers and delivery boy i love this my rating goes to this dress 1010
tHemiStO Beginners 8 in 1 Soldering iron Kit 25 W SimpleFlat Tip,negative,summarize what people dislike about tHemiStO Beginners 8 in 1 Soldering iron Kit 25 W SimpleFlat Tip: socket is not good not support any switch and use only 2 time its damage [SEP] very worst quality wast of money dont buy wire stiper is not working properly soldering iron poor flux worst quality [SEP] horrible product not working properly west of money [SEP] solder is not working properly and i didnt get the wire to sold it,very worst quality wast of money dont buy wire stiper is not working properly soldering iron poor flux worst quality
Aero Seeds Aero Seeds 45 Varieties 2700 seedsOrganicHybrid Fruits Vegetables Seed with Start your own Garden Seed4000 per packet,positive,summarize what people like about Aero Seeds Aero Seeds 45 Varieties 2700 seedsOrganicHybrid Fruits Vegetables Seed with Start your own Garden Seed4000 per packet: i have not yet sowed the seeds but i am sure they will give best results packaging is perfect every single pack of seeds have its name on it and also which seed should be sowed in which month according to your location that also providedi am very much curious and excited for the end resultsthank you flipkart [SEP] nice product there should be improvements in packing [SEP] 75 success after 15 days i hope it will make it 100 soon [SEP] supper results must try [SEP] good deal and all the seeds germinating well,i have not yet sowed the seeds but i am sure they will give best results packaging is perfect every single pack of seeds have its name on it and also which seed should be sowed in which month according to your location that also providedi am very much curious and excited for the
USHA 3815 HI Water Proof 15KW 1500 W Immersion Heater Rodwater,positive,summarize what people like about USHA 3815 HI Water Proof 15KW 1500 W Immersion Heater Rodwater: this product is just awesome i recommend everybody to take this its really shock proof and quick heating heater writing review after 4 months highly satisfied with the product [SEP] its a great product no doubt and usha brand is best for this kind of products [SEP] very nice 10 ment het watar [SEP] the spiral immersion heater heats water rapidly the plastic part makes it easy to remove can easily be hung when not in use [SEP] delivery is quite late bt the product quality is superb,this product is just awesome i recommend everybody to take this its really shock proof and quick heating heater writing review after 4 months highly satisfied with the product
JDX Polyester Fibre Solid Cushion Pack of 5White,negative,summarize what people dislike about JDX Polyester Fibre Solid Cushion Pack of 5White: not at all a standard size its useless and money wasted [SEP] it is producing over heat [SEP] pls dnt waste your money [SEP] not good dnt buy this product,not at all a standard size its useless and money wasted
Greenchef Solona Table Top Grinder Wet Grinder??(Pink),negative,summarize what people dislike about Greenchef Solona Table Top Grinder Wet Grinder??(Pink): dont buy this product waste of money less then one month 5 times only used now not working totally disappointed who recently buy this product kindly share feedback it will help others [SEP] very bad product and very very bad for his service [SEP] worst product got faulty within 4 months [SEP] it is very small size [SEP] sooo noise tooo late to grinding,dont buy this product waste of money less then one month 5 times only used now not working totally disappointed who recently buy this product kindly share feedback it will help others
Sharp Air Purifier for Homes Offices Dual Purification ACTIVE Plasmacluster Technology PASSIVE FILTERS True HEPA H14 in EN1822 type CarbonPreFilter Captures 9997 of Impurities ModelFPF40EW White Portable Room Air PurifierWhite,negative,summarize what people dislike about Sharp Air Purifier for Homes Offices Dual Purification ACTIVE Plasmacluster Technology PASSIVE FILTERS True HEPA H14 in EN1822 type CarbonPreFilter Captures 9997 of Impurities ModelFPF40EW White Portable Room Air PurifierWhite: the product is not working in a few daysi tell you never buy this itemfirst time it was changed next purifier also did not workingnow you are not doing anything about i have lost my money i am a plus member of the flipkart now i didnt want to buy anything from flipkart [SEP] no doubt its really good only con is no pm 25 nd 10 indicator,the product is not working in a few daysi tell you never buy this itemfirst time it was changed next purifier also did not workingnow you are not doing anything about i have lost my money i am a plus member of the flipkart now i didnt want to buy anything from flipkart
"mobspy 3.5mm Clip Microphone For Youtube | Collar Mic for Voice Recording | Lapel Mic Mobile, PC, Laptop, Android Smartphones, DSLR Camera Microphone Microphone collar mic (Black)",positive,"summarize what people like about mobspy 3.5mm Clip Microphone For Youtube | Collar Mic for Voice Recording | Lapel Mic Mobile, PC, Laptop, Android Smartphones, DSLR Camera Microphone Microphone collar mic (Black): very nice mic good for beginners of youtube and voice cancellation is great i love itu should buy it [SEP] these are awesome they do exactly what they are intended for and a little better than youd expect works on phone and dslr any 35 mm jack input source wire quality is good sound recorded is crisp and clear works even from a distance of 2 feet price is bang on [SEP] very very nice products nd superb quality nd awesome voice record clearly voice recorder [SEP] super premium quality product at this price and its noise cancellation is marvelous studio quality effect and dubbingbest sounding life and fast delivery value for money thank you flipkartabove the expectations love u flipkart [SEP] overall good quality the price didnt justify the item but its okay because according to online shopping and free deliverythe cable quality is really awesome i didnt excepted such awesome and strong cable qualityoverall this is good microphone for smartphonesplease dont take any explanation any noise reduction from this microphone afterall it is generic microphone without any pre amplifier or amplifier or any circuit inside itand the most important thing is that the cable length is",overall good quality the price didnt justify the item but its okay because according to online shopping and free deliverythe cable quality is really awesome i didnt excepted such awesome and strong cable qualityoverall this is good microphone for smartphonesplease dont take any e
BlackBook Of Samanya Jagrukta General Awareness Hindi March 2022 By Nikhil GuptaPaperback Hindi NIKHIL GUPTA,positive,summarize what people like about BlackBook Of Samanya Jagrukta General Awareness Hindi March 2022 By Nikhil GuptaPaperback Hindi NIKHIL GUPTA: contents are sufficient for any one day exam and page quality is good as it can be loved it z [SEP] one of the best book pyq [SEP] it is a good book for sscrrband other competative exam [SEP] one of the best book for general awareness if you are preparing for ssc [SEP] best book for oneday exam top quality book,contents are sufficient for any one day exam and page quality is good as it can be loved it z
IFB 23 L Convection Microwave Oven23SC3 Silver,positive,summarize what people like about IFB 23 L Convection Microwave Oven23SC3 Silver: this certainly provides you all the features in one single packagethere are different options available for different dishes like pizza pasta popcorn etcstarter kit was small but it was freegot a free cookery book toolook and feel is greatifb provides with a free demo and installation at your siteflipkart delivery was on timeid recommend to buy this product [SEP] its more than 6 months since i purchased this from flipkartsuper easy to use and worth buyingif u r searching for a grill conviction microwave this one is best and in the budget [SEP] product quality was up to mark and they provided two glass bowls for soups one pan two grill stands small and large and they gave me instructions in demo which will know and clear all our problems coming to cooking it was really simple to use and with in minutes it will ready items and cleaning was also simple thank you ifb and thanks to flipkart for fast and safe delivery [SEP] ifb is the best company and this product is greatboth price and quality wiseit is 23 litre size is good for 23 peoplei have done lots of research before purchasing this i wanted a compact size oven and i dont bake or grill everyday this is best microwave convention grill option available in this price you also get idli maker 2 grilling stands 1 plate 1 additional box spatula etci am writing this review after 5 months of usage no problem yeti make idlis tikkis [SEP] simply awesome product work good and have all pre cook mode combination required for the delicious cooking love the product and specially the cooking manual which comes free with it and the delivery and installation all was super on and before time thanks fk,ifb is the best company and this product is greatboth price and quality wiseit is 23 litre size is good for 23 peoplei have done lots of research before purchasing this i wanted a compact size oven and i dont bake or grill everyday this is best microwave convention grill option a
SAMSUNG DW60M5042FS/TL Free Standing 13 Place Settings Dishwasher,negative,summarize what people dislike about SAMSUNG DW60M5042FS/TL Free Standing 13 Place Settings Dishwasher: received damaged product seller is refuse to return on this product return policy is eligible 10 days am unable to create my return request very very bad experience dont purchase this item anyone in flipkart [SEP] it is not cleaning vessels nicely taking too much of time [SEP] this is not goodall dishes are not washed clear totally waste of money,received damaged product seller is refuse to return on this product return policy is eligible 10 days am unable to create my return request very very bad experience dont purchase this item anyone in flipkart
DBRW385DBRWN Day and Date Boys Mans Stylish Analog Day Date Analog Watch For Men,positive,summarize what people like about DBRW385DBRWN Day and Date Boys Mans Stylish Analog Day Date Analog Watch For Men: super but waiting for time how many days come value this watch tq [SEP] design quality and look wise its good but dont know about how long will it last hope it will last long [SEP] excellent piecefully worth [SEP] nice watch product is same i am very happy nice product thank you flipkart fast delivery [SEP] good qualiti iam impressed,design quality and look wise its good but dont know about how long will it last hope it will last long
AutoPowerz Set of 4 9 LED RGB MultiColour Strip Car Atmosphere Light with Music Controller and Remote for All Cars Car Fancy LightsMulticolor,positive,summarize what people like about AutoPowerz Set of 4 9 LED RGB MultiColour Strip Car Atmosphere Light with Music Controller and Remote for All Cars Car Fancy LightsMulticolor: it is very nice light is quality is low but it look wise he is very best light under 400 [SEP] good product nice luck may car [SEP] i like the delivery man behavior he talk very sweetly and calmly delivery and service is and lights are awesome [SEP] nice price best quality [SEP] gives car a new look if you are bored with the interiorcan change color increase and decrease brigjtness and also flashes with music really loved it,gives car a new look if you are bored with the interiorcan change color increase and decrease brigjtness and also flashes with music really loved it
Men Solid Single Breasted Festive & Wedding Blazer (Blue),positive,summarize what people like about Men Solid Single Breasted Festive & Wedding Blazer (Blue): its really good quality product in its price range 455 [SEP] cool deal tq flipcart [SEP] very good quality thanks [SEP] awesome quality productloved it [SEP] product was awesome itz very suitable on me,its really good quality product in its price range 455
"Nea Electric Hot Water (With Filled Gel) Warm Bag for Pain Relief & Massager Electrical 1 L Hot Water Bag (Red, White)",negative,"summarize what people dislike about Nea Electric Hot Water (With Filled Gel) Warm Bag for Pain Relief & Massager Electrical 1 L Hot Water Bag (Red, White): its very bad quality product whats shown in image is completely differenttheres no any outer packing or manualit seems someone had imported in bulk from china and just selling itrubbish product never buy it [SEP] waste of money not workinglow quality product no return policy so please dont buy [SEP] there is no written option the quality is very bad [SEP] very poor quality not gel fully loaded [SEP] no gel inside non returnable plz dont buy",its very bad quality product whats shown in image is completely differenttheres no any outer packing or manualit seems someone had imported in bulk from china and just selling itrubbish product never buy it
Multicolor Women Sling Bag,positive,summarize what people like about Multicolor Women Sling Bag: go for it this product is amazing [SEP] nice value of money just go fir it [SEP] nice bag look wise is great quality is ok with the prize [SEP] very nice must buy product [SEP] beautiful affordable and quality wise is superb,nice bag look wise is great quality is ok with the prize
SOS JOVO IP Dual Antenna WiFi CCTV CAMERA Wireless HD IP Security Camera CCTV Supports up to 64 GB SD card Fully Night Vision Smart Monitoring System Compatible With Mobile Tablet Security Camera64 GB 1 Channel,positive,summarize what people like about SOS JOVO IP Dual Antenna WiFi CCTV CAMERA Wireless HD IP Security Camera CCTV Supports up to 64 GB SD card Fully Night Vision Smart Monitoring System Compatible With Mobile Tablet Security Camera64 GB 1 Channel: very good product awesome [SEP] good quality with good product,good quality with good product
Women Casual Black Fabric Belt,positive,summarize what people like about Women Casual Black Fabric Belt: stretchable belt i love it [SEP] a very good productfor the price range this product is worth more than its price love it [SEP] it is a nice product i have been using it since 4 to 5 months and it is good as new [SEP] short in length otherwise it good [SEP] feels better qualitycomfortable and userfriendly,a very good productfor the price range this product is worth more than its price love it
Preethi WG-905 Wet Grinder??(Purple),negative,summarize what people dislike about Preethi WG-905 Wet Grinder??(Purple): melting smell is coming [SEP] dont waste the money it is worst [SEP] i can use it 3 times after that grinder is not working [SEP] i have ordered preeti but i got prestige please be comform before order [SEP] product was broken on receipt packing was very poor such a weight items was packed in thin carton box,product was broken on receipt packing was very poor such a weight items was packed in thin carton box
AGAMI Green 2 Layer Lucky Bamboo plant with Big Round Glass Pot and Colored Jelly Balls Seed1 per packet,positive,summarize what people like about AGAMI Green 2 Layer Lucky Bamboo plant with Big Round Glass Pot and Colored Jelly Balls Seed1 per packet: very very good and fresh plant i getting thank you flipkart i totally satisfy and happy [SEP] very fresh plant also well packejinglove this lucky bamboo plant just awesome [SEP] beautiful plant and good care this plant by flipkart so good work filpkart workers [SEP] packing was good as of that product was in good shape and size thank you so much for such a service [SEP] nice lucky bamboo plant thank you flip cart i really like it,packing was good as of that product was in good shape and size thank you so much for such a service
US DZIRE Pendants Ceiling LampBrown,positive,summarize what people like about US DZIRE Pendants Ceiling LampBrown: this hanging lamp is very good and comes with a bulb it looks stunning in the night or in dark very nice and reliable product [SEP] very nice product looking so beautiful quality is good i am happy thank you flipkart [SEP] well packed very good for night lamp [SEP] verry nice product nice quality i ame happy [SEP] very good and attractive,this hanging lamp is very good and comes with a bulb it looks stunning in the night or in dark very nice and reliable product
RATNAS Plastic ChairFinish Color Pink DIYDoItYourself,positive,summarize what people like about RATNAS Plastic ChairFinish Color Pink DIYDoItYourself: very nice chair and usefull my baby very happy thank you flipkart [SEP] good quality but too high price [SEP] quality of the chair is good but the stand is not fitting properly [SEP] good and worthy product nice quality [SEP] good looking good quality very useful for my baby she like it so much,good looking good quality very useful for my baby she like it so much
"AJRO DEAL Double Spring Tummy Trimmer - Multipurpose Fitness Equipment (Black) Ab Exerciser? ? (Black, Multicolor)",positive,"summarize what people like about AJRO DEAL Double Spring Tummy Trimmer - Multipurpose Fitness Equipment (Black) Ab Exerciser? ? (Black, Multicolor): this simple trimmer can help in many exercise using the spring resistance very useful gym hear for home workouts 1015 minutes daily work out can provide very good returns overtime would recommend using this during this covid era [SEP] this is very very nice good product if u want to buy go wid this dont think too much will be worth in quantity and quality u can use this for reduce belly fatarm fatshoulderchest also muscles will get thighten a great product of this price [SEP] so fantastic product flipkart company so excellent coustomer so happy [SEP] its very good and loved it for my daily workout worth it [SEP] it is very good for abdominal fat",this is very very nice good product if u want to buy go wid this dont think too much will be worth in quantity and quality u can use this for reduce belly fatarm fatshoulderchest also muscles will get thighten a great product of this price
Crust v50 Car Bluetooth Device with FM Transmitter Audio Receiver Car Charger MP3 Player Adapter Dongle TransmitterBlack,positive,summarize what people like about Crust v50 Car Bluetooth Device with FM Transmitter Audio Receiver Car Charger MP3 Player Adapter Dongle TransmitterBlack: very nice clear sound esay to set up at first i connected the crust bt car kit and thought the sound was not cleareven though i increaaed the sound in the car player then noticed the sound in the crust bt was less and by turning the knob clock wise the sound increased alas the sound was very clear and loud very much saticified worth money now my 2007 innova is up to date with connectivity [SEP] i am using this product and find it very great for my old car stereo system which did not have a bluetooth connectivity option just plugged into the cigarette lighter slot and was ready to use the sound clarity is very good l got the value for my money [SEP] its a great deal at such priceperfect for cars with only fm radio or only aux like older wagonr fast and quick connectionsimple interface with only 3 buttons which do everything havent had a single call quality complaint for calls over bluetooth connectivity fast charging and usb ports are easy to identifydont go for cheap bluetooth options and get this one with way better build quality and everything [SEP] good product connects automatically after giving ignition just 1 minus point it gives continuous light noise like we used to have in radio some time and mic quality should be improved have to speak louder than usual in order to audible [SEP] the device is working great it exceeded my expectations it gets paired immediately with the phone and the sound is clear and crisp with a car having stock audio system with no aux bluetooth usb this device has come as a booneits been almost a week hoping that it will last long those who are having audio system with same deficiencies as mine can safely invest in this device it wont disappoint,its a great deal at such priceperfect for cars with only fm radio or only aux like older wagonr fast and quick connectionsimple interface with only 3 buttons which do everything havent had a single call quality complaint for calls over bluetooth connectivity fast charging and usb
MarQ by Flipkart 18-Litre 18L1200W4HL Oven Toaster Grill (OTG) with 4 Skewers and Crumb Tray  (Black),positive,summarize what people like about MarQ by Flipkart 18-Litre 18L1200W4HL Oven Toaster Grill (OTG) with 4 Skewers and Crumb Tray  (Black): first of all packaging was superb and delivered with utmost care not even a single scratch or dirt in the outer packet inspite of heavy rush preheating was done before use everything found ok its light weight good design and finish durability and cooking experience is to tested good for this price valuethanks it works nice [SEP] very nice product worth for money loved it easy functions utensils provided are awesome i made pizza cake grilled chicken thank you flipkart [SEP] i am writing this review after using this product for couple of weeks i must say that for a family of 34 member this product is really good my wife is very happy with the product very easy to use light weight i hv not opt for any demonstration because it was not required as it very easy to use moreover it suits our pocket purpose flipkart has given as always super fast deliveryi will only say that in this range flipkart has given its best if anyone having more expectation plea [SEP] everything went perfect big enough for 4 family members baked cake25 mins timer set awesome just go for it make it a popular brand like the others just by using it you will never be disappointed [SEP] next day deliveryekart service is so fast light weight working like charmmade pizzapaneer tikka and toast pizza worked so nicehope for best service and hassle free workinglet seei will update again in a week,i am writing this review after using this product for couple of weeks i must say that for a family of 34 member this product is really good my wife is very happy with the product very easy to use light weight i hv not opt for any demonstration because it was not required as it ve
BAJAJ Fx11 Food Factory 600 W Food Processor (White),positive,summarize what people like about BAJAJ Fx11 Food Factory 600 W Food Processor (White): being a big foodie i love to cook and with that i want my cooked food to look good starting from chopping to serving on the plate i like neatness and cleanliness around my kitchen space keeping that in mind i bought this bajaj food processor with high hopes it helps me to save my time and energy on things like prepreparations etc it can be used for kneading doughs slicingchopping vegies grinding mixing blending etc it is very easy to clean as well and doesnt accumulate stuff [SEP] the food processor is very good u can make french fry keading etc household kitchen jobit comes with 2 year gurantee and 5 year with motor 24 february 14very usefull buy will make ur wife happyi purchased this machine about 1 year back not from flipkart and its working flawlessly since then earlier my wife was not in its favour considering cost but after 1 year of usage what i can say that its fully value for money it makes life so easy every day my wife uses it for [SEP] finally purchased this food processor after a lot of research and i found it to be beyond my expectations comes with 600 watt motor which makes it really good for regular use the kneading process was amazing to say the least overall i found it a good buy and would recommend others as well [SEP] i bought it and am happy as its worth single pennyflipkart service was rocket fast as usualmy mom was using the similar version for 8 years and its still sturdy hence decided to buy itit is powerfull motor can withstand loads and perform all sorts of processingyou can chop shred grate within minutesgrinding and liquidizing functions are greatsome issues thoughchopping is too find sometimes you need bit more corse onion chopping is like magic but cabbage lady fingers not [SEP] makes a lot and a lot of noice it is good for starters but i,being a big foodie i love to cook and with that i want my cooked food to look good starting from chopping to serving on the plate i like neatness and cleanliness around my kitchen space keeping that in mind i bought this bajaj food processor with high hopes it helps me to save my
Baby Boys Baby Girls PartyFestive Tshirt ShortsBlue,positive,summarize what people like about Baby Boys Baby Girls PartyFestive Tshirt ShortsBlue: good quality very nice [SEP] cheap and best super quality [SEP] nice dress correct size soft cloth [SEP] good quality worth every penny [SEP] this product very nice color was super my son is very happy thq u flipkart delivery person very nice,this product very nice color was super my son is very happy thq u flipkart delivery person very nice
"MAHARAJA WHITELINE 65 L Desert Air Cooler (White, Grey, Rambo Grey / AC-303)",positive,"summarize what people like about MAHARAJA WHITELINE 65 L Desert Air Cooler (White, Grey, Rambo Grey / AC-303): the best poduct that i bought from flifkart it works superb like ac and price is also reasonable only rs 8698 [SEP] cooler is big and wide maharaja brand trust y every thing is good about cooler create less noise only thing is that its motor is not powerful even in high speed rest all things are good but yes for one middle size room it is ok [SEP] it is one of the best air coolers at reasonable price have ever seen but the ventilation of the room is must for proper cooling but the size is quite big it will i hope create a space problem during off seasons the air supply is very good and its one of the essential part of the air cooler with the wool wood pads which helps to make super cooling afterall thank you maharaja company to make such a product in affordable and reasonable price [SEP] awesome air cooleri was looking for a cooler under this range and this has fulfilled my requirement this has the following features1 great air through the capacity of 5000 m3hr 2 comes with a large 65litre tank which can run overnight with ease3 great built that is a shockproof and reliable material4 you have to stop this beast at night because it has that massive cooling capabilityone small concern is mine and it is for sure that it is not a dealbreaker that it produces s [SEP] purchased after a lot of discussions and reviews i would say this the best which gives you the comfort needed best to for with no 2nd thoughts nice cooling low noise hope this should be energy efficient and used for a long run",awesome air cooleri was looking for a cooler under this range and this has fulfilled my requirement this has the following features1 great air through the capacity of 5000 m3hr 2 comes with a large 65litre tank which can run overnight with ease3 great built that is a shockproof a
Qozent Hand Gloves For Kitchen Dish Washing Combo Reusable Rubber Silicon Household Safety Wash Scrubber Heat Resistant Kitchen Gloves for Dish washing Cleaning Gardening Wet and Dry Glove hand gloves for kitchen Multicolour 1 Pair free size Dry Disposable GloveSmall,positive,summarize what people like about Qozent Hand Gloves For Kitchen Dish Washing Combo Reusable Rubber Silicon Household Safety Wash Scrubber Heat Resistant Kitchen Gloves for Dish washing Cleaning Gardening Wet and Dry Glove hand gloves for kitchen Multicolour 1 Pair free size Dry Disposable GloveSmall: best product i like this this is very useful for cleaning vesselsand the material is also good [SEP] bestest product ever go for it guys [SEP] product is good and comfortable [SEP] nice but little big size [SEP] product is very super,best product i like this this is very useful for cleaning vesselsand the material is also good
Soaring Engineered Wood Study TableFinish Color green DIYDoItYourself,negative,summarize what people dislike about Soaring Engineered Wood Study TableFinish Color green DIYDoItYourself: quality not good material is low quality [SEP] dont buy this product waste of money very very poor quality after one time use the clamps will come out [SEP] bad quality and didnt hope this type of order [SEP] small but okey for 3yrs child [SEP] not bad but table is not a strong,dont buy this product waste of money very very poor quality after one time use the clamps will come out
Pigeon Supremo Wet Grinder??(Cherry Red),negative,summarize what people dislike about Pigeon Supremo Wet Grinder??(Cherry Red): very very worst product dont buy this product so many problems this grinder totally waste of my money [SEP] tthank you to delivery boy vishnu its very worst product [SEP] slow process and over heating [SEP] worest not working product 1st two much noice thats y im return product 2nd one not working [SEP] grinding too too slow,very very worst product dont buy this product so many problems this grinder totally waste of my money
CRAFTIFY High Quality 2000 W Immersion Heater RodWater,negative,summarize what people dislike about CRAFTIFY High Quality 2000 W Immersion Heater RodWater: the product got burnt after using it for 3days i really hated it no refund from flip kart horrible product seller is cheating everyone by giving faulty product [SEP] worst productdont buywithin one month its gone [SEP] its blased with fire after 4 months of use [SEP] very very poor quality [SEP] every thing is well but it shocked,the product got burnt after using it for 3days i really hated it no refund from flip kart horrible product seller is cheating everyone by giving faulty product
"D&V ENGINEERING 2 Compartments Iron Remote control holder /stand /organizer for TV AC DTH STB Remotes with attractive DANCING lady (Black, Green, RED/PINK)",positive,"summarize what people like about D&V ENGINEERING 2 Compartments Iron Remote control holder /stand /organizer for TV AC DTH STB Remotes with attractive DANCING lady (Black, Green, RED/PINK): nice product suit to our amazing showcase [SEP] good product but very expensive [SEP] its too good quality is super [SEP] very nice design loved it [SEP] crafted beautifully material is sturdy",nice product suit to our amazing showcase
Clastik Solid Wood Study TableFinish Color Multi Color Preassembled,negative,summarize what people dislike about Clastik Solid Wood Study TableFinish Color Multi Color Preassembled: not wood simply card board broken immediately [SEP] its its okay but not a good quality [SEP] the good product but leg is not fit [SEP] product height is too small [SEP] please do not by this product seller is a thug selling broken and damaged product and when asked for return do not accept saying the broken product is not there and will not return the money,please do not by this product seller is a thug selling broken and damaged product and when asked for return do not accept saying the broken product is not there and will not return the money
DDecora Combo Of 450 ML Vegetable Chopper StainlessSteel Whisk and MasherPack Of 3 Vegetable Fruit Chopper3,positive,summarize what people like about DDecora Combo Of 450 ML Vegetable Chopper StainlessSteel Whisk and MasherPack Of 3 Vegetable Fruit Chopper3: this is very good hard best quality product [SEP] quality wise all products are superb the main thing is here with me i liked the blender most [SEP] product is very good 5 [SEP] one of the best product,quality wise all products are superb the main thing is here with me i liked the blender most
Ponmani Nano Tech Wet Grinder??(Multicolor),positive,summarize what people like about Ponmani Nano Tech Wet Grinder??(Multicolor): ponmani is best grinder company very good product and good support provided by company i give 10 star to ponmani grinder company [SEP] just grated coconuts and if you get the knack is super fast roller stones are good heavy duty grinder so am sure will do the job 2 litres is ideal and after grinding will know how quick it is my old one is santha and that was an amazing ginder in about 20 odd years only once went for a small repair looks like this will also do the same job as efficiently [SEP] the product matches its description and the performance has been very good till date it is a simple and efficient grinder without any fancy stuff the delivery and packing was good [SEP] ponmani grinder is very very nice i loved it worth fr a price [SEP] awesome productvalue for moneycompatible size perfect wet grinding,just grated coconuts and if you get the knack is super fast roller stones are good heavy duty grinder so am sure will do the job 2 litres is ideal and after grinding will know how quick it is my old one is santha and that was an amazing ginder in about 20 odd years only once went
Embroco Polyester Fibre Solid Cushion Pack of 5White,positive,summarize what people like about Embroco Polyester Fibre Solid Cushion Pack of 5White: the cushions are so good [SEP] you can go for it blindly wow product its white polyester fiber filledgood one [SEP] cushions r really vvgood quality i m very satisfied with this product highly recommended [SEP] its ok not so fluffy and puffy but i am still keeping it [SEP] average cushions could be better,cushions r really vvgood quality i m very satisfied with this product highly recommended
Zofiy 6 Layer Metal Frame Clothes Organizer Maroon PP Collapsible WardrobeFinish Color Maroon DIYDoItYourself,positive,summarize what people like about Zofiy 6 Layer Metal Frame Clothes Organizer Maroon PP Collapsible WardrobeFinish Color Maroon DIYDoItYourself: very nice best quality [SEP] one of the best product and this is very useful [SEP] awesome luved it worth for money [SEP] usefulnice i like itnot so big not so small good go for it [SEP] only high value price,usefulnice i like itnot so big not so small good go for it
Men Checkered Single Breasted Formal Blazer (Dark Blue),positive,summarize what people like about Men Checkered Single Breasted Formal Blazer (Dark Blue): cloth feels like sack not recommended [SEP] a must buy my dad loved it [SEP] very good products and very rich fabric using material 5star rating thanks you flipcart [SEP] very nice colour and look is also goodworth for money,very good products and very rich fabric using material 5star rating thanks you flipcart
Sparrow world Dark Blue Cotton Runner210 cm X 155 cm Rectangle,positive,summarize what people like about Sparrow world Dark Blue Cotton Runner210 cm X 155 cm Rectangle: very good product and quality is bestthankyou flipkart [SEP] its a good looking product worth it for the price givenjust a little too light weighted hence a bit slippery [SEP] good but not very thick,its a good looking product worth it for the price givenjust a little too light weighted hence a bit slippery
Boys Full Sleeve Printed Hooded Sweatshirt,negative,summarize what people dislike about Boys Full Sleeve Printed Hooded Sweatshirt: pls dont buy its waste of money looks good before wash but poor fabric stretches [SEP] material is good but print is worse [SEP] print not available size is lately smallcolour did not matchwrost money [SEP] dont buy this product after [SEP] size is too small for my 5years old boy,pls dont buy its waste of money looks good before wash but poor fabric stretches
WDIZE Magic Book For Kids ( 4 Book + 10 Refill + 1 Pen + 1 Grip ),negative,summarize what people dislike about WDIZE Magic Book For Kids ( 4 Book + 10 Refill + 1 Pen + 1 Grip ): very bad product waste of money [SEP] worst product ever i bought from flipkart dont buy this product,worst product ever i bought from flipkart dont buy this product
FLORICAN Height and Angle Adjustable Mobile Holder,positive,summarize what people like about FLORICAN Height and Angle Adjustable Mobile Holder: i bought this reading the other reviews trust people who left such good reviews have got it right probably the best in the market at present sturdy and firm [SEP] i love this product its very sturdy and holds the phone perfectly in both horizontal and vertical planes happy with its performance [SEP] it is really good quality strong material as shown in the imagereally liked it [SEP] v easy to carry n good quality [SEP] good product go for it,i bought this reading the other reviews trust people who left such good reviews have got it right probably the best in the market at present sturdy and firm
"Glemora ISO Certified 100 Units Disposable 3 Ply Pharmaceutical Breathable Surgical Premium Black Disposable mask Non-Reusable Surgical Mask With Melt Blown Fabric Layer (Black, Free Size, Pack of 100, 3 Ply)",negative,"summarize what people dislike about Glemora ISO Certified 100 Units Disposable 3 Ply Pharmaceutical Breathable Surgical Premium Black Disposable mask Non-Reusable Surgical Mask With Melt Blown Fabric Layer (Black, Free Size, Pack of 100, 3 Ply): horrible quality and the worse packing ever do not buy its just waste of money [SEP] worst mask i ever seen it not worthy to our money plz you read my review dont by thease product my money and time waste to buy the mask [SEP] dont byits very loose mask [SEP] very very bad product [SEP] not a good qualityno cover no company its very poor quality",worst mask i ever seen it not worthy to our money plz you read my review dont by thease product my money and time waste to buy the mask
Bestie Toys Adjustable kids Suitable Quad Roller Skates - Size 6 to 12 UK (Red),positive,summarize what people like about Bestie Toys Adjustable kids Suitable Quad Roller Skates - Size 6 to 12 UK (Red): awsm prdct our baby loved it [SEP] this skates are too good [SEP] wow super filpkart tq [SEP] very good product quality is awesomemy son liked it very muchthanku [SEP] very nice product our child enjoying this,very good product quality is awesomemy son liked it very muchthanku
"Skylofts Soft Silicone Noise Reduction Ear Plugs for Sleeping, Meditation, Swimming adult and child, Reusable Earmuff for Travel Flights (Pack of 10) Ear Plug (Multicolor)",negative,"summarize what people dislike about Skylofts Soft Silicone Noise Reduction Ear Plugs for Sleeping, Meditation, Swimming adult and child, Reusable Earmuff for Travel Flights (Pack of 10) Ear Plug (Multicolor): tataly disappointed it was larj size i think its sutable for jents not for girls n women plzladiesorderfromamezonnoanyvoice controli hateisithinkuselessextradeliverservisedeliverboyswasveryhelpingnaturebutproductits notgoodand toomuch hard ithinkuselessonestaralso [SEP] waste of money and time",tataly disappointed it was larj size i think its sutable for jents not for girls n women plzladiesorderfromamezonnoanyvoice controli hateisithinkuselessextradeliverservisedeliverboyswasveryhelpingnaturebutproductits notgoodand toomuch hard ithinkuselessonestaralso
Women Black Artificial Leather Belt,positive,summarize what people like about Women Black Artificial Leather Belt: very nice belt in this range mom nath [SEP] it was really good experience of mine thank you for such a good product i must say it was unexpected and i m loving it [SEP] best in style and looks perfect fitworth the money [SEP] came in a very nice container the belt is cool [SEP] its good but quality is not upto the mark,it was really good experience of mine thank you for such a good product i must say it was unexpected and i m loving it
MarQ by Flipkart 11-Litre 11AOTMQBU Oven Toaster Grill (OTG) with Bake Tray  (Blue),positive,summarize what people like about MarQ by Flipkart 11-Litre 11AOTMQBU Oven Toaster Grill (OTG) with Bake Tray  (Blue): good product my very easy to use it small in size loved it [SEP] this oven i gifted to my husband and he is so happy when he see it he likes so much and 30 min just watch it very closely this oven is very good after using i given this review i can cook in every thing and reheat too so go for it budget friendly and too small so cute oven [SEP] best at this pricebought it for 16kand it works wellpros compact does the jobcons body gets too heated up rotisserie wouldve been a great addition [SEP] product are very very very good [SEP] small compact easy to use best 1790,this oven i gifted to my husband and he is so happy when he see it he likes so much and 30 min just watch it very closely this oven is very good after using i given this review i can cook in every thing and reheat too so go for it budget friendly and too small so cute oven
Hillgrove 10in1 Biggers 25W Soldering Iron Kit 25 W SimpleFlat Pointed Tip,positive,summarize what people like about Hillgrove 10in1 Biggers 25W Soldering Iron Kit 25 W SimpleFlat Pointed Tip: very nice item at very low cost and delivered just ahead of time all things in this pack is very good condition thank you so much [SEP] it is very super nice how they in this photo same that like only is there it is super [SEP] wowwww great price and great work deal is so good nice [SEP] best soldring iron and best prise i love flipkart but i saw that the soldring iron plug is 3 pin and very very shortok thanki love flipkart and his team very mutchthank [SEP] its excellent and i really like it your service is also highly appreciated i feel i should give a thankful to your excellent and timely service thank u so much,best soldring iron and best prise i love flipkart but i saw that the soldring iron plug is 3 pin and very very shortok thanki love flipkart and his team very mutchthank
"PUHBRHY Steel Electric Meat Grinders for Kitchen Food Chopper, Meat, Vegetables, 700 W Food Processor (Multicolor)",positive,"summarize what people like about PUHBRHY Steel Electric Meat Grinders for Kitchen Food Chopper, Meat, Vegetables, 700 W Food Processor (Multicolor): it is worth for money this is the best quality product [SEP] jar is small goodnot very good [SEP] very good productworks in minutei was amazed at first use [SEP] this not good very bad quality [SEP] nice products thanks for giving me this products i am so happy thanksgiving flipcart",nice products thanks for giving me this products i am so happy thanksgiving flipcart
"Electronic Spices Tweeter 1.5-inch 240 Watts Max Dome Tweeters with Mounting Kit Angle, BLACK, Surface Set of 2 Tweeter Car Speaker (240 W)",positive,"summarize what people like about Electronic Spices Tweeter 1.5-inch 240 Watts Max Dome Tweeters with Mounting Kit Angle, BLACK, Surface Set of 2 Tweeter Car Speaker (240 W): super nice product thanks [SEP] giving good treble soundi have attached with fd f6000x 51 home theatre which giving best sound effectsthanks flipcart [SEP] good quality nice sound [SEP] good sound qualityu can go for this if u dont want to miss any beat [SEP] value for moneysound quality is perfect",giving good treble soundi have attached with fd f6000x 51 home theatre which giving best sound effectsthanks flipcart
"Indigo Creatives Large Size Swimming Ring With Cap,Goggles, Nose and Ear Plug Kids Set Kit Swimming Kit",positive,"summarize what people like about Indigo Creatives Large Size Swimming Ring With Cap,Goggles, Nose and Ear Plug Kids Set Kit Swimming Kit: enjoy my machi in this product [SEP] its really awesome thank you flipkart",its really awesome thank you flipkart
UPC Upgraded HandsFree Squeeze Microfiber Flat Spin Mop System 360 Flexible Head Mop Set,positive,summarize what people like about UPC Upgraded HandsFree Squeeze Microfiber Flat Spin Mop System 360 Flexible Head Mop Set: a must buy product when compared to round mop this is excellent and makes the job easy the idea is brilliant and microfiber pads are very easy to clean and dries faster one of the best choice to go for flat mop easily fits under fridge sofa computer table and cleans the floor absolutely neatly thank you upc and flipkart for bringing us this product [SEP] a brilliant product by up very effective outcomes as well as good material utilized in mop in addition to this im fully satisfied with the productthanks for that [SEP] very nice and useful product and all your cleaning requirements i am writng this review after using it and i can use it on floor as well as on walls also and believe it cleans very nicely and effortlessly loved it [SEP] very nice product clean the floor nicely [SEP] this an amazing mop with every essential thing in it you dont have to touch water a single time and ur home it cleanhighly recommended excellent product by upcthankyou upc,a must buy product when compared to round mop this is excellent and makes the job easy the idea is brilliant and microfiber pads are very easy to clean and dries faster one of the best choice to go for flat mop easily fits under fridge sofa computer table and cleans the floor abs
Inalsa Maxie Marvel 800 W Food Processor (White),positive,summarize what people like about Inalsa Maxie Marvel 800 W Food Processor (White): 200 satisfied with inalsa and its customer servicei must mention mrabdul from hyd csc i wish all companys csc should have people like him my good wishes for himwriting this review after 10 days of regirous quality check1 dish preparation time reduced by 70 overall2 product quality is 710 may be i belong to qa dept so bit strict on my review3 parts quality whether plastic or pvc are well thought before making like which part should be of which material4 grinding jar [SEP] i have been using their classic model for the last more than 11 years and been more than satisfied with the quality and the convenience of use hope the second one replicate the same thing for me [SEP] very good food processor [SEP] after 3 years of heavy use i can say it is very good product if service centres situated in rural areas than its 5 star product [SEP] ecxellant good and nice product,200 satisfied with inalsa and its customer servicei must mention mrabdul from hyd csc i wish all companys csc should have people like him my good wishes for himwriting this review after 10 days of regirous quality check1 dish preparation time reduced by 70 overall2 product qualit
StarAndDaisy Plastic Study TableFinish Color Pink DIYDoItYourself,negative,summarize what people dislike about StarAndDaisy Plastic Study TableFinish Color Pink DIYDoItYourself: size is not as expected [SEP] table lamp is not fitting on the table very poor not value for the amount [SEP] low quality product i m not satisfied,table lamp is not fitting on the table very poor not value for the amount
MILTON Thermosteel Flip Lid 500 ml FlaskPack of 1 Silver Steel,negative,summarize what people dislike about MILTON Thermosteel Flip Lid 500 ml FlaskPack of 1 Silver Steel: not holding heat for even halfan hour works three months only not good quality i thought of indian make better than chona but its useless [SEP] the product is from milton family this flask is sturdy and made of good material the hot water wont be hot after 3 hours quite disappointed with this product [SEP] product and delivery speed was excellent however the delivery person was very rude and irresponsible this is the first time we are facing such issue with flipkart he spoke very badly and shouted from the road causing bad commotion in front of the home i do not want to order anymore in flipkart just for this rude deliveryperson behavior to my father any business can go for downfall with such attitude especially on customerfront and at such young age [SEP] defective product dent on it [SEP] when i stored the hot waterafter that it gives me bad taste can u exchange with another piece,product and delivery speed was excellent however the delivery person was very rude and irresponsible this is the first time we are facing such issue with flipkart he spoke very badly and shouted from the road causing bad commotion in front of the home i do not want to order anymo
LS2917 Mesh Strap All Black Avatar Day and Date Functioning Quartz Analog Watch For Men,positive,summarize what people like about LS2917 Mesh Strap All Black Avatar Day and Date Functioning Quartz Analog Watch For Men: this product is really very very impressive and i really liked it in this range it is made of very good quality and the look is also a premium one i will really suggest everyone to buy this [SEP] thank you flip kart for such a good packaging and the product was awesome and price is also good and i loved this product and dilevery was very fast,this product is really very very impressive and i really liked it in this range it is made of very good quality and the look is also a premium one i will really suggest everyone to buy this
Men Solid Double Breasted Casual Blazer (Grey),positive,summarize what people like about Men Solid Double Breasted Casual Blazer (Grey): highly recommendedgreat colour perfect fit and quality [SEP] its really great as seen in the picture [SEP] all good but 1 thing is not suttisfying they not give us blazer cover that was unacceptable but the product is awesome very classy look [SEP] nice fabric and good fitting [SEP] on this price it was awesome,all good but 1 thing is not suttisfying they not give us blazer cover that was unacceptable but the product is awesome very classy look
Men Slim Fit Black Cotton Blend Trousers,positive,summarize what people like about Men Slim Fit Black Cotton Blend Trousers: quality awesome and elastic worth it to buy this one im happy to buy this one [SEP] nice and good qualati [SEP] good products i used this trouser very nice and comfortable too [SEP] nice product you guys can buy this product [SEP] clothes quilty too goodfitting is very good its delivered 2 days thanks flipkart,clothes quilty too goodfitting is very good its delivered 2 days thanks flipkart
Qubo Smart Cam 360 by HERO GROUP 1080p Full HD WiFi CCTV with Intruder Alarm System Security Camera,positive,summarize what people like about Qubo Smart Cam 360 by HERO GROUP 1080p Full HD WiFi CCTV with Intruder Alarm System Security Camera: good camera at this price point nice white gloss finish makes it a cute looking device their app is really cool you can check the timeline completely and track different events which happen in a day liked the two way talk feature it is very clear sound i can speak to the person on other side seamlessly also the picture quality is decent and even in night you get the clear view of the room using it in my living room and with 360 rotation it covers the complete area also it is [SEP] its good camera image clarity goodaudio clarity much better than mi cameramotion sense and person sense is there consbut recording will work only if sd card inserted even though you purchase cloud storageand continuous recording not available in cloud [SEP] this is a great 360 degree camera with 1080p quality view very easy to install and use it has intruder alarm system and also supports two way talk works with alexa and ok googlehighly recommending this product [SEP] amazing product extremely good picture quality works like a gem even at night also there is no lag unlike other cameras in the category [SEP] this is a wonderful product very efficient and great quality recording,good camera at this price point nice white gloss finish makes it a cute looking device their app is really cool you can check the timeline completely and track different events which happen in a day liked the two way talk feature it is very clear sound i can speak to the person o
"cello Pack of 18 Opalware Cello Dazzle Lush Fiesta Opalware Dinner Set, 18 Pieces Dinner Set (White, Microwave Safe)",negative,"summarize what people dislike about cello Pack of 18 Opalware Cello Dazzle Lush Fiesta Opalware Dinner Set, 18 Pieces Dinner Set (White, Microwave Safe): too small from expectation [SEP] very bad quality broken [SEP] dont buy flipkart is giving used or damaged product for low priceworst platesscratch marks present in every platesome white markspatches also seendue to my travel i was i unable to return the productplease dont buystill my wife eats my head with this plate seeing the scratches [SEP] looks good but not as great as they say one plate just broke even if they say it not easily breakable [SEP] very bad its not dinner plates very short dont try waste of money",dont buy flipkart is giving used or damaged product for low priceworst platesscratch marks present in every platesome white markspatches also seendue to my travel i was i unable to return the productplease dont buystill my wife eats my head with this plate seeing the scratches
"Mivi Fort S100 with 2 in-built subwoofers, Made in India 100 W Bluetooth Soundbar? ? (Black, 2.2 Channel)",positive,"summarize what people like about Mivi Fort S100 with 2 in-built subwoofers, Made in India 100 W Bluetooth Soundbar? ? (Black, 2.2 Channel): i have been researching about soundbar sound quality is amazing didn t expect it from indian brand boat you got a big competition in terms quality and sound quality impressive using hdmi source and tried multiple options everything is working good one thing is this product you can t expect dolby but it gives you cinematic experience for sure i have experienced literally good for medium size hall installation is not done i unboxed the product myself sound quality 45bass [SEP] good design and built sound quality is also good bass is superb the quality of inbuilt 2 subwoofers are goodconnectivity options are more like hdmi bluetooth and it comes with bluetooth version 51 coaxial aux multiple equalizer like movie news musicoverall a good soundbar from mivi [SEP] it was great to see that india s most trusted brand to launch a sound barmade in india to mention on the topi ordered 100w bluetooth sound bar and the setup was pretty easysound quality has been really good with a perfect theatrical experience due to the two inbuilt subwoofersthe clearity is also good and the bass is simply upto the markelegant and stylish in lookscan easily control through already provided remotethe voice looks really clear in every corners of room [SEP] superb fantastic im very much happy with this soundbar i was looking for a good soundbar with adequate amount of bassbut surprisingly this mivi fort s100 bar produces sufficient bass crisp mids and highs for your medium size room which will not bang your head watching movie is delight like gunshots blasts etcsound is superb just feel like a dolby sound while connecting to hd videos with blutooth bass is fantastic at this price best sound bar built quality is super u [SEP] this audio product from mivi is really awesomehowthe crystal clear sound with",i have been researching about soundbar sound quality is amazing didn t expect it from indian brand boat you got a big competition in terms quality and sound quality impressive using hdmi source and tried multiple options everything is working good one thing is this product you ca
MOTOROLA AP 450 with HEPA Filter Smart App Connectvity Portable Room Air PurifierWhite,negative,summarize what people dislike about MOTOROLA AP 450 with HEPA Filter Smart App Connectvity Portable Room Air PurifierWhite: i am very disappointed with this product it says air purifier but i dont feel it does the job waste of money i raised return but flipkart rejected the return not recommended this product dont know how this product got the good rating [SEP] defective productafter one month use fan is giving to much sound very disappointed [SEP] this is the worst product not filtering the air not getting purified and the flipkart service is very bad [SEP] useless productso please dont buy [SEP] no difference before and after using the product waste of money,i am very disappointed with this product it says air purifier but i dont feel it does the job waste of money i raised return but flipkart rejected the return not recommended this product dont know how this product got the good rating
"Synthetic Leather |Lightweight|Comfort|Summer|Trendy|Walking|Outdoor|Daily Use Sneakers For Men (White, Black, Red)",positive,"summarize what people like about Synthetic Leather |Lightweight|Comfort|Summer|Trendy|Walking|Outdoor|Daily Use Sneakers For Men (White, Black, Red): nice product according to price [SEP] price ka according good perfect size and good quality thank you shophy [SEP] good product as per their price of 399 [SEP] good product very good shoes [SEP] very good perfect size and quality",price ka according good perfect size and good quality thank you shophy
Miss & Chief by Flipkart Chargeable 3D Remote Control Lighting Famous Car for 3 Years Kids??(Blue),positive,summarize what people like about Miss & Chief by Flipkart Chargeable 3D Remote Control Lighting Famous Car for 3 Years Kids??(Blue): amazing car working good rate qualityworking all things is better m fully satisfied [SEP] speed is very good control are also very good packaging was also good cable has charging indicator of red colour must buy this this is best really my brother is so happy [SEP] very nice car gan free [SEP] the product is very nice nd looks like real bmw i8 [SEP] working finebut buyers please note it doesnt have front wheel drive,speed is very good control are also very good packaging was also good cable has charging indicator of red colour must buy this this is best really my brother is so happy
Hiru Party Light 50W RGB LED Brick Light Remote IP65 LED Flood Light Flood Light Outdoor LampMulticolor Blue Red Pink Yellow,positive,summarize what people like about Hiru Party Light 50W RGB LED Brick Light Remote IP65 LED Flood Light Flood Light Outdoor LampMulticolor Blue Red Pink Yellow: very very good nice perfect product pls buy this product very very good value for money [SEP] very good paisa vasool product lovely lighting [SEP] vary vary vary good productiitpaisa vasul product [SEP] body is low quality but light ok [SEP] khub bhalo product nijer ghorer jonno i am so happy,very very good nice perfect product pls buy this product very very good value for money
Glen GL 6033 Room Air PurifierWhite,positive,summarize what people like about Glen GL 6033 Room Air PurifierWhite: good purifier but purification rate is slow although its suitable for my 250 square feet room as mentioned in the product specifications glen purifier got everything it needs like uv anion hepacarbon activated superb combination customer care are responsiveglen purifier are good choice as they are least price but highly efficient like phillipshoneywell etc if your pollution level are beyond the limit then your filters are going to last 6m max especially hepa filters im an asthm [SEP] extremely good it was red when we switched on and after 20 minutes it became green we could feel the freshness in the room [SEP] seems to be doing the job it is meant for showing red air quality on diwali night and when i checked the filter next day it was black only downside is no pm level display only colors for air quality but good product in the range [SEP] it is my first day of use considering the price it seems to be the value for money though there are three colour to see the current air quality no display of pm level [SEP] take my advise buy some other brandthe light indicating air quality status doesnt show the real status of air quality and is a flawed designwhen i plug it in my room the light goes blue indicating good air quality and after 10 15 mins of usage it goes orangered lolthe build quality is also not goodthe service center doesnt respond to calls for querydemowill never buy a glen product againi tried to get a refund so that i could buy some other brand even an expensive o,good purifier but purification rate is slow although its suitable for my 250 square feet room as mentioned in the product specifications glen purifier got everything it needs like uv anion hepacarbon activated superb combination customer care are responsiveglen purifier are good
Lakshmi ez Wet Grinder??(Maroon),negative,summarize what people dislike about Lakshmi ez Wet Grinder??(Maroon): unsatisfactory product out of 2 stones 1 stone was working and other was getting stuck in the middle gets heated within 10 minutes of working on dialing to customer care agent call gets diverted to some other locationa complete defective product waste of spending money on the product if its not working as expected [SEP] not good over heat combatant [SEP] not good product packingscrew bush mssing [SEP] very bad qualityim very disappointed [SEP] when we start the grinder its body became heat to early,unsatisfactory product out of 2 stones 1 stone was working and other was getting stuck in the middle gets heated within 10 minutes of working on dialing to customer care agent call gets diverted to some other locationa complete defective product waste of spending money on the pro
SIE STORE Solid Single Comforter for Mild WinterMicrofiber Maroon Grey,negative,summarize what people dislike about SIE STORE Solid Single Comforter for Mild WinterMicrofiber Maroon Grey: very poor quality disappointed [SEP] very poor quality so badit is so think [SEP] very bad product because mynta have better one same model poor quality [SEP] quality not good for this quality 500 is enough too much price [SEP] quality is cheap not worth the price,very bad product because mynta have better one same model poor quality
Hindware Ripple 90 Auto Clean Wall Mounted Chimney (Black 1350 CMH),negative,summarize what people dislike about Hindware Ripple 90 Auto Clean Wall Mounted Chimney (Black 1350 CMH): please dont go for it flipkart and hindware is making fool if any problem will come they are not going to help i dont want to use abusing words but they people deserve so much [SEP] exhaust pipe pvc material description not mention and installation charges asking rs2000 [SEP] hindware installation team is worst never suggested [SEP] auto cut off after every 15 20 minutes runningtechnician visit 2 times but problem yet not to be resolvesucssion power was not reaches expected leveloverall i am disappointed [SEP] never take this product because only of the worst experience you can face during service i got installed on sep in 1 month it stopped working raised complaint on 26 october and today 20 november still the complaint is overlooked and its not working,never take this product because only of the worst experience you can face during service i got installed on sep in 1 month it stopped working raised complaint on 26 october and today 20 november still the complaint is overlooked and its not working
PHILIPS hl 1660 700 W Food Processor (White),negative,summarize what people dislike about PHILIPS hl 1660 700 W Food Processor (White): not received good quality product no gd quality service plz dont buy this [SEP] i bought this philips food processor in dec 2016 and in march 2017 its speed knob has gone free its very noisy big jars for making shake cannot make banana or mango shake properly big lumps of fruits can be foundvery bad productbefore it i used bajaj food factory which had no problem for atleast 45 yeras [SEP] not received a good quality product [SEP] not very satisfied as compared to my 11 year old inalsa food processor wet grinding jar should be included for it to qualify as complete food processor [SEP] bad product got this food processor just 2 weeks back from vijay sales and the motor is not working raised a complaint and its been more that 2 days no philips technician has come by to repair it a waste of money and a lot of headache steer away from the product,i bought this philips food processor in dec 2016 and in march 2017 its speed knob has gone free its very noisy big jars for making shake cannot make banana or mango shake properly big lumps of fruits can be foundvery bad productbefore it i used bajaj food factory which had no pro
Cola Music Bamboo Flute (45 cm),positive,summarize what people like about Cola Music Bamboo Flute (45 cm): it is good but not more than expected [SEP] good quality and sounds as expected [SEP] nice product i am not an musician but still it is worthy within this price [SEP] superb quality of voice [SEP] its very nice flue but i had thought it will black but it is red,nice product i am not an musician but still it is worthy within this price
Auto Hub Microfiber Vehicle Washing ClothPack Of 2 800 GSM,positive,summarize what people like about Auto Hub Microfiber Vehicle Washing ClothPack Of 2 800 GSM: very good quality its worth it [SEP] good quality in this affordable price [SEP] something between better and bestnot the bestbut worth buy [SEP] nice aa car wash lai buhat useful aa eh [SEP] go for it the product is of very good quality and finish,something between better and bestnot the bestbut worth buy
Women Regular Fit White Viscose Rayon Trousers,positive,summarize what people like about Women Regular Fit White Viscose Rayon Trousers: quality if the product is good value for money [SEP] product provides super comfort i loved it it is just like shown in the picture [SEP] awesome palazzo embroidery was too good as expected and cloth is soft rayon feels comfortable after wearing [SEP] nice product with good quality [SEP] very comfortableloved it,awesome palazzo embroidery was too good as expected and cloth is soft rayon feels comfortable after wearing
colcum Collapsible Wardrobe 88130 Micro Fiber Collapsible WardrobeFinish Color Maroon DIYDoItYourself,positive,summarize what people like about colcum Collapsible Wardrobe 88130 Micro Fiber Collapsible WardrobeFinish Color Maroon DIYDoItYourself: this wardrobe is very useful the arrangement of clothes in the wardrobe is supervalue for money istallation is little tougher and once you get the way it must be easier 1 road 2 connectors are extra in the packetoverall the product is good and worth for money thank you flipkart [SEP] as you can see this looks pretty good but it was pretty tough to assemble [SEP] nice product good storage space good quality [SEP] good for small family [SEP] best prodect in flipcart,this wardrobe is very useful the arrangement of clothes in the wardrobe is supervalue for money istallation is little tougher and once you get the way it must be easier 1 road 2 connectors are extra in the packetoverall the product is good and worth for money thank you flipkart
Glun Water Quality Purity Tester 0-990 PPM Digital TDS Meter,positive,summarize what people like about Glun Water Quality Purity Tester 0-990 PPM Digital TDS Meter: its really very much good tds meter gives almost accurate results i tested for rain water it gave me 15 ppm and when i checked my submersible water it gave me 581 ppm next day i again checked same reading was almost same so for me its a good tds meter thanks to flipkart for fast and convenient delivery [SEP] this product is amazing it came with very good packaging and quality is the best cant be better than this it shows accurate reading all the time it has 3 years of warranty too i just cant take my eyes of this do buy this product because its accuracy and the quality both are fantastic [SEP] good quality product quick response [SEP] very best quality in low price its working very good and fast [SEP] too help to check quality of water,its really very much good tds meter gives almost accurate results i tested for rain water it gave me 15 ppm and when i checked my submersible water it gave me 581 ppm next day i again checked same reading was almost same so for me its a good tds meter thanks to flipkart for fast
Women Formal Black Synthetic Belt,positive,summarize what people like about Women Formal Black Synthetic Belt: just go for it dont think twice [SEP] i love this you can wear it to all the outfits like jeans dresses etc its fits great dont think much the product is soo good you can buy it without second thoughtim extremely happy with this thank you flipkart [SEP] this product is amazing its too good i really love it [SEP] i really like the product 212 worth each penny go for it girls [SEP] nice producti lovv this belt fully satisfied,i love this you can wear it to all the outfits like jeans dresses etc its fits great dont think much the product is soo good you can buy it without second thoughtim extremely happy with this thank you flipkart
PrintStar 12A / Q2612A Compatible Toner Cartridge For Hp1005 Canon 2900B Black Ink Cartridge,positive,summarize what people like about PrintStar 12A / Q2612A Compatible Toner Cartridge For Hp1005 Canon 2900B Black Ink Cartridge: just like the original hp 12a cartridge the print quality is awesome as like the original one and lasts long this product is value for money i am very happy with this purchase and next time when i have to purchase cartridge for my printer i will buy this one only and i will recommend you all who ever read this review to purchase this cartridge without any doubt [SEP] looks like original hp very good print quality [SEP] print quality not good very bad dont waste your money [SEP] gud quality and 700 page printing [SEP] money value product excellent product,just like the original hp 12a cartridge the print quality is awesome as like the original one and lasts long this product is value for money i am very happy with this purchase and next time when i have to purchase cartridge for my printer i will buy this one only and i will recom
"Pureit Max Water Saver 10 L RO UV MF Water Purifier with Eco Recovery Technology? ? (Black, White)",negative,"summarize what people dislike about Pureit Max Water Saver 10 L RO UV MF Water Purifier with Eco Recovery Technology? ? (Black, White): i would like to give 1ratingit worked properly for 3months and thn the flow of water got reduced even though cleaning coilcleaning did by service guyi dont recommend to buy this as its price is too high and quality is also not goodwithin year need invest more thn 1k for cleaning changing coil etc etcso not satisfied with product [SEP] not at all useful for salty water if you want to purify salty water in your locality then it will only work for 2 3 months after that membrane will stop working even though it was under warranty i had to pay to fix new membrane it was horrible service by pure itwill never ever buy pure it [SEP] please do not buy this product its totally waste of money you might find it cheaper and the catchy taglines are really attracting but the after sales service is worst among all when i bought this water purifier first month was very smooth and all was fine but after one month the the water filtration unit is stopped working i have to call the service centre almost after a week when he came and repair the filter the water quality was not as earlier i complaint against regarding this but ti [SEP] please dont buy any low or middle class family you can buy it easily but maintaining this machine is too costlyproduct is ok but after buying in every 6000 liter you have to change all the filters which cost is nearly rs4500 which is too costly dont think to use after 6000 liter till be locked automatically the software is made that way only [SEP] product is good but installation experience is very bad because installation expert has no manner to talk with anyone totally worst nature of your expert he is roughly fitting the purifier without caring of any of the parts soflipkart first give training to your installation expert than sell the product overall worst",please do not buy this product its totally waste of money you might find it cheaper and the catchy taglines are really attracting but the after sales service is worst among all when i bought this water purifier first month was very smooth and all was fine but after one month the
"GiftMax Smart Watch Magnetic Suction Charger For 2 Pin (Noise Colorfit Pro 2,3, Boat strom,Nexfit run) smart watch, 44mm Adapter Length 45 cm Compatible with USB Charging Cable 0.45 m Magnetic Charging Cable (Compatible with Nextfit Run, Colorfit Pro 2,, Colorfit Pro 3, Boat strom, Black, One Cable) 0.45 m Magnetic Charging Cable (Compatible with Nextfit Run, Colorfit Pro 2,, Colorfit Pro 3, Black, One Cable) Charging Pad",negative,"summarize what people dislike about GiftMax Smart Watch Magnetic Suction Charger For 2 Pin (Noise Colorfit Pro 2,3, Boat strom,Nexfit run) smart watch, 44mm Adapter Length 45 cm Compatible with USB Charging Cable 0.45 m Magnetic Charging Cable (Compatible with Nextfit Run, Colorfit Pro 2,, Colorfit Pro 3, Boat strom, Black, One Cable) 0.45 m Magnetic Charging Cable (Compatible with Nextfit Run, Colorfit Pro 2,, Colorfit Pro 3, Black, One Cable) Charging Pad: worst product dont orderits not even working ive waited for 1 week for delivery n its not working [SEP] very bad product charge not charge watch dont buy [SEP] dont buy this product [SEP] not support to charge [SEP] spoiled my watch by this charger",worst product dont orderits not even working ive waited for 1 week for delivery n its not working
AGARO Caspian Cool Mist Ultrasonic Humidifier Super Quiet Auto Shut Off Room Air PurifierWhite,positive,summarize what people like about AGARO Caspian Cool Mist Ultrasonic Humidifier Super Quiet Auto Shut Off Room Air PurifierWhite: very effective and i could feel a huge difference in my breathe i could breathe better loved this product [SEP] easy to install and use highly recommended [SEP] nice productvery usefull well built quality [SEP] very good with high intensity,very effective and i could feel a huge difference in my breathe i could breathe better loved this product
Inalsa Easy Prep_ 800 W Food Processor (Black),positive,summarize what people like about Inalsa Easy Prep_ 800 W Food Processor (Black): a brilliant product for the lockdown when you have to cook everything yourself chopping grating kneading of atta etc can be done super fast loved it must buy at this price [SEP] best value for moneybest atta makercompare to other brand it is a best [SEP] its a good product but the blade is small that food wont be chopped at the first gobut overall its a good product must buy [SEP] very nice performance and trouble free i am fully satisfied with this product [SEP] super product very useful,a brilliant product for the lockdown when you have to cook everything yourself chopping grating kneading of atta etc can be done super fast loved it must buy at this price
ELV Aluminium Adjustable And Foldable Dock Mobile Holder,negative,summarize what people dislike about ELV Aluminium Adjustable And Foldable Dock Mobile Holder: waste of money after 2 months of usage became very loose and enables to hold the phone [SEP] low grade material same shape product i buy from local vender for rs70 what kind of pricing nowadays flipkart is doing overpriced low quality [SEP] it is not as good as claimed while comparing price price tag of 550 is too much for this this shuld not sell more than 250 [SEP] product is gud but the finishing of the product is very bad paint finish spoil the beauty of this product very bad paint work its better not to paint if its aluminium [SEP] the phone keep falling as there is no support to hold it,product is gud but the finishing of the product is very bad paint finish spoil the beauty of this product very bad paint work its better not to paint if its aluminium
Cycle Om Shanthi Navin Cup Sambrani With Resin Benzoin Fragrance Pack Of 412 Set of 4,positive,summarize what people like about Cycle Om Shanthi Navin Cup Sambrani With Resin Benzoin Fragrance Pack Of 412 Set of 4: nice product thanks flipkart [SEP] its awesome thank you filpkart [SEP] product is really good [SEP] very very good product [SEP] highly recommendednice fragrance like hawanthanku flipkart,highly recommendednice fragrance like hawanthanku flipkart
YUV Digital LCD Pre-Calibrated TDS Meter Tester Portable Pen 0.01 High Accurate Filter Measuring Water Quality Purity Test Analyzer Tool for Aquarium Pool Hydroponics & Drinking RO Water Digital TDS Meter,positive,summarize what people like about YUV Digital LCD Pre-Calibrated TDS Meter Tester Portable Pen 0.01 High Accurate Filter Measuring Water Quality Purity Test Analyzer Tool for Aquarium Pool Hydroponics & Drinking RO Water Digital TDS Meter: outstanding product very useful [SEP] very good productresult immediatelyeasy to usebuilt quality is goodvalue for money [SEP] good quality products [SEP] its working as expected value for money [SEP] perfect one but a suitable casing must,very good productresult immediatelyeasy to usebuilt quality is goodvalue for money
Qozent Hand Gloves For Kitchen Dish Washing Combo Reusable Rubber Silicon Household Safety Wash Scrubber Heat Resistant Kitchen Gloves for Dish washing Cleaning Gardening Wet and Dry Glove hand gloves for kitchen Multicolour 1 Pair free size Dry Disposable GloveSmall,negative,summarize what people dislike about Qozent Hand Gloves For Kitchen Dish Washing Combo Reusable Rubber Silicon Household Safety Wash Scrubber Heat Resistant Kitchen Gloves for Dish washing Cleaning Gardening Wet and Dry Glove hand gloves for kitchen Multicolour 1 Pair free size Dry Disposable GloveSmall: product quality is bad [SEP] nt gud at all useless prdct [SEP] this is not combo pack this is the single pic please check description notice product quality is not good very bad quality [SEP] verry verry baad products [SEP] first of all dont have the return policy and 2nd its had gave in description that the combo of 5 gloves but i only get 1 pcs and charge 204 waste of money and the quality of the product is very poor,first of all dont have the return policy and 2nd its had gave in description that the combo of 5 gloves but i only get 1 pcs and charge 204 waste of money and the quality of the product is very poor
Small 5 L Backpack Stylish Cute Mini 3PCS Combo Set Backpack For Girls (Pink) (Pink),positive,summarize what people like about Small 5 L Backpack Stylish Cute Mini 3PCS Combo Set Backpack For Girls (Pink) (Pink): small bag but i like it [SEP] good product osm look perfect [SEP] products is a good vale for money but size small [SEP] ot is a awesome productworth for moneyprice is less but the thing is bestyou all can definitely go for it but space is less910 [SEP] nice product mere to 5 star hai l am so happy,ot is a awesome productworth for moneyprice is less but the thing is bestyou all can definitely go for it but space is less910
Anayatech Solid Doreamon combo with star happy birthday combo happy birthday foil balloon2 doreamon foil balloon2 blue star foil2 silver curtain36 blue and white balloonpack of 50 BalloonBlue White Pack of 51,positive,summarize what people like about Anayatech Solid Doreamon combo with star happy birthday combo happy birthday foil balloon2 doreamon foil balloon2 blue star foil2 silver curtain36 blue and white balloonpack of 50 BalloonBlue White Pack of 51: awesome product and wow quality only thing is there were no stars in the packitems contain in pack are one moon 2 doremon happy birthday set and lots of balloon very happy and satisfied [SEP] its best decor for kids i loved it must buy [SEP] best products affordable price [SEP] awesome i got before time thank you flipkart [SEP] amazing productmoon is missing,awesome product and wow quality only thing is there were no stars in the packitems contain in pack are one moon 2 doremon happy birthday set and lots of balloon very happy and satisfied
MAHARAJA WHITELINE Mark1 Classic JE106 450 W Juicer 1 Jar Red White,positive,summarize what people like about MAHARAJA WHITELINE Mark1 Classic JE106 450 W Juicer 1 Jar Red White: build quality is very good no comments on that but design is average very good for juicing citrus fruits like orange there are two drawbacks1 the juice spills out through the lid gaps2 cleaning is tricky as the lid edges are sharp and might get cut and some areas are unreachable to clean need brush with long bristles [SEP] its simply a very good n nice product worth of pricego for it [SEP] exllent product thank u flipcart,build quality is very good no comments on that but design is average very good for juicing citrus fruits like orange there are two drawbacks1 the juice spills out through the lid gaps2 cleaning is tricky as the lid edges are sharp and might get cut and some areas are unreachable
Mayne Exceed Helicopter With Remote Control Charging Helicopter Toys For Boys??(Multicolor),negative,summarize what people dislike about Mayne Exceed Helicopter With Remote Control Charging Helicopter Toys For Boys??(Multicolor): very bad product totally wastage of money remote did not work so during first flight is went away from range and did not came back in remote only start and up buttons available but no button available to take it down company defects in design and manufacturing of remote and also very low quality material used in helicopter [SEP] not working waste of money zero result product [SEP] very delicate piece dont buy [SEP] broke after 1 day of using it bad quality weast of money dont go for it [SEP] low quality waste money,very bad product totally wastage of money remote did not work so during first flight is went away from range and did not came back in remote only start and up buttons available but no button available to take it down company defects in design and manufacturing of remote and also
K A Enterprises Solid metallic finish balloons for birthday anniversary party decoration pack of 50 Multi color BalloonMulticolor Pack of 50,negative,summarize what people dislike about K A Enterprises Solid metallic finish balloons for birthday anniversary party decoration pack of 50 Multi color BalloonMulticolor Pack of 50: very bad not metallic its normal balloons nonreturnable [SEP] very very bad product only 50 balloons [SEP] all are balloons worst quality all are holes [SEP] worst product wast of money [SEP] it was shown 100pieces of balloons before i orderbut i received only 50piecesiam totally dissopionted and feeling bad dont buy this product very worst productdont waste your moneyplease dont buy,it was shown 100pieces of balloons before i orderbut i received only 50piecesiam totally dissopionted and feeling bad dont buy this product very worst productdont waste your moneyplease dont buy
SSTOYS 3D Fast Modern Car??(Multicolor),positive,summarize what people like about SSTOYS 3D Fast Modern Car??(Multicolor): good my baby very happy [SEP] average product good for gifting purpose [SEP] i am veryyyyyyyyyyyyyy happy buy it very good prouduct good quality [SEP] it is a good option for a gift as it was but the prize is a little higher according to the quality purpose [SEP] value for money and beautiful product,it is a good option for a gift as it was but the prize is a little higher according to the quality purpose
Whirlpool CLASSIC CF 60 BK HOOD 60 cm 750 m /hr Wall Mounted Chimney (Black 750 CMH),negative,summarize what people dislike about Whirlpool CLASSIC CF 60 BK HOOD 60 cm 750 m /hr Wall Mounted Chimney (Black 750 CMH): very bad product i return but flipkart didnt dont buy it [SEP] dont bye this product [SEP] worth for money paid installation no pipe in box [SEP] nice products this range but only chimney no pipe,very bad product i return but flipkart didnt dont buy it
Nova Plus Amaze NI 10 1100 W Dry IronGrey Turquoise,positive,summarize what people like about Nova Plus Amaze NI 10 1100 W Dry IronGrey Turquoise: yeah its very good product and it works very good only thing that is very light weight im very much satisfied with this product at this price [SEP] very nice ultimate product low cost also i thanks to much flipkart i recommended to my friends also and product is exactly the same to same is delivery time also good [SEP] product good chipe and best work well comfortable [SEP] good product and very fast workingi use this product from 8 months and it works good [SEP] super product great working and sexy look i love this product,very nice ultimate product low cost also i thanks to much flipkart i recommended to my friends also and product is exactly the same to same is delivery time also good
KENT 16079 - Wet Grinder Wet Grinder??(White),positive,summarize what people like about KENT 16079 - Wet Grinder Wet Grinder??(White): good product with no layback and works perfectly well would recommend others to purchase the product [SEP] everything is good and awesome but little heating issue other that its good one [SEP] it makes atta dough within 2 minutes just go for it,good product with no layback and works perfectly well would recommend others to purchase the product
Cherry Wood Rosewood Sheesham Solid Wood 4 Seater Dining SetFinish Color Teak Finish DIYDoItYourself,positive,summarize what people like about Cherry Wood Rosewood Sheesham Solid Wood 4 Seater Dining SetFinish Color Teak Finish DIYDoItYourself: i guess in this price range this is the best productsuper quality and packing we can assemble furniture ourselvesi highly recommend for those who are interested in solid wood dinning furniture [SEP] product is good some bolts were big and have to cut by the carpenter incurring extra expenses other than that its a wonderful purchase [SEP] really a very good value for money n durable one can buy it without any doubt in mind n recommend [SEP] very good product easy to install [SEP] nice packing and nice product,i guess in this price range this is the best productsuper quality and packing we can assemble furniture ourselvesi highly recommend for those who are interested in solid wood dinning furniture
HARIOM ALL IN ONE Solid Wood Study TableFinish Color KITTY PINK Preassembled,positive,summarize what people like about HARIOM ALL IN ONE Solid Wood Study TableFinish Color KITTY PINK Preassembled: this is too good my son like this very much [SEP] very good my kids like it very much [SEP] good look my son likes it [SEP] my daughter war happy and she used it daily at her reading time thank you [SEP] superb best for this price,my daughter war happy and she used it daily at her reading time thank you
Aero Seeds Aero Seeds 45 Varieties 2700 seedsOrganicHybrid Fruits Vegetables Seed with Start your own Garden Seed4000 per packet,negative,summarize what people dislike about Aero Seeds Aero Seeds 45 Varieties 2700 seedsOrganicHybrid Fruits Vegetables Seed with Start your own Garden Seed4000 per packet: each packet contains very few seeds not happy with the product [SEP] bad or expired products total waiste [SEP] plz dnt buy this guys total waste money fenugreek coriander spinach showed in pic 200seeds but i reved only 30 only very disappointed in all its few seeds only plzzzz dnt buy u cant return also this product dnt buy buy i hv just order buy reding the review product but its very bad [SEP] average not satisfied seeds [SEP] seeds are not good condition i found 39 varient out of 45 and also seeds quantity is too less in all packed i think in all pack not more than 1000 seeds,plz dnt buy this guys total waste money fenugreek coriander spinach showed in pic 200seeds but i reved only 30 only very disappointed in all its few seeds only plzzzz dnt buy u cant return also this product dnt buy buy i hv just order buy reding the review product but its very ba
"Lenovo IdeaPad 3 Ryzen 5 Hexa Core 5500U - (8 GB/512 GB SSD/Windows 11 Home) 15ALC6 Thin and Light Laptop? ? (15.6 inch, Arctic Grey, 1.65 kg, With MS Office)",positive,"summarize what people like about Lenovo IdeaPad 3 Ryzen 5 Hexa Core 5500U - (8 GB/512 GB SSD/Windows 11 Home) 15ALC6 Thin and Light Laptop? ? (15.6 inch, Arctic Grey, 1.65 kg, With MS Office): i got my laptop delivered and this is a solid oneryzen 5 does all the normal work very efficientlyits comes preloaded with windows 11 and ms office 2021 with lifetime validity and one good thing is that with this laptop is thatthat it comes with 2 year warrantyoverall a good experience with thisbuild quality is speakers are decentdisplay are avg not like ips but its normal you can manage itoverall value for money product [SEP] very good product and awesome and perfect quality and performance is the best [SEP] awesome performance amd ryzen 5 and amd graphicsbuild quality is so good in this pricebattery back up very well upto 6 7 hrsscreen quality not bed not ips level quality but very nicewithout any issuessound quality is pretty good dolby soundkeyboard and its led backlit is so cool i like itand 2 years warranty 65w fast travel adapteroverall this is the best laptop under rs 50000this laptop suitable for office use education purposes video or photo editing coding ja [SEP] damm this is a beast laptop under 50ki got this laptop as low as 45k and the design performance and battery backup is too good im obsessed with backlight keyboard loved it pretty decent design and looks so cool [SEP] everything is awesome in case of performance and speakers multitaskingprosit can run multi windows four heavy applications at a time it is very good students and multitaskingthe speakers are good and high enough to listen consthe battery backup is medium about multimedia other cases like coding and editing it gives good battery backupthe main disadvantage is the screen it is lcd looking like not so goodit has only 2gb amd radeon graphics so you cant play heavy games and some",everything is awesome in case of performance and speakers multitaskingprosit can run multi windows four heavy applications at a time it is very good students and multitaskingthe speakers are good and high enough to listen consthe battery backup is medium about multimedia other ca
Dinine Craft Set of 4 Showpiece for Home Decor Handicraft Showpiece for Table office Decor Small Statue of 4 Baby Monk Buddha Handicraft Showpiece for Modern Interior Multi color Handicraft Showpiece Decorative Showpiece 4 cmPolyresin Multicolor,positive,summarize what people like about Dinine Craft Set of 4 Showpiece for Home Decor Handicraft Showpiece for Table office Decor Small Statue of 4 Baby Monk Buddha Handicraft Showpiece for Modern Interior Multi color Handicraft Showpiece Decorative Showpiece 4 cmPolyresin Multicolor: very cute and nice product eye catching colours spreading positive vibes nice quality attractive monks highly recommend it to buy reasonable price [SEP] these cute little monks stole my heart i bought them for christmas gifting and gifted myself very nice product at this price one can go ahead if looking for self or for gifting within budget extremely happy with the purchase [SEP] soo cute size is small but looking soo sooo soo cute im so happy thank u flipkart [SEP] amazing quality of these showpieces sturdy and has neat finish they are so lovely and cutemy kids loved it [SEP] really so cute and adorable showpiece i bought it for my little princess and she is very much happy by getting this its a good quality and great colour finishing its so gorgeous and it boost up the glaze of that cornerhappy buying it,really so cute and adorable showpiece i bought it for my little princess and she is very much happy by getting this its a good quality and great colour finishing its so gorgeous and it boost up the glaze of that cornerhappy buying it
NEUDOT RELISH Engineered Wood Computer DeskStraight Finish Color TEAK Knock Down,positive,summarize what people like about NEUDOT RELISH Engineered Wood Computer DeskStraight Finish Color TEAK Knock Down: trust me all this is a great item to purchase at current price on offer free installation with good care good behaviour of staff who came to install deserves 5 star rating wish this company comes up with some smart furniture soon and give a stiff fight to all competitors [SEP] product is all good delivery also received before given date only thing is the installation person took 5hrs to install the study unit he removed the drawer thrice and installed it so there are extra holes in the unit he made rest i am very happy to have my personal space for my office work at home loved the product [SEP] nice product and the installation guy was really polite i love it thanks flipkart and neudot furniture for the outstanding service and decent product it deserves 5 [SEP] good quality desk for laptop use enough space for pro user their is lake of all rig storage at once [SEP] its assume am so happy with thisthank u flipkart,product is all good delivery also received before given date only thing is the installation person took 5hrs to install the study unit he removed the drawer thrice and installed it so there are extra holes in the unit he made rest i am very happy to have my personal space for my
MANTAVYA Green Juicer New Model Hand Juicer Grinder 0 W Juicer 1 Jar Green,negative,summarize what people dislike about MANTAVYA Green Juicer New Model Hand Juicer Grinder 0 W Juicer 1 Jar Green: not worth buying wastage of money low quality product [SEP] this product is not good for making juice [SEP] very bad itemwaste of moneyquality is very cheep [SEP] this product is bad product [SEP] very worst productdoes not work properlyparts are not good at allparts are got broken no replacement and no action taken,very worst productdoes not work properlyparts are not good at allparts are got broken no replacement and no action taken
"Joker GBLK-6 Genuine leather safety shoes for men Steel Toe Genuine Leather Safety Shoe (Black, SB, SBP, S1, S1P, S2, S2P, S3, S4, S5, SRA, SRB, SRC)",negative,"summarize what people dislike about Joker GBLK-6 Genuine leather safety shoes for men Steel Toe Genuine Leather Safety Shoe (Black, SB, SBP, S1, S1P, S2, S2P, S3, S4, S5, SRA, SRB, SRC): its my second safety shoes and very bad quality shoes after using 5 days shoes is brusting totally worst experience and product dont buy this [SEP] bed quality dont buy this product [SEP] this itom is very 3rd class leather shoes",its my second safety shoes and very bad quality shoes after using 5 days shoes is brusting totally worst experience and product dont buy this
KENT Aura Portable Room Air PurifierPink,negative,summarize what people dislike about KENT Aura Portable Room Air PurifierPink: got the product in one days time in perfect conditionthe air purifier works well as described no complaints and with a price paid of 7699 its a steal [SEP] low button switch was not working again the machine stoped after few minutes in auto mode from the day one when the complain lodged to the flipkart and thereafter few days kent sent their representative to inspect the machine he came and note down the problem then he recommend to sent some technical person from their service centre a technician came and he did something with the control panel for an hour or so and said that the problem was corrected and he promised us to visit again to c [SEP] child safety lock is not working this is worst thing when you gift a broken air purifier to someone it is flipcarts fault [SEP] just waste of money doesnt work as claimed [SEP] worst product doesnt putify airits just a small plastic exhaust fan fitted in a plastic case it didnt work when there was smoke from my kitchen or when the crackers are being burned on auto mode it starts any time but dont get off until i switch it off simply waste of money10k for a small plastic exhaust fan is too much to pay for will never recommend anyone,low button switch was not working again the machine stoped after few minutes in auto mode from the day one when the complain lodged to the flipkart and thereafter few days kent sent their representative to inspect the machine he came and note down the problem then he recommend to
"Dr Ortho Knee Cap for Pain Relief, Sports, Gym, Exercise, Running for Men & Women Knee Support",positive,"summarize what people like about Dr Ortho Knee Cap for Pain Relief, Sports, Gym, Exercise, Running for Men & Women Knee Support: excellent product loved it it is very thick and fabric material is also good it maintain s good pressure in kneeslegsif you go to gym workout and need knee support i will definitely recommend it loved this product thank you flipkart [SEP] very nice product overall quality is good you can wear it when you are working comfortable for 45 hours after that you should open it and then wear it again after an hour nice product must buy [SEP] perfect fit and easy to use nice comfort when usingeasy washable [SEP] thank u flipkart for this product i am very comfortable for this i have relife my knee thank u so much i am so happy and very fast delivary also [SEP] same as picture good product thanks f",excellent product loved it it is very thick and fabric material is also good it maintain s good pressure in kneeslegsif you go to gym workout and need knee support i will definitely recommend it loved this product thank you flipkart
Sai Store Light Blue Cotton Carpet150 cm X 210 cm Rectangle,positive,summarize what people like about Sai Store Light Blue Cotton Carpet150 cm X 210 cm Rectangle: nice product worth for money go for it guys quality is also nice [SEP] too thin its like a bedsheet not carpet [SEP] good but size is small,nice product worth for money go for it guys quality is also nice
1170BLBR Unique New Day Date Analog Watch For Men,negative,summarize what people dislike about 1170BLBR Unique New Day Date Analog Watch For Men: not working from 1 st day [SEP] this product is very very bad project his glass was verry bad glass was broken in 3 day [SEP] leather quality is very bad [SEP] its damage after 2 daysnot running goodbut looking good [SEP] not working just for showcase,this product is very very bad project his glass was verry bad glass was broken in 3 day
beaatho Luxury HIGH Back Leatherette Office with Steel Base and Warranty Leatherette Office Executive ChairBrown DIYDoItYourself,positive,summarize what people like about beaatho Luxury HIGH Back Leatherette Office with Steel Base and Warranty Leatherette Office Executive ChairBrown DIYDoItYourself: very premium bossy chair best finish ultra comfort good lumbar support and buy without any doubtnot recommended for short guys best for six feet height persons enjoy ur seating [SEP] its a good productanyone can go for this without having any doubt [SEP] as i expected i got it the build quality is good [SEP] best quality product easy instalation comfort best price safe delivery [SEP] prosproduct was good easy to install nice support from flipkartconslocking is not working in recline position which causes inconvenience,very premium bossy chair best finish ultra comfort good lumbar support and buy without any doubtnot recommended for short guys best for six feet height persons enjoy ur seating
MAHARAJA WHITELINE Mark1 Classic JE106 450 W Juicer 1 Jar Red White,negative,summarize what people dislike about MAHARAJA WHITELINE Mark1 Classic JE106 450 W Juicer 1 Jar Red White: waste for moneydont buy this productflipkart should not sell this product side leakage [SEP] very bad it got burnt inside after the usage of two times cheater company maharaja white line do not buy their products,very bad it got burnt inside after the usage of two times cheater company maharaja white line do not buy their products
Story Books Set of 10 in English with 101 Moral Stories from Inikao InIkao Moral StoriesEnglish Paperback unknown,positive,summarize what people like about Story Books Set of 10 in English with 101 Moral Stories from Inikao InIkao Moral StoriesEnglish Paperback unknown: value for money the combo pack is very much useful for gift purpose the stories are really nice for age group 59 years the books come in a very beautiful packaging thanks to flipkart for your quick delivery this is my first purchase from flipkart and i am very much happy with your service wish to buy more products in near future [SEP] very nice product interested stories are included easy to read and get more knowledge in english [SEP] perfect story book combo for kids [SEP] thank you flipkart its really awesome [SEP] paper printing quality is good good for kids,value for money the combo pack is very much useful for gift purpose the stories are really nice for age group 59 years the books come in a very beautiful packaging thanks to flipkart for your quick delivery this is my first purchase from flipkart and i am very much happy with you
"SportSoul Cotton Gym & Athletic Abdomen Support (Grey, Blue)",positive,"summarize what people like about SportSoul Cotton Gym & Athletic Abdomen Support (Grey, Blue): nice quality good product [SEP] good quality nice product comfortable fit size according to me no issue with product [SEP] very nice product and good quaility [SEP] amazing productgood product quality at this price range and amazing product with good fitting [SEP] quality is good but i think rs 400 is too much",amazing productgood product quality at this price range and amazing product with good fitting
Manogyam Soft Comfortable Heel silicone Gel Set 2 Pieces Shoe Heel Protector Pain Relieve Heel Support? ? (Beige),positive,summarize what people like about Manogyam Soft Comfortable Heel silicone Gel Set 2 Pieces Shoe Heel Protector Pain Relieve Heel Support? ? (Beige): super n soft very stackable [SEP] very soft comfortable [SEP] cheap and bestgood product [SEP] very good quality and good product [SEP] usefull products quality is very high very smooth thank you flipkart all team member,usefull products quality is very high very smooth thank you flipkart all team member
Grey Women Sling Bag - Mini,positive,summarize what people like about Grey Women Sling Bag - Mini: i just love this product go for it [SEP] good product with enough space loved it [SEP] very good quality i just loved it thank you flipkart [SEP] nice product i loved it colour is also good with adorable price [SEP] perfect sling bag for party,nice product i loved it colour is also good with adorable price
"Pureit Max Water Saver 10 L RO UV MF Water Purifier with Eco Recovery Technology? ? (Black, White)",positive,"summarize what people like about Pureit Max Water Saver 10 L RO UV MF Water Purifier with Eco Recovery Technology? ? (Black, White): thank you flipkart for fast delivery in bangalore next day after booking i really appreciate your team for the service that you all are providing during this tough time i am not happy with your customer service support team after delivery when i called them for installation they said that your product doesnt require installation when i asked him how can i use this product without installation then he asked me to follow instructions and start using as a valuable customer plus m [SEP] good product by timely delivery of flipkartinstallation took 6 days time but pureit sent a very humble and knowledgeable person for installation and pureit executive was continuously ensuring the installation by taking feedbackthanks team flipkart and pureit for delivery and installation of good quality product at affordable price [SEP] good quality product delivered by flipkart i have ordered it via flipkart within 3 days the product was delivered the very next day it was installed a big thumbs up to flipkart team hul pure it team if you dont have an electric connection then you will have to install it separately pureit guy wont do it if you dont have water connection no need to worry pureit guy will do it as done in my casethe product hardly take 10 15 mins to fill it 10l storagewill definitely recomm [SEP] the water purifier is working perfectly with out any issues we have been using for the past 2 months everything is good so far many users complained about the water leakage fortunately i havent found any leaks with this purifier the built quality is superb if you are looking for a reliable and a good tds 135 can easily choose this model without any second thought [SEP] i am given the review after 6 months of usage this product water purifier filters will change every 6 months once or 3k",thank you flipkart for fast delivery in bangalore next day after booking i really appreciate your team for the service that you all are providing during this tough time i am not happy with your customer service support team after delivery when i called them for installation they
CEAT Hitman Full Size Double Blade Poplar Cricket Bat - Advance Play Poplar Willow Cricket Bat (1.2 kg),positive,summarize what people like about CEAT Hitman Full Size Double Blade Poplar Cricket Bat - Advance Play Poplar Willow Cricket Bat (1.2 kg): good quality bat but the fixing region of the body of the bat and the handle was not well finished otherwise it is good [SEP] just great product under budget cannot say supperb product but makes your day makes us happy and super fast delivery from flipkart just a big thanks to their team for make it so fast overall ok o have hardly used it only for a day better feedback can be given after some more days [SEP] the top best product is this every cricket player should buy it its great for 15 players it has a good grip and comfortable to play im so happy [SEP] very strong bat and i take strong short in price of very good bat thanks to flipkart [SEP] excellent finish in terms of build quality a perfect bat size to play with and great balance of weight height i loved it moreover wonderful strokeplay swing of the bat is free and griping is secure great purchase from flipkart,just great product under budget cannot say supperb product but makes your day makes us happy and super fast delivery from flipkart just a big thanks to their team for make it so fast overall ok o have hardly used it only for a day better feedback can be given after some more days
SHF Cotton Door MatMulticolor Medium Pack of 5,positive,summarize what people like about SHF Cotton Door MatMulticolor Medium Pack of 5: i love itan i am so happy happy happy happybest best product an sbbb khridotihis is very very best product thanks flipkartan i am so happy [SEP] very good quality product didnt expect this type of good product at such a cheap price thank you seller as well as flipkart [SEP] nice product good quality as well worth for the money ignore negative comments go for it [SEP] very nice quality size also good [SEP] different colour but nice,i love itan i am so happy happy happy happybest best product an sbbb khridotihis is very very best product thanks flipkartan i am so happy
"Adonai POT1.5LPINK Rice Cooker, Food Steamer, Travel Cooker, Slow Cooker, Electric Pressure Cooker (1.5 L, Pink)",positive,"summarize what people like about Adonai POT1.5LPINK Rice Cooker, Food Steamer, Travel Cooker, Slow Cooker, Electric Pressure Cooker (1.5 L, Pink): i just love it its amazing [SEP] this is very useful product very nice [SEP] i am very happy product is very good before delivery time [SEP] good but small product size [SEP] nice product delivery boy is good",i am very happy product is very good before delivery time
Prestige PWG 07 Wet Grinder??(Black),negative,summarize what people dislike about Prestige PWG 07 Wet Grinder??(Black): stops in between and reworks when restart [SEP] worst quality grinding speed is very slow [SEP] very bad product the main 2 stones connect to plastic tube and it will broke after 3 or time of use so very care full to buy this product should be buy the without plastic type [SEP] wrost quality product on switch is defective dont buy this product [SEP] over heating and rotate slowly,very bad product the main 2 stones connect to plastic tube and it will broke after 3 or time of use so very care full to buy this product should be buy the without plastic type
"Butterfly Rapid Plus 750 W Mixer Grinder (5 Jars, Ink Blue)",positive,"summarize what people like about Butterfly Rapid Plus 750 W Mixer Grinder (5 Jars, Ink Blue): looking gud quality is gud no damages cost is worth of this item tq tqsomuch fastest delivery i am very happy [SEP] worth the money can go for it less noise and good grinding jars are pretty good [SEP] writing this review after first impressionoverall build quality is good stainless steel of jars are top class and overall look is nice and that chutney jars are plus point as i am writing review after unboxing so lookwise it is unique and classy build quality is also good not used too much but uptill now good in performance as wellnote writing this review after unboxing so for performance read other reviews as well for look and build quality just go for itremoved one star just [SEP] very smooth motor 5 jar option is very nice for this pricewe purchased it to replace our previous butterfly mixer in comparison the jar size in new model is bit smaller than older one otherwise everything is perfect [SEP] correct for the amount very nice similar to it very beautiful and good for a small family thats awesome",writing this review after first impressionoverall build quality is good stainless steel of jars are top class and overall look is nice and that chutney jars are plus point as i am writing review after unboxing so lookwise it is unique and classy build quality is also good not use
EdenSoul USB Rechargeable Moon Lamp 5 Color Changing Sensor Touch Decoration Crystal Ball Night Lamp with Wooden Stand Moon Lamp Night Lamp20 cm White,positive,summarize what people like about EdenSoul USB Rechargeable Moon Lamp 5 Color Changing Sensor Touch Decoration Crystal Ball Night Lamp with Wooden Stand Moon Lamp Night Lamp20 cm White: best quality and beautiful product arrived exactly as described the moon lamp is wonderful with multiple color settings which adds a wonderful ambiance to any room the lamp came with an easy to assemble base and usb cable for charging [SEP] very nice product go for it without 2nd thought it has all the six colourred blue green purple white off white and light green you just have to tap on the surface very nice delivery by flipkart and amazing product by the seller thanks flipkart gonna buy one more for another room [SEP] its awesome product colour change is also good i just hope it works good for atleast months [SEP] as expected very nice product just loved it the whole combo is great nice packaging new product no scratches working perfectly touch works great just loved it its better than single colour i have both just go for it very impressive product [SEP] i gifted it to my friend and she is just loving it only thing is its changing its colours very fast that had to be a bit slow rest the product is amazing showpiece secondly you need to keep it plugged in continuously,very nice product go for it without 2nd thought it has all the six colourred blue green purple white off white and light green you just have to tap on the surface very nice delivery by flipkart and amazing product by the seller thanks flipkart gonna buy one more for another room
DBRW385DBRWN Day and Date Boys Mans Stylish Analog Day Date Analog Watch For Men,negative,summarize what people dislike about DBRW385DBRWN Day and Date Boys Mans Stylish Analog Day Date Analog Watch For Men: worst product quality of the product was poor [SEP] leather strap quality is very poor [SEP] the product is very poor cwalty [SEP] this product is matched but flipkart return policy very bad because my previous order despatch not a good product i shall return that product 2 times in app they are called 2 times,this product is matched but flipkart return policy very bad because my previous order despatch not a good product i shall return that product 2 times in app they are called 2 times
"Pack of 2 Solid Men Dark Grey, Grey Casual Shorts",positive,"summarize what people like about Pack of 2 Solid Men Dark Grey, Grey Casual Shorts: thank you flipkart i like the product its worth for this price [SEP] good thanks to flipcart [SEP] good product size is perfect [SEP] good productvalue for money [SEP] product was too good and very comfortable to wear at affordable price product is excellent",product was too good and very comfortable to wear at affordable price product is excellent
Men Women Striped Ankle LengthPack of 7,positive,summarize what people like about Men Women Striped Ankle LengthPack of 7: clothes quality is good as per the cost am very happy about the product and bought this for my dad and am going to use 2 pairs thanks to flipkart [SEP] lovely value for money [SEP] amazing offers good quality [SEP] super quality thank you flip kart [SEP] its worth and valube price of the quality,clothes quality is good as per the cost am very happy about the product and bought this for my dad and am going to use 2 pairs thanks to flipkart
Mayne Exceed Helicopter With Remote Control Charging Helicopter Toys for Girls Boys??(Multiple Random),negative,summarize what people dislike about Mayne Exceed Helicopter With Remote Control Charging Helicopter Toys for Girls Boys??(Multiple Random): i have got this helicopter it works but after sometime its petal is not working dont buy this product [SEP] most worst toys never buys this literary very vey bad [SEP] it flew so high and remote is useless it didnt worked for a single time the helicopter flew so high and never came back it flew and in the first trial it went so far away please dont buy itjust a waste of money,it flew so high and remote is useless it didnt worked for a single time the helicopter flew so high and never came back it flew and in the first trial it went so far away please dont buy itjust a waste of money
DENICRAAS Pendants Ceiling LampBlack,positive,summarize what people like about DENICRAAS Pendants Ceiling LampBlack: looking awesome want to order more thanks flipkart [SEP] product is nice but if bulf also given its too good [SEP] nice product in cheap price [SEP] wonderful productloved it,product is nice but if bulf also given its too good
"Value Adds Wall Mount Set Top Box Iron Wall Shelf (Number of Shelves - 1, Black) Steel Wall Shelf (Number of Shelves - 1, Black)",positive,"summarize what people like about Value Adds Wall Mount Set Top Box Iron Wall Shelf (Number of Shelves - 1, Black) Steel Wall Shelf (Number of Shelves - 1, Black): super thank you flipkart and sellergood product and styleness steel product [SEP] dont fitting in product in my set top box [SEP] this product is just ok [SEP] does the jobquality is not soo good not soo bad [SEP] good product value for money",super thank you flipkart and sellergood product and styleness steel product
Women Regular Fit Black Georgette Trousers,positive,summarize what people like about Women Regular Fit Black Georgette Trousers: a bit loose for me but otherwise nice thin material [SEP] pants are really nice and comfy the best thing about flipkart is that you get the best rates here the same pants on other ecom sites are a bit expensive [SEP] superb pantsmaterial quality is so goodfitting is brilliant but the pant should have pockets [SEP] i bought this for myselfthe fit is so good it looks really awesome when you pair it with any nice topperfect for office wear and formal clothing [SEP] i just love the fabricthe quality is tooo goood and comfortable to wearlove u flipkart,pants are really nice and comfy the best thing about flipkart is that you get the best rates here the same pants on other ecom sites are a bit expensive
"Glemora ISO Certified 100 Units Disposable 3 Ply Pharmaceutical Breathable Surgical Premium Black Disposable mask Non-Reusable Surgical Mask With Melt Blown Fabric Layer (Black, Free Size, Pack of 100, 3 Ply)",positive,"summarize what people like about Glemora ISO Certified 100 Units Disposable 3 Ply Pharmaceutical Breathable Surgical Premium Black Disposable mask Non-Reusable Surgical Mask With Melt Blown Fabric Layer (Black, Free Size, Pack of 100, 3 Ply): very good quality product it is made from good quality material it protect us from mang germs i like it [SEP] good quality maskfor a daily use you can buy this mask coz now a day black color is trending in market the quality of the mask is really great [SEP] very late delivery but product is best [SEP] good product value for money [SEP] good productwe can buy worthy",good quality maskfor a daily use you can buy this mask coz now a day black color is trending in market the quality of the mask is really great
"MOTOROLA AmphisoundX Atom with HDMI Arc 120 W Bluetooth Soundbar? ? (Black, 2.1 Channel)",negative,"summarize what people dislike about MOTOROLA AmphisoundX Atom with HDMI Arc 120 W Bluetooth Soundbar? ? (Black, 2.1 Channel): im ordering 160w motorola amphisound x but im receiving 120wattage motorola amphisound xvery bad experience i rise the complainant but he tells only money refunded option only not replacing the 160watts soundbar very bad and very shems you flipkartweast of my time [SEP] totally disappointedi always think flipkart is trusted this time total disappointed this motorola amphisound is not effective sound quality is very poor no bass and trable effectswe cant enjoy music for music lovers its fail product i tried for refund within 24 hrsbut there is no option for refund from flipkart [SEP] good sound deep bass but tv attachedment sounds quality not good its ok ok [SEP] two drawback 1 the ports which are located rear side of the soundbar difficulties connecting cables if your are wall mounting it2 subwoofer is not operated by blutooth there is a power cable which has to be connected to the soundbar [SEP] edhu 160 watts kediyadhu edhu onli 120 watts",totally disappointedi always think flipkart is trusted this time total disappointed this motorola amphisound is not effective sound quality is very poor no bass and trable effectswe cant enjoy music for music lovers its fail product i tried for refund within 24 hrsbut there is no
"Synthetic Leather |Lightweight|Comfort|Summer|Trendy|Walking|Outdoor|Daily Use Sneakers For Men (White, Black, Red)",negative,"summarize what people dislike about Synthetic Leather |Lightweight|Comfort|Summer|Trendy|Walking|Outdoor|Daily Use Sneakers For Men (White, Black, Red): the product is so very poor quality waste of money [SEP] i have very bad experience to avail that products one sides of a pair shooes was delivered me when i want to return that products it was told me that we cant accept that products due to dirty really very bad experience [SEP] shoe is good but in first day wear its damage happens good in look not in strong its weak [SEP] shoes is good but delivery man is very slow bad [SEP] quality of product was not much as expected",i have very bad experience to avail that products one sides of a pair shooes was delivered me when i want to return that products it was told me that we cant accept that products due to dirty really very bad experience
TERABYTE Mini HDMI TO AV UP Scaler Full HD 720/1080p Video Converter Media Streaming Device Media Streaming Device (White),positive,summarize what people like about TERABYTE Mini HDMI TO AV UP Scaler Full HD 720/1080p Video Converter Media Streaming Device Media Streaming Device (White): a very good product for converting the hdmi input to av output without much hassle aesthetics and product quality can be improved to enhance the sales and attracting customers [SEP] very nice product can run without power [SEP] amazing its working good i just ordered for test but ite too good [SEP] nice product tnx flipkart [SEP] best product for computer hd tv,a very good product for converting the hdmi input to av output without much hassle aesthetics and product quality can be improved to enhance the sales and attracting customers
Saral Home Jute Door MatGreen Medium Pack of 3,positive,summarize what people like about Saral Home Jute Door MatGreen Medium Pack of 3: excellent product for home use easy to clean and absorb water well i was surprised to receive one face mask as giftthanks for this to saral home wonderful make in india productpocketfriendly price also [SEP] nice productquality is fantastic [SEP] they look so good and also environment friendlyhome mat is looking a bit dull the other 2 are beautiful [SEP] very good quality door mats nice [SEP] nice good material feel like good but price little high,excellent product for home use easy to clean and absorb water well i was surprised to receive one face mask as giftthanks for this to saral home wonderful make in india productpocketfriendly price also
AGARO Regal Hand-held Vacuum Cleaner? ? (Black),negative,summarize what people dislike about AGARO Regal Hand-held Vacuum Cleaner? ? (Black): even 1 star is more for the product gets heated up in less than 2 minutes no cash return on returning the product only exhange available total waste money do not buy this product [SEP] dont go by its good review its suction power is not good so noisy total waste of money its better to clean by hand than this vaccum cleaner very disappointing [SEP] heating a lot worthless product and delivery [SEP] very bad productfast over heating and blast issues [SEP] just in two months motor got burnt it will heat very much dont buy,even 1 star is more for the product gets heated up in less than 2 minutes no cash return on returning the product only exhange available total waste money do not buy this product
Sument USB Decoration Star Light Projector LightDisco LightCar Night Lamp Decorations With Bedroom Romantic Mood Atmosphere Fit Car Party and More Shower Laser LightBall Diameter 15 cm,positive,summarize what people like about Sument USB Decoration Star Light Projector LightDisco LightCar Night Lamp Decorations With Bedroom Romantic Mood Atmosphere Fit Car Party and More Shower Laser LightBall Diameter 15 cm: nice product paisa wasul gud for room and car as well best result in darkest room or car [SEP] product is very nice and economical as far as rate is concern it will look very nice for small room coverage is very less for my room otherwise it is worth buying [SEP] excellent work thanks flipkart replace [SEP] expected it will surrounded whole room but lights reflecting only one walljust okay [SEP] beautiful product flipkart amazing i like it,product is very nice and economical as far as rate is concern it will look very nice for small room coverage is very less for my room otherwise it is worth buying
"Urban Terrain Rio with Complete Accessories & Mobile Tracking App 26 T Hybrid Cycle/City Bike  (Single Speed, Yellow, Black)",positive,"summarize what people like about Urban Terrain Rio with Complete Accessories & Mobile Tracking App 26 T Hybrid Cycle/City Bike  (Single Speed, Yellow, Black): the overall experience with urban terrain is very impressivethe cycle came in very well packaged boxthe installation guy was well enough trained to fix the cycle properlythe best thing is installation is included in the pricethe cycle is lightweight sturdy looks elegantdefinitely the best deal with this pricei purchased the very basic one but looking forward with urban terrain to purchase na higher versionthanks [SEP] cycle delivered on time with good packaging all parts in good shape and easy to install installation date was 5 days after delivery but the installation person arrived the next day of delivery installation done correctly and gave general maintenance advice too cycle looks great and riding is smooth overall a great buy initial opinion best single speed cycle also got a complentary cultsport subscription with this purchase consultation with dietician and trainer was insightful and [SEP] amazing cycle under quite impressive price built quality is top notch the company offers free installation included in the price the person from the company came the very next day to assemble the cycle i also got complementary cultsport membership which includes free dietitian guidance the dietician called me to understand my routine and lifestyle to plan my diet accordingly the dietician was quite humble kind [SEP] happy with the purchasequality of the bicycle is goodits a best option to go in this budget brakes werent that great but its okdiet consultation was good had a session with dietitian vimelsh she is very interactive and gave all the details that are required really appreciatedthank you flipkart [SEP] great cycle and worth the penny im extremely happy with this product the installation and fitness programs by cultsport are amazing which absolutely free as compliment",cycle delivered on time with good packaging all parts in good shape and easy to install installation date was 5 days after delivery but the installation person arrived the next day of delivery installation done correctly and gave general maintenance advice too cycle looks great a
"BLUECHIP 100% Copper BL72SmartTV3.2Amp TV Voltage Stabilizer for LED TV/Smart TV Up to 72 + Inches + Set Top Box + home theater , With 3 Years Warranty ( 100% Copper ) (Black, Gold)",positive,"summarize what people like about BLUECHIP 100% Copper BL72SmartTV3.2Amp TV Voltage Stabilizer for LED TV/Smart TV Up to 72 + Inches + Set Top Box + home theater , With 3 Years Warranty ( 100% Copper ) (Black, Gold): value of moneythis stabilizer is working perfectly and i recommend this to buy it my television is 100 working and i really happy to this product thanks [SEP] good it is working fine for my tv 50 and set top box [SEP] nice stabilizer its important to have a stabilizer for long life of the tv sturdy and goodlooking go for it [SEP] working flawlessly a good alternate for expensive vguard stabilizers build is good looks coolonly time will tell about the quality [SEP] stabilizer is good but the quality of main power cord and output socket is average otherwise product is ok flipkart services is good",value of moneythis stabilizer is working perfectly and i recommend this to buy it my television is 100 working and i really happy to this product thanks
MOOZMOB Shower Laser LightBall Diameter 3 cm,negative,summarize what people dislike about MOOZMOB Shower Laser LightBall Diameter 3 cm: worst item dont buy it [SEP] very bad product light is not good 10 minutes after light off [SEP] very small focus not good itam,very bad product light is not good 10 minutes after light off
Theme My Party Printed Birthday decoration combo kit birthday combo BalloonMulticolor Pack of 59,positive,summarize what people like about Theme My Party Printed Birthday decoration combo kit birthday combo BalloonMulticolor Pack of 59: wow great product my son 1 st birthday he is enjoyed lot thank u flip kart this credit goes to you keep continue to sell good product to customersthanks alot [SEP] the letters and balloons were all good other few were air out after sometimes overall a nice product go for it its really really awesome [SEP] very nice product for birthday [SEP] met expectations the celebration went very well the quality was so good [SEP] product quality is goodi am happy to purchase it,wow great product my son 1 st birthday he is enjoyed lot thank u flip kart this credit goes to you keep continue to sell good product to customersthanks alot
"Mivi Roam2 5 W Bluetooth Speaker (Black, Mono Channel)",positive,"summarize what people like about Mivi Roam2 5 W Bluetooth Speaker (Black, Mono Channel): very good quality product mivi sound great bass super battery life very good 12 to 15 hour non stop music for full sound all friends purchase kar sakte ho made in india [SEP] yes the build quality of the speaker was to good it was very solid product and the sound quality is very lovely and the base was to boost the product is easily can carry anyone with their pocket with their backpack and also it gives you 24 hours of battery backup which will help you to listen music for long period of time you can take it for travel long distance and yes of course you and drop it into water also you can take it into river also because it was also waterproof system [SEP] small packet big surprisenice offering from mivi in this space a compact bt speaker with 20hrs battery backup is quite good i am using it since yesterday and yet to charge itbattery is performing really well its dust and waterproof capability makes it an awesome companion outdoors bt 50 helps with connectivity after initial niggle its connecting flawless sound will surprise you the most in this small footprint its small but loud and clear you can use it for your calls alsomi [SEP] best bluetooth speaker in this budget just loved it sound quality is awesome and also the design is great and specially this product is proudly made in india great product and thank you so much flipkart for the fastest delivery [SEP] amazing sound amazing design and amazingly made in india bass is not at all what it should be else its all good",yes the build quality of the speaker was to good it was very solid product and the sound quality is very lovely and the base was to boost the product is easily can carry anyone with their pocket with their backpack and also it gives you 24 hours of battery backup which will help
Alex Daisy Universal Plastic Desk ChairFinish Color Pink White DIYDoItYourself,positive,summarize what people like about Alex Daisy Universal Plastic Desk ChairFinish Color Pink White DIYDoItYourself: excellent product nice and sturdy and made of good quality materials comes with very handy and cool features which makes this study table a must buy for little ones [SEP] this product deserve more 5 start rating excellent quality and durable super fine finishingi bought it for my daughter she is very excited [SEP] excellent product go for it without a second thought it is a long run investment sturdy and perfect productmy little one loved it [SEP] excellent product can be used till 15 year of age nice quality conferrable hight adjustment doesnt require much space totally awesome product [SEP] super very good for 5 years to 13 the table is adjestable and chair is adjective super,excellent product nice and sturdy and made of good quality materials comes with very handy and cool features which makes this study table a must buy for little ones
Rihishtoys Quad Roller Skate shoes 4 wheel adjustable for boys girls kids age 6 to 11 years Quad Roller Skates - Size NA UK (Black),positive,summarize what people like about Rihishtoys Quad Roller Skate shoes 4 wheel adjustable for boys girls kids age 6 to 11 years Quad Roller Skates - Size NA UK (Black): very good productmy kids loving it [SEP] the quality is nice and the wheels are moving freely metal body little heavy,the quality is nice and the wheels are moving freely metal body little heavy
NIRVA High Pressure Brass Hose Nozzle Adjustable Water Spray gun for car Motorbike And Any Vehicle Cleaning For Gardening For Washing Forced Pichkari With Best Quality with Hose Clamp Spray Gun,negative,summarize what people dislike about NIRVA High Pressure Brass Hose Nozzle Adjustable Water Spray gun for car Motorbike And Any Vehicle Cleaning For Gardening For Washing Forced Pichkari With Best Quality with Hose Clamp Spray Gun: a very gud productstandard pressured pumpingcan be used as per requirements of the pressure good metal finish with quality workmanship [SEP] very bad product dont buy this [SEP] waste of money please dont buy this you will regret buying it the pressure it generates is even less than the pressure we generate by pressing our finger on pipe i just received my product tried it and i am regreting now [SEP] the build quality is excellent but the pressure from nozzle is high only when it is directly connected with motorthe pressure from the nozzle is low when connected to ordinary tap [SEP] waste product only we can use for gardening no forse in my opinion the guys giving 5 star they getting something from company,waste of money please dont buy this you will regret buying it the pressure it generates is even less than the pressure we generate by pressing our finger on pipe i just received my product tried it and i am regreting now
LS2727 Avatar Day and Date Functioning Crocodile Strap Analog Analog Watch For Men,positive,summarize what people like about LS2727 Avatar Day and Date Functioning Crocodile Strap Analog Analog Watch For Men: wonderful as expectedlimestone has been making brilliant watches under affordable pricelooks classy in designwell designeddate changing system seems nice in this rangefine silver coatingdelivery service is excellentoverall i trust this company since 3 yearsu guys keep our trust and makes sincere effort to give best products [SEP] the watch looks soo beautiful and premium and the quality and disgn of this watch in this price segment is fantastic and its also come with a beautiful box which give the watch its premium and expensive look i truly 100 satisfied with this product thanku flipkart [SEP] very good productperfect working best quality and stylish productit is amazing watch [SEP] 45 stars for watchdesign is pretty goodglass is really nice time and date is best part in this watchleather quality is okayand take care of ur watch because everyone looks at you we u wear it [SEP] this watch is amazing by look and price lovely watch to buy ur self or gift to anyone of ur loved one recommend to buy,wonderful as expectedlimestone has been making brilliant watches under affordable pricelooks classy in designwell designeddate changing system seems nice in this rangefine silver coatingdelivery service is excellentoverall i trust this company since 3 yearsu guys keep our trust a
HAVELLS convenio 500 W Food Processor (Black),negative,summarize what people dislike about HAVELLS convenio 500 W Food Processor (Black): pathetic product packing even worse no brochure was provided and the product was damaged as well no fragile tag was put to ensure handling of product horrible experience [SEP] not satisfied from your items [SEP] not easy product for use [SEP] much delayed return product could have been earlier [SEP] motor mounting bracket is damaged by vibration within 8 months,pathetic product packing even worse no brochure was provided and the product was damaged as well no fragile tag was put to ensure handling of product horrible experience
Dinine Craft Adiyogi Shiva Statue For Car Dashboard Table Decor Idol Decorative Showpiece15 Decorative Showpiece 11 cmPolyresin Black,negative,summarize what people dislike about Dinine Craft Adiyogi Shiva Statue For Car Dashboard Table Decor Idol Decorative Showpiece15 Decorative Showpiece 11 cmPolyresin Black: product but finishing very bad [SEP] the merchant has supplied much less measured idol than what is described in the flipcart site the weight is also not even half of what they have mentioned this way they are cheating the members dont buy [SEP] qualities is not good [SEP] your quality very bad product to small i am upset [SEP] very cheap quality item poof finishing,the merchant has supplied much less measured idol than what is described in the flipcart site the weight is also not even half of what they have mentioned this way they are cheating the members dont buy
SAMSUNG EVO Plus 64 GB MicroSDXC Class 10 95 MBs Memory CardWith Adapter,positive,summarize what people like about SAMSUNG EVO Plus 64 GB MicroSDXC Class 10 95 MBs Memory CardWith Adapter: total free space available is 596 gb i was able to copy 571 gb of data in 39 minutes which means the average speed is around 2425 mbps which is actually higher than advertised speeds of course the speed may vary on smartphone as i used it on laptop also to those who dont know u1 is mentioned on the sd card which means ultra high speed class one which is equivalent to class 10 so dont worry about whether it is a class 10 sd card or not overall great product [SEP] wow must buy this speed in transfer files is ncee quality packing it is orginal i checked it will available for 64 gb is 5966 gb i got it from 3 days from ordered day adapter is also superb must buy this u will get a satisfying result [SEP] very nice awesome memory card when i inserted my mobile show a fully storage reading speeddownloading and uploading speed also awesome one of the best memory card really im very excited dear friends i recommended thise product also very very speedy delivery with in 2days in my rural villages spot thanks for flipkart flipkart is one of the best online company customers for only sending quality products especially very short duration took and speedy delivery daysdlivery guy is very [SEP] nice product now my samsung m31 is more faster than earlier cause i always install apps and store data in sd card and this time this sd card read and write speed is way faster than my previous one [SEP] i have loved the product given by flipkart i am glad that memory card capacity is same as shown during buying file transfer speed is very fast must buy the product,very nice awesome memory card when i inserted my mobile show a fully storage reading speeddownloading and uploading speed also awesome one of the best memory card really im very excited dear friends i recommended thise product also very very speedy delivery with in 2days in my ru
CMerchants BOOK SHELF6RACK Metal Open Book ShelfFinish Color BLUE DIYDoItYourself,positive,summarize what people like about CMerchants BOOK SHELF6RACK Metal Open Book ShelfFinish Color BLUE DIYDoItYourself: best portable product i kept my all book as shown in below imaze the product has enough strength to bear weight im very happy [SEP] nice one assembling the product is so easy totally worth it from a satisfied customer [SEP] using it as my kitchen rack as per the reviews it is strong and sturdy i had to use a cardboard before placing the containers very good as a book shelf thanks to the company as well as flipkart [SEP] product is awesome so so good than expected and standard and its sufficient for the books and all to keep it with stand a good weight as well [SEP] nice concept its good for those who live on horseback as its easy to set and carry however the plastic blocks are average ill give it 7 out 10,using it as my kitchen rack as per the reviews it is strong and sturdy i had to use a cardboard before placing the containers very good as a book shelf thanks to the company as well as flipkart
NOVA Submersible NIH 426 Instant Heat 1500 W Immersion Heater Rodwater,negative,summarize what people dislike about NOVA Submersible NIH 426 Instant Heat 1500 W Immersion Heater Rodwater: its not heating fast dont buy please [SEP] product is good but not shockproof [SEP] very bad it takes 20min to heat just 3ltr water [SEP] waste product not hot,very bad it takes 20min to heat just 3ltr water
Habitat Green Plastic Area Rug45 cm X 120 cm Rectangle,positive,summarize what people like about Habitat Green Plastic Area Rug45 cm X 120 cm Rectangle: its a good product worth of money [SEP] it so good feels soft and nice looks just like real grass [SEP] thank you for the deliverylike the productsame as per shown in the imagelook like a green grasshappy [SEP] go for it awesome product [SEP] nice protect delivery service good,thank you for the deliverylike the productsame as per shown in the imagelook like a green grasshappy
Jagjeet 16NOALMWHITE HAND JIUCERS 0 Juicer Silver,negative,summarize what people dislike about Jagjeet 16NOALMWHITE HAND JIUCERS 0 Juicer Silver: its to small nothing goes inside its mouth i have to cut into small small pieces first probably grind with a mixi first than only it may work its rotating blades are not able to take anything inside useless product waste of money i am returning it [SEP] bad product and fraud done by flipkart [SEP] very bad experience this is first time i am writing bad review for some product i am not able to return it also so please careful before purchasing [SEP] very bad quality not for use [SEP] not working properly easily slip from one place to another,its to small nothing goes inside its mouth i have to cut into small small pieces first probably grind with a mixi first than only it may work its rotating blades are not able to take anything inside useless product waste of money i am returning it
"Thomson Kitchen Master Pro MX03 750 W Juicer Mixer Grinder (6 Jars, Grey)",positive,"summarize what people like about Thomson Kitchen Master Pro MX03 750 W Juicer Mixer Grinder (6 Jars, Grey): flipkart just delivered it within 3 days fastest delivery with good packingall 6 jars look good and feel sturdy machine size is medium and light operating sound is lower than other mixers there is no pulse mode thoughpower indicator light on mixer is great but no indication markers for 3 power levelsboth mini plastic jars have same blender blades one grinding blade would have been greatchutney jar with 400ml capacity is totally awesome2 years warranty really makes it a [SEP] seems good for now looks premium for this price range will update the life of the product [SEP] great product powerful motor prompt delivery value for money [SEP] good product but sound is too loud [SEP] awesome mixer grinder",flipkart just delivered it within 3 days fastest delivery with good packingall 6 jars look good and feel sturdy machine size is medium and light operating sound is lower than other mixers there is no pulse mode thoughpower indicator light on mixer is great but no indication marke
ZANDU Balm (25 ml) Pack Of 3 Balm  (3 x 25 ml),positive,summarize what people like about ZANDU Balm (25 ml) Pack Of 3 Balm  (3 x 25 ml): original product very fast delivery thank you flipkart [SEP] best product at lowest price [SEP] super price thanks flipkart [SEP] good pain relieverquality is good [SEP] best quality products,original product very fast delivery thank you flipkart
lectose Wood Portable Laptop TableFinish Color black Pre Assembled,positive,summarize what people like about lectose Wood Portable Laptop TableFinish Color black Pre Assembled: worth it must buy if u r a student like methe quality and sturdiness is good and its much portable as by its name [SEP] nice its very helpful for writing notes thank you flipkart [SEP] i love it thank you so much [SEP] very affordable product useful for all age groups [SEP] nice portable laptop table,worth it must buy if u r a student like methe quality and sturdiness is good and its much portable as by its name
"cello Pack of 18 Opalware Cello Dazzle Lush Fiesta Opalware Dinner Set, 18 Pieces Dinner Set (White, Microwave Safe)",positive,"summarize what people like about cello Pack of 18 Opalware Cello Dazzle Lush Fiesta Opalware Dinner Set, 18 Pieces Dinner Set (White, Microwave Safe): out standing received from nadia distnakashiparawest bengal [SEP] very happy with the product superb strong packing gifted it 5 star for product service by flipkart [SEP] most beautifulgo for it [SEP] very good packing of product [SEP] very good product iam happy",very happy with the product superb strong packing gifted it 5 star for product service by flipkart
The Answer Writing Manual For UPSC Civil Services Exam State PSC By Srushti Deshmukh IASPaperback Srushti Deshmukh IAS,positive,summarize what people like about The Answer Writing Manual For UPSC Civil Services Exam State PSC By Srushti Deshmukh IASPaperback Srushti Deshmukh IAS: i was waiting for this book from the day i ordered to till the day i receive it it is really helpful as i am a civil service aspirent i wil follow guidelines in this valuable book thank you maam for all our efforts and you are my role model maam once again thank you maam lots of respect and love towards you madam for writing this book [SEP] finally received most awaited book the content covered in this book is really nice and helpfull after reading some starting pages i found it really helpful and well explained really thank you so much srushti deshmukh gowda maam for such well written and well explained book it surely help us for our preparation [SEP] the content is really good and all the notes and newspaper content is clearly readable most helpful book for any upsc aspirant whether you are beginner or veterans for not only upsc cse examination can be used for any state psc thanks for your sincere efforts [SEP] she is my inspiration about the book it is the best guide for answer writingi just loved the way she has organised thingsthank you mam [SEP] finally the book is in my hand well theres no need to elaborate the quality of the content in it the content is very convenient to understand ive already started reading it and it is very interesting to read and obviously very helpful for preparation thank you srushtideshmukhias mam for writing this book this is a much needed book for aspirants also im a learner of upscguide it is helping me a lot in my preparation,finally the book is in my hand well theres no need to elaborate the quality of the content in it the content is very convenient to understand ive already started reading it and it is very interesting to read and obviously very helpful for preparation thank you srushtideshmukhias
RSV Jewelery OrganizersRed Plastic,positive,summarize what people like about RSV Jewelery OrganizersRed Plastic: very nice and comfy productits really strong alsoi am really happy with this product thank you flipkart [SEP] awesome productand also delivery is too fast [SEP] same as shown nice onesatisfied u can go with this one [SEP] nice product i loved it thank u flipkart [SEP] really superb like it,very nice and comfy productits really strong alsoi am really happy with this product thank you flipkart
PAPILON EMULSION PACK OF 6 BOTTLES 20ML EACH Mixed Fruit Liquid Food Essence  (120 ml),positive,summarize what people like about PAPILON EMULSION PACK OF 6 BOTTLES 20ML EACH Mixed Fruit Liquid Food Essence  (120 ml): awesome product very happy thank you so much [SEP] i received in good condition super flavour full essense i loved it [SEP] well packing and nice product thanks flipkart [SEP] really emulsion flever is good take it [SEP] very niceadd tsp quantity drops quantity giving very mild colour so but flavours and colours very nice and the packing of very very superb thank you so much,very niceadd tsp quantity drops quantity giving very mild colour so but flavours and colours very nice and the packing of very very superb thank you so much
the indian casa Cricket Net 10x20 Feet Nylon Cricket Boundary And Practice Net (Green) Cricket Net (Green),negative,summarize what people dislike about the indian casa Cricket Net 10x20 Feet Nylon Cricket Boundary And Practice Net (Green) Cricket Net (Green): it is not completely round it is only one side [SEP] it is too short i dont like it i can return it [SEP] it is only one side i hate itthis is very worst product,it is only one side i hate itthis is very worst product
Samanya Budhi Avum Tarkshakti Parikshan PaperbackPaperback Hindi RK Jha,positive,summarize what people like about Samanya Budhi Avum Tarkshakti Parikshan PaperbackPaperback Hindi RK Jha: best book in mp police constable best in class i am very happy in 2 days delivery with best quality product thanks flipkart and saller [SEP] its a very good book for reading and preparation [SEP] thanks flipkart delevery boy so good and respectful person [SEP] nice product right time delivered [SEP] amazing purchase its good for cuet hai beginners,best book in mp police constable best in class i am very happy in 2 days delivery with best quality product thanks flipkart and saller
"ASUS TUF Gaming A17 with 90Whr Battery Ryzen 5 Hexa Core AMD R5-4600H - (8 GB/512 GB SSD/Windows 11 Home/4 GB Graphics/NVIDIA GeForce GTX 1650/144 Hz) FA706IHRB-HX041W Gaming Laptop? ? (17.3 Inch, Graphite Black, 2.60 Kg)",negative,"summarize what people dislike about ASUS TUF Gaming A17 with 90Whr Battery Ryzen 5 Hexa Core AMD R5-4600H - (8 GB/512 GB SSD/Windows 11 Home/4 GB Graphics/NVIDIA GeForce GTX 1650/144 Hz) FA706IHRB-HX041W Gaming Laptop? ? (17.3 Inch, Graphite Black, 2.60 Kg): cons low brightnesslow sound as compared to asus tuf 15 inchprosprice 4825017 inch [SEP] was using a simple platform to learn python coding and the device froze the device is absolutely new and i wasnt even multitasking also the speakers of this device fall on the negative sideapart from that laptop seems fine for now [SEP] such a bad experience with such a reputed company like asus i had several issues in the laptop since the day i got itfirstly the microsoft store doesnt open then when i reinstall the windows according to the microsoft customer service loli all function started malfunctioning again like auto changing of gaming modes now doesnt change and when the screen goes of after sometime of non usage it doesnt open when we press any key rather instantly goes to hibernating mode for no reason and i ha [SEP] the turbo fan is not working at all [SEP] it is very good product but sometimes there is a lag in opening tabs in chrome",such a bad experience with such a reputed company like asus i had several issues in the laptop since the day i got itfirstly the microsoft store doesnt open then when i reinstall the windows according to the microsoft customer service loli all function started malfunctioning agai
"Cosmic Byte CB-GK-05 Titan with Aluminum Body, Rainbow Backlit Keycaps, Braided Cable Wired USB Gaming Keyboard? ? (Black)",positive,"summarize what people like about Cosmic Byte CB-GK-05 Titan with Aluminum Body, Rainbow Backlit Keycaps, Braided Cable Wired USB Gaming Keyboard? ? (Black): the built quality is very nice works perfectly fine but it is not ideal for gaming because none times it feel harder to press the key like enter space but in this price segment is this is the best key board you can have [SEP] pretty much a beast with eyecatching rgb colors gives the feel of a mechanical keyboard we can even switch off the lights if we want overall a very decent gaming keyboard just go for it without a second thought [SEP] good keyboard tactile and efficient only thing i dont like is the travel which is significantly higher than even mechanical keyboards making it tough and requires getting used to for typing at higher speeds excellent for gaming and for other uses [SEP] a budget gaming keyboardthe keys are raised and tactile it is a good semi mechanical keyboard for gamers overall a good keyboard loving the rgb effect [SEP] just irreplaceably awesome premium smooth functioning keys which are also antighosting well balanced backlighting best out there in the market at this price range and superfast delivery ordered on spet25 2019 and it said it will be delivered by oct 1 2019 but got it by sept 27 2019 was indeed an awesome purchase",just irreplaceably awesome premium smooth functioning keys which are also antighosting well balanced backlighting best out there in the market at this price range and superfast delivery ordered on spet25 2019 and it said it will be delivered by oct 1 2019 but got it by sept 27 20
"Flipkart SmartBuy 10W Fast Charger , Compatible with Vivo,Oppo,Gionee,Xiomi,Redmi,realme,infinix,POCO,iphone,Samsung,Mi devices (MicroUSB - Cable Included)??(Black, Cable Included)",negative,"summarize what people dislike about Flipkart SmartBuy 10W Fast Charger , Compatible with Vivo,Oppo,Gionee,Xiomi,Redmi,realme,infinix,POCO,iphone,Samsung,Mi devices (MicroUSB - Cable Included)??(Black, Cable Included): charger blasted no i am serious the charger blasted just the next day when i put this on charge [SEP] this product usb pin so large and fit very tightly [SEP] my charger suddenly stopped workin after 10 days i cant even return it because it just crossed 7 days return policy the problem is with the adapter i checked usb in my other charger and usb is working completely fine but the adaptor is not working worst chargerr dont buy this [SEP] very bad adapter its dead after 2 week of usage [SEP] worst charger taken not completed 9 days also not working dont take this charge some one taken this charger for cheap and best but worst charger",my charger suddenly stopped workin after 10 days i cant even return it because it just crossed 7 days return policy the problem is with the adapter i checked usb in my other charger and usb is working completely fine but the adaptor is not working worst chargerr dont buy this
"H&M Store MONDAY - SUNDAY (Morning, Noon, Night) Medicine organizer box | Pill organizer 21 Compartments, (Multicolor, Pack of 1) Pill Box (Multicolor)",positive,"summarize what people like about H&M Store MONDAY - SUNDAY (Morning, Noon, Night) Medicine organizer box | Pill organizer 21 Compartments, (Multicolor, Pack of 1) Pill Box (Multicolor): the depth is less than 1inch if it is 1 or 25mm good to have much more tabs compromise satisfied [SEP] look good only boxs are not air tite you cant use open medicine [SEP] it is a good product good in quality very useful [SEP] thanks for you flipkart [SEP] amazing product enough space for upto 15 tablets go for it",the depth is less than 1inch if it is 1 or 25mm good to have much more tabs compromise satisfied
ArrowMax Swimming Kit(silicone cap/Swimming Goggle/Earplugs/Noseplug) Swimming Kit,positive,summarize what people like about ArrowMax Swimming Kit(silicone cap/Swimming Goggle/Earplugs/Noseplug) Swimming Kit: great quality vignesh bought it in well [SEP] i like this set this is best at this price [SEP] nice productthanksgoogles are super classjust loved it [SEP] i really like this product dont read hatters comment cuz im national player in swim and loved this product worth is [SEP] the cap is of very good quality and the goggles too but they are not antifog i think so thats the only problem and that nose clip also helps me to swim perfectly but the ear plugs are made of cheap rubber i guess,the cap is of very good quality and the goggles too but they are not antifog i think so thats the only problem and that nose clip also helps me to swim perfectly but the ear plugs are made of cheap rubber i guess
DeoDap Microfiber Car Cleaning Duster for MultiPurpose Use Wet and Dry Duster Microfiber Cleaning Duster for MultiPurpose Use Big Wet and Dry Duster,negative,summarize what people dislike about DeoDap Microfiber Car Cleaning Duster for MultiPurpose Use Wet and Dry Duster Microfiber Cleaning Duster for MultiPurpose Use Big Wet and Dry Duster: d product is not good [SEP] very bad product dont recommend to purchase it torn in first use and even didnt get replacement from flipkart [SEP] after one time use the sewing of clothes went out quality is poor [SEP] stitching opened while using 1st time itself [SEP] outer cloth torn off after first wash itself and inside sponge came out,very bad product dont recommend to purchase it torn in first use and even didnt get replacement from flipkart
Home Full Bliss Engineered Wood TV Entertainment UnitFinish Color Wenge Knock Down,positive,summarize what people like about Home Full Bliss Engineered Wood TV Entertainment UnitFinish Color Wenge Knock Down: worth the money go ahead without any second thoughts perfect for a 65 inches tv also the other cabinets are spacious enough for placing 51 home theatre delivery and installation also went on very well kudus to the service [SEP] really nice tv unit less space consuming but very useful at the same time the installation was done after 3 days but they did a good job you can go for this product without thinking twice [SEP] perfect for large screen size tv the material is strong and the product is more heavy than i expected highly recommended this is a 65inch tv standing on it [SEP] quite sturdy n nice finshing drawers open n close well overall as shown in the picsgot assembled on time and the person was skilled n helpfulworth it value for money ill be using it for my home theater and 55 inch iffalcon led tv go for it when its around the 6000rs mark [SEP] really great product and most important thing size is really goodi have 55 inch tv nd its really suitable for it,quite sturdy n nice finshing drawers open n close well overall as shown in the picsgot assembled on time and the person was skilled n helpfulworth it value for money ill be using it for my home theater and 55 inch iffalcon led tv go for it when its around the 6000rs mark
MILTON Thermosteel Flip Lid 500 ml FlaskPack of 1 Silver Steel,positive,summarize what people like about MILTON Thermosteel Flip Lid 500 ml FlaskPack of 1 Silver Steel: nice it good quality thanks flipkart good hot water is hot in 24 hours cold water is cold 24 hours continuously latest good product thank you flipkart one litre capacity it is with bag carry bag is very nice of milton [SEP] product is very good and leakproofapprox 12 hour zero temperature loss of filled fluidfinishing is also good flip lid type cap works greatone thing i want to tell that 1000ml size flask too big to carry i think 750 ml500ml flask will b good for sufficient storage and carry easily but if for just nust storage then go for it pic show 1000ml flask vs 500 ml flask [SEP] received properly same like description very useful product for warm hot water or milk [SEP] trust me no leakage and hot or cool 24 hr work properly test and verify super milton water bottle awesome [SEP] good product had taken it for my mom as she needed one as usual flipkart has always provided with a good product at reasonable price and good and safe delivery of the product,product is very good and leakproofapprox 12 hour zero temperature loss of filled fluidfinishing is also good flip lid type cap works greatone thing i want to tell that 1000ml size flask too big to carry i think 750 ml500ml flask will b good for sufficient storage and carry easily
Women Grey Sling Bag,positive,summarize what people like about Women Grey Sling Bag: worth each penny lovit [SEP] tooo gud nice looking [SEP] very good product but belt length is short [SEP] product was good i have order this product to give birthday gift to my best friend she love itthank you flipkart [SEP] nice bag worth for money,product was good i have order this product to give birthday gift to my best friend she love itthank you flipkart
"TXOR NEXUS with Heart Rate & BP Monitor 35mm Screen Black Smartwatch? ? (Black Strap, Standard)",positive,"summarize what people like about TXOR NEXUS with Heart Rate & BP Monitor 35mm Screen Black Smartwatch? ? (Black Strap, Standard): i bought this watch for myself watch is really beautiful and almost has all the featuresoverall product is good perfectly working also sound is upto the mark and can take calls easilythe quality is more than i expect [SEP] the watch is a great product under this price range it look attractive and have a lot of features the heart rate monitor is also quite accurate great product [SEP] this square watch is lovely versatilebeautifulmatte black colourfeatures work amazingtouch is amazing [SEP] great looks best in budget no complaints all in all a very good watch",i bought this watch for myself watch is really beautiful and almost has all the featuresoverall product is good perfectly working also sound is upto the mark and can take calls easilythe quality is more than i expect
Catvision DD FreeDish MPEG2 SD CSR-201SP Media Streaming Device (Black),negative,summarize what people dislike about Catvision DD FreeDish MPEG2 SD CSR-201SP Media Streaming Device (Black): power power problem detective [SEP] dont waste your money please this is a bad product and the rate is so high so i requested you to please do not buy [SEP] not working in tv dont buy please [SEP] worst product not taken any one person only 20 chennel is coming [SEP] worked only one week after that no signal problem occurred signal strength goes only 22,dont waste your money please this is a bad product and the rate is so high so i requested you to please do not buy
"I Kall IK22 40 W Bluetooth Home Theatre (Black, 2.1 Channel)",positive,"summarize what people like about I Kall IK22 40 W Bluetooth Home Theatre (Black, 2.1 Channel): value for moneygood sound and decent basseverything is goodi like the two blue led lightvery good productpacking and delivery always goodfully satisfied [SEP] it is a nice product and i am impressed with the sound quality but it has a problem when iam turning on treble the electric wave sounds are coming from speakers but it is may success my dream come true of buying a home theatre which was born 7 years ago in my mind value for money and i love it [SEP] excellent all have to buy this very nice [SEP] this is very good product thanks flipkart [SEP] nice product md aftab alam",it is a nice product and i am impressed with the sound quality but it has a problem when iam turning on treble the electric wave sounds are coming from speakers but it is may success my dream come true of buying a home theatre which was born 7 years ago in my mind value for money
Dinine Craft Wooden 2 Pocket Key Holder for Wall and Home Decor Decorative Showpiece 6 cmWood Brown,positive,summarize what people like about Dinine Craft Wooden 2 Pocket Key Holder for Wall and Home Decor Decorative Showpiece 6 cmWood Brown: enhanced the look of my room [SEP] i order this item 2 times 2 pieces 1st one quality and size is good and finishing is above average but 2nd pieces quality is not upto the mark and size is also smaller than the 1st one overall good in this price [SEP] really good save your time [SEP] its useful for every one thanks to flipkart [SEP] value pcs finished work,i order this item 2 times 2 pieces 1st one quality and size is good and finishing is above average but 2nd pieces quality is not upto the mark and size is also smaller than the 1st one overall good in this price
PMW Karakkaya Harad Aralu Inknut Haritaki Kadukkai Harar Terminalia Chebula 500g Seed500 per packet,negative,summarize what people dislike about PMW Karakkaya Harad Aralu Inknut Haritaki Kadukkai Harar Terminalia Chebula 500g Seed500 per packet: nearly 25 of the seeds are damaged there are only 160 number of seeds including all sizes moreover no return policy disappointed me [SEP] 500 seeds per packet u have written there but i got only 92 inknuts for rs 149 sooooo disappointed [SEP] high price not worthy [SEP] worst quality of inknut,nearly 25 of the seeds are damaged there are only 160 number of seeds including all sizes moreover no return policy disappointed me
Fresh Zone Polyester Door MatMulticolor Medium Pack of 5,positive,summarize what people like about Fresh Zone Polyester Door MatMulticolor Medium Pack of 5: good product good quality it will be better if it has some more size but good buy [SEP] good productfast delivery [SEP] nice product not waste of money [SEP] although size is small quality is better than expected [SEP] excellent product according to price best 50 cm length,good product good quality it will be better if it has some more size but good buy
NEUDOT RELISH Engineered Wood Computer DeskStraight Finish Color TEAK Knock Down,negative,summarize what people dislike about NEUDOT RELISH Engineered Wood Computer DeskStraight Finish Color TEAK Knock Down: sup quality product with low budget [SEP] very poor quality the material used is particle board and it doesnt have any building quality im not sure about its lasting loss of money [SEP] this is sub standard productdue to jeeves person i lost my money in this product unable to return now [SEP] very disappoint for flipkart service and product is average [SEP] installation not done by flipkart since last 8 days after delivering the product no one is listening my problem from flipkart worst service ever tried many times to connect with the installer no response till now so sad,installation not done by flipkart since last 8 days after delivering the product no one is listening my problem from flipkart worst service ever tried many times to connect with the installer no response till now so sad
VICTORY Cricket Wind Ball (Pack of 1) - Made in India Smooth Cricket Cricket Synthetic Ball (Pack of 1),positive,summarize what people like about VICTORY Cricket Wind Ball (Pack of 1) - Made in India Smooth Cricket Cricket Synthetic Ball (Pack of 1): nice product the ball is very nice and it is very swing ball type best ever ball by this price [SEP] this product is very nice [SEP] this is very good ball and the is also very good you should buy it thank you 2 [SEP] it is like rubber ball [SEP] nice ball in less price,nice product the ball is very nice and it is very swing ball type best ever ball by this price
"Dallao Waterproof Remote Controlled Rock Crawler RC Monster Car With Wheel Remote , 4 Wheels , 1 Stepnee, , 1:20 scale??(Blue)",positive,"summarize what people like about Dallao Waterproof Remote Controlled Rock Crawler RC Monster Car With Wheel Remote , 4 Wheels , 1 Stepnee, , 1:20 scale??(Blue): awesome productmy nephew loved itjust go for itit is also an offroad vehicle [SEP] i like this one because it was so speed [SEP] very very nice thank you flip kart [SEP] very very super but slow run [SEP] nice speed 4x4 off road car",awesome productmy nephew loved itjust go for itit is also an offroad vehicle
Inalsa Fiesta Lx 650 W Food Processor (White),negative,summarize what people dislike about Inalsa Fiesta Lx 650 W Food Processor (White): with in 10 days of use both coupling jar and machine got damage even after complain many time no action for service [SEP] jar is not grinding finely [SEP] very bad product first time me hi motor not working [SEP] hopeless product dont waste your money [SEP] first time on flipkart i received such a horrible product which is not expected at all by flipkart i received my product with some defects it looks like it is used and some parts are broken i request for replacement of the product and later on i got the new one but when i open the box the another one is also defective finally i returned the product and dont want to purchase that again,first time on flipkart i received such a horrible product which is not expected at all by flipkart i received my product with some defects it looks like it is used and some parts are broken i request for replacement of the product and later on i got the new one but when i open th
Baby Boys Casual Tshirt PyjamaBeige,positive,summarize what people like about Baby Boys Casual Tshirt PyjamaBeige: best quality in this price [SEP] very smooth and good product [SEP] the product is so much soft and smooth im so happy for this amazing product i love this [SEP] valueable of money and very soft fabric [SEP] nice product i like it,the product is so much soft and smooth im so happy for this amazing product i love this
Home Sizzler 214 cm 702 ft Polyester Semi Transparent Door Curtain Pack Of 2Floral Brown,positive,summarize what people like about Home Sizzler 214 cm 702 ft Polyester Semi Transparent Door Curtain Pack Of 2Floral Brown: nice product but should have been thick then would have been more better during day time doesnt prevent heat but yes still good product for better design [SEP] superb curtains cloth quality is also superb and its size is exactly 7 feet and the color is as shown in the figure once again thqq flipkart for faster delivery [SEP] very nice for the price range we have an 8 ft door opening so we ordered these 9 ft curtains and took them to tailor for custom size the tailor shortened the curtains to 8 ft while also retaining the bottom border design which is great we also ordered matching 5 ft window curtains and 7 ft regular door curtains for other areas but they have not arrived yet these products take a long time to ship 1014 days but it is worth the wait i am hoping that all will match perfectly we ordered [SEP] 1the quality is quite good at this price range2semi transparent material but serves the purpose quite well3print is almost as seen in the procuct imageoveral a satisfactory purchasefor further queries do contact me [SEP] pros best curtain in the price colour design fabulous best used with another lineing size rings are perfectcons not made for sunny bright windows 40 sunray are still coming through it,very nice for the price range we have an 8 ft door opening so we ordered these 9 ft curtains and took them to tailor for custom size the tailor shortened the curtains to 8 ft while also retaining the bottom border design which is great we also ordered matching 5 ft window curtain
HF MRF GRAND EDITON VK-18 ( Ideal For 15-21 Years) Hard Plastic bat for tennis ball PVC/Plastic Cricket Bat (800-900 g),positive,summarize what people like about HF MRF GRAND EDITON VK-18 ( Ideal For 15-21 Years) Hard Plastic bat for tennis ball PVC/Plastic Cricket Bat (800-900 g): quality is good making impossible shots with this always sixes even 12 year old bod hit six with this bat i loved it [SEP] bat is soamazing and plastic is so hard and its nice bat for playing tennis ball [SEP] nice bat awesome i love it [SEP] its very very good bat and this bat stock is most powerful [SEP] superb and perfect bat,quality is good making impossible shots with this always sixes even 12 year old bod hit six with this bat i loved it
chawla overseas Red Cotton Carpet152 cm X 214 cm Rectangle,positive,summarize what people like about chawla overseas Red Cotton Carpet152 cm X 214 cm Rectangle: thank u best in market price will be satisfied i am very happy [SEP] same as shown in the picturevery satisfied with this product [SEP] quality good but size very small 4x5 [SEP] material is good at this rangeits thin but nice [SEP] very small in size its not velvet lookwise it is good,thank u best in market price will be satisfied i am very happy
SHF Velvet Door MatMulticolor Large Pack of 5,positive,summarize what people like about SHF Velvet Door MatMulticolor Large Pack of 5: it is very nice producti love it [SEP] helpful and nice quality [SEP] good deal in such price [SEP] nice product multicolor [SEP] very good and useful product,it is very nice producti love it
"SpinBot BattleMods NinjaX For BGMI,PUBG,COD Free Fire Gaming Accessory Kit? ? (Black, For Android, iOS)",positive,"summarize what people like about SpinBot BattleMods NinjaX For BGMI,PUBG,COD Free Fire Gaming Accessory Kit? ? (Black, For Android, iOS): these r good trigger triggers r good in quality and the triggers r so responsive fitting voice not perfect but done the jobprice is a higher side they must come under 500otherwise they r good [SEP] very good product worth of moneymy reflexes are improved alot thanku spinbot for this your product is great and the built quality is also great [SEP] amazing build qualityand touch response is absolutely faster than normal triggersthnx flipkart [SEP] great product simply awesompreviouly using rog phone from past few years and its deadtried various types of tirgers but no one is near or good as these tirgers must buy [SEP] all handset best controller",these r good trigger triggers r good in quality and the triggers r so responsive fitting voice not perfect but done the jobprice is a higher side they must come under 500otherwise they r good
MarQ by Flipkart 8 kg 5 Star Engineered with Panasonic Technology Fully Automatic Top Load Grey  (MQFA80J5LG),positive,summarize what people like about MarQ by Flipkart 8 kg 5 Star Engineered with Panasonic Technology Fully Automatic Top Load Grey  (MQFA80J5LG): an outstanding performance by a perfect productthis is a dollar at the cost of a rupeeyou get many features which are even not available in big brands put the clothes in it n enjoy the time this machine will do everything for you what a great technologywow marq deserves 100 star rating for this inventionloving it [SEP] its a good product value for money and easy to use ibam personaly requesting to marq guys please make water inlet port in machine back side not on the topoverall the machine is excellent we are very much happy to bring this [SEP] looking very beautiful this 75 kg panasonic technology machinehavent seen it in action yet because its delivered today in afternoonpacking is very secure and safe no scratches and dentsill update the review after using some dayspanasonic technology is very good and technology updatedeverything is fine but inlet pipe is only 1 meter long its little bit small i had to buy a 4 meter long pipe separately [SEP] best in class product in this price range performance is also awesome thanks to flipkart and marq for this beautiful and wonderful product [SEP] as we all know why this brand belongs to flipkart i want to thank flipkart that it has brought such a brand in india which is creating panic i thank flipkart again thank youthe price is low the product has the power thats all i want to say thank you,looking very beautiful this 75 kg panasonic technology machinehavent seen it in action yet because its delivered today in afternoonpacking is very secure and safe no scratches and dentsill update the review after using some dayspanasonic technology is very good and technology upd
"Mivi Fort S24 Soundbar with FM Mode and 2 full range drivers, Made in India 24 W Bluetooth Soundbar? ? (Black, 2.0 Channel)",positive,"summarize what people like about Mivi Fort S24 Soundbar with FM Mode and 2 full range drivers, Made in India 24 W Bluetooth Soundbar? ? (Black, 2.0 Channel): the sound is crystal clear and the bass is nice and it has groundshaking bass with beautiful and nice treble both bass and treble are well balanced and you can hear each and every dialogue clearly a mustbuy product [SEP] mivi fort s24 makes all your content come alive with a theater like feel good quality sound with long battery backup easy to carry good quality of sound if you are a movie buff then this is the sound bar for you there are no wire to lay so hide it under a couchor keep it out in the open for everyone to marvel at [SEP] i was looking for a good sound bar at a reasonable price and then i found this one i was not certain company mivi as never used its product before but after getting the delivery i found the soundbar terrific the sound quality is exceptionally good and the bass is also quite good for the price being paid the build quality and the look are superb thanks flipkart for such a nice product [SEP] i have been this sound bar last 2 daysand i am very impressed from sound quality and extra bassi would love recommend those people who looking for budget friendly sound bar [SEP] satisfied with the product but price should be 1500 2000 is over cost i think so but sound and build quality is good enough bass is also good just go for itif any problem found in this i will edit my review",i was looking for a good sound bar at a reasonable price and then i found this one i was not certain company mivi as never used its product before but after getting the delivery i found the soundbar terrific the sound quality is exceptionally good and the bass is also quite good
HERSHEY'S Cocoa Powder,negative,summarize what people dislike about HERSHEY'S Cocoa Powder: not good at all feels like there is dust in inside whenever i try to bite teeth feels sand inside [SEP] you should provide a new one instead of giving 7 month old product as there is no return policy so i am bound to use it within a short period of time because it has only 12 months to expirevery poor [SEP] product manufacturing date is may21 and its to be used with in 12 months product should be delivered current dated [SEP] product packaging is very poor powder spoiled very badly in box [SEP] sent damaged product whole powder came out of seal quality check not done,you should provide a new one instead of giving 7 month old product as there is no return policy so i am bound to use it within a short period of time because it has only 12 months to expirevery poor
POOWEREST Carbon Steel Collapsible WardrobeFinish Color BLUE DIYDoItYourself,negative,summarize what people dislike about POOWEREST Carbon Steel Collapsible WardrobeFinish Color BLUE DIYDoItYourself: never buy this item total waste of money [SEP] layering size doesnt fit material is very poor stitching holes are already expanding and it looks like wont stand long [SEP] very waste product no quality at all dear customers please dont buy these products [SEP] very bad like very useless [SEP] very small size cheating,layering size doesnt fit material is very poor stitching holes are already expanding and it looks like wont stand long
Women Regular Fit Black Viscose Rayon Trousers,positive,summarize what people like about Women Regular Fit Black Viscose Rayon Trousers: very stylish and comfortable [SEP] loved it im 54 ordered size 30 [SEP] the fabric is soft and i must say a beautiful pant in this price [SEP] overall i love this fitting is awesome but there should be atleast one pocket [SEP] its pattern is good but the cloth quality us thin not for long term but looks casual classy true to size happy,its pattern is good but the cloth quality us thin not for long term but looks casual classy true to size happy
BALKRISHNA ENTERPRISE Green Tea Sticks Face Shaping Mask Face Shaping Mask,negative,summarize what people dislike about BALKRISHNA ENTERPRISE Green Tea Sticks Face Shaping Mask Face Shaping Mask: not so good dont waste money white skin makes black [SEP] very dummy dont go for it [SEP] west of money 3rd class product [SEP] sorry no use very bat smell west of money [SEP] bad product it shows something else and nothing happened very poor product,bad product it shows something else and nothing happened very poor product
"TP-Link Archer C24 Multi-Mode 750 Mbps Wireless Router??(White, Dual Band)",negative,"summarize what people dislike about TP-Link Archer C24 Multi-Mode 750 Mbps Wireless Router??(White, Dual Band): probably the worst router ever i purchased this router because its the least price dual band router by tp linkthe first router i received worked fine in terms of speed but there was one problem which bugged me a lot the 24ghz band connection asked for password many times and failed to connect even though the device is in range so asked for replacement replaced router the range is good and that problem i mentioned above was sorted out but again one more problem aroused internet on [SEP] some times showing no internet [SEP] not satisfiedover hype product [SEP] range not as expected [SEP] sometimes disconnected not covering proper area but product is good",probably the worst router ever i purchased this router because its the least price dual band router by tp linkthe first router i received worked fine in terms of speed but there was one problem which bugged me a lot the 24ghz band connection asked for password many times and fail
"Haier 6.5 kg 5 star Ariel Wash Fully Automatic Top Load Brown, Grey  (HWM65-FE)",positive,"summarize what people like about Haier 6.5 kg 5 star Ariel Wash Fully Automatic Top Load Brown, Grey  (HWM65-FE): i am using the machine for more than a month the machine was delivered in time and was installed next day the length of the water pipe connector is little less so i purchased an additional connector the wash program are very easy to use washing quality is very good water level is adjusted as per the program selection the clothes gets nicely rinsed at the end of the program and slight hanging in the sun its completely dry good washing machine at this price value for money [SEP] after 2 months of daily use i am satisfied with the productdelivery was quick prompt and efficientthe installation was on time and the executive was respectful knowledgeable and to the pointfor the price point definitely a better option compared to other brands with similar capacity perfect for family of 2 to 4 people a see through cover would have been betterthe lint filter does feel bit flimsy and delicate compared to other brands [SEP] this is my second product from haier and i was pretty satisfied with it design handling and operating are nice delivery on date and installation done on the same day happy with the installation and delivery product price is competitive in its segment stand have to purchase extra one meter inlet pipe was given with the machine if you need extra then hv to pay two year warranty is provided i hv purchased next three year amc with discount from installation executive [SEP] haier washing mashin to good performancegood wash to clothes soft hard water to good washspecial thanks for a flipkart best product dilevery installation boy thanks for all of you [SEP] value for money with full automatic functions the plastic quality of the machine is on lower side if the plastics top was with glass top would be perfect product hope they replace the top with good quality",i am using the machine for more than a month the machine was delivered in time and was installed next day the length of the water pipe connector is little less so i purchased an additional connector the wash program are very easy to use washing quality is very good water level is
BhCarpet Red Acrylic Carpet150 cm X 200 cm Rectangle,positive,summarize what people like about BhCarpet Red Acrylic Carpet150 cm X 200 cm Rectangle: very nice product i just loved it [SEP] very very niceworth of money [SEP] in this rate go for itheavy carpet good quality [SEP] quality good design beautiful [SEP] product was very nice same as show in pictures,in this rate go for itheavy carpet good quality
Inalsa Verve 800W Food Processor with 100% Pure Copper Motor| 2 Multipurpose Jars & 11 Accessories 800 W Food Processor (Black/Rose Gold),positive,summarize what people like about Inalsa Verve 800W Food Processor with 100% Pure Copper Motor| 2 Multipurpose Jars & 11 Accessories 800 W Food Processor (Black/Rose Gold): nice product help full for kitchen [SEP] nice one i happy so products is kitchen first choice jainamore bokaro jharkhand [SEP] very brittle and feels like would break apart on everyday regular usage [SEP] value for money product [SEP] nice product packing was good delivery was on time i m satisfied thanks flipkart,nice product packing was good delivery was on time i m satisfied thanks flipkart
K A Enterprises Solid metallic finish balloons for birthday anniversary party decoration pack of 50 Multi color BalloonMulticolor Pack of 50,positive,summarize what people like about K A Enterprises Solid metallic finish balloons for birthday anniversary party decoration pack of 50 Multi color BalloonMulticolor Pack of 50: good purchaseupto the mark [SEP] very very very good quality [SEP] very good customer happy [SEP] very good quality product i love it [SEP] super product no damages i love it thank you flipkart,super product no damages i love it thank you flipkart
"Ozarro Black Genuine Leather Steel Toe Safety Shoe (S4422) Steel Toe Genuine Leather Safety Shoe (Black, S1)",negative,"summarize what people dislike about Ozarro Black Genuine Leather Steel Toe Safety Shoe (S4422) Steel Toe Genuine Leather Safety Shoe (Black, S1): stiches are torn after few days [SEP] sole of the shoe is of very bad quality only after 3 months of use it got cracked [SEP] not goodpoor material [SEP] sole tore down within 2 month or regular normal usedont buy it [SEP] within 15 days shoes sole damaged very bad quality of sole its fully lose of money",within 15 days shoes sole damaged very bad quality of sole its fully lose of money
LCS8188 TRENDING DAY DATE FUNCTIONING Analog Watch For Men,positive,summarize what people like about LCS8188 TRENDING DAY DATE FUNCTIONING Analog Watch For Men: watch is a awesome and beautiful colour black the perfect thank you flipkart and i hope so you give future best product provide for customer [SEP] super nice product nice look solid look nice quality [SEP] its verry good and i like it so much and its loking like royal look its so nice and amazing product im satisfied this one and thank you flipkart and value of money i recommend all of you purchase this one [SEP] watch is very good in this price range the design is awesome metal quality is also good packaging material is very good and nice delivery i suggest this watch better than other companies watch you go to buy this thank you [SEP] nice looking good product i am happy with this thank you flipkart,watch is very good in this price range the design is awesome metal quality is also good packaging material is very good and nice delivery i suggest this watch better than other companies watch you go to buy this thank you
LG DFB424FP Free Standing 14 Place Settings Intensive Kadhai Cleaning| No Pre-rinse Required Dishwasher,negative,summarize what people dislike about LG DFB424FP Free Standing 14 Place Settings Intensive Kadhai Cleaning| No Pre-rinse Required Dishwasher: no auto restart after a power cut the cycle will continue again if there is a power cut at the end of the cycle [SEP] flipkart delivery is very good fast but lg service is extremely poor [SEP] this is good product but the power off issue is very bad due to this we are using it with turbo mode which will wash in 1hour otherwise avoid buying this dishwasher i would give 5 star if this issue is resolved,this is good product but the power off issue is very bad due to this we are using it with turbo mode which will wash in 1hour otherwise avoid buying this dishwasher i would give 5 star if this issue is resolved
Faber FFSD 6PR 12S Neo Black Free Standing 12 Place Settings Dishwasher,positive,summarize what people like about Faber FFSD 6PR 12S Neo Black Free Standing 12 Place Settings Dishwasher: i am really happy and satisfied with product and service provider md raj ali warsi global sloution burdwan excelant service provide in lock down priod really thanks again to franke faber and md raj ali [SEP] excellent service and flawless installation by flames kollam service centerrepresentative was kind and demoed the functionalities wellso far so good [SEP] good work done by the technician animesh pradhanwho came from haldia [SEP] good product friendly service ideal for small family eco settings saves water and electricity definitely recommended [SEP] raj verma khushi enterprises very good demo,i am really happy and satisfied with product and service provider md raj ali warsi global sloution burdwan excelant service provide in lock down priod really thanks again to franke faber and md raj ali
"Men Solid Single Breasted Wedding, Casual, Festive Blazer (Blue)",positive,"summarize what people like about Men Solid Single Breasted Wedding, Casual, Festive Blazer (Blue): very good producti like very muchthanks flipkart [SEP] thank you so much flipkart [SEP] nice very nice t surt [SEP] this is nice products of students",very good producti like very muchthanks flipkart
"TITIRANGI 4 Pack 4WD Monster Truck Cars,Push and Go Toy Trucks Friction Powered Cars 4 Wheel Drive Vehicles for Toddlers Children Boys Girls Kids Gift-4PCS??(Multicolor)",positive,"summarize what people like about TITIRANGI 4 Pack 4WD Monster Truck Cars,Push and Go Toy Trucks Friction Powered Cars 4 Wheel Drive Vehicles for Toddlers Children Boys Girls Kids Gift-4PCS??(Multicolor): awesome toys very strong my kid loves it and i love it more but after i purchased its price dropped [SEP] the colours and quality of these cars is too good as accepted [SEP] super quality in minimum price used this for 15days just awesome performance just buy it [SEP] nice car worth fr money u can buy it [SEP] nice product quality also gud",awesome toys very strong my kid loves it and i love it more but after i purchased its price dropped
RedShell SmartBuy ISI Mark ShockProof WaterProof 2000 W Immersion Heater RodTubular,positive,summarize what people like about RedShell SmartBuy ISI Mark ShockProof WaterProof 2000 W Immersion Heater RodTubular: nice oneflipkart is the best to offer products [SEP] long wire and super product [SEP] this product is nice good product [SEP] thanku flipkart product is good [SEP] not quality very worst items,nice oneflipkart is the best to offer products
"mobspy 3.5mm Clip Microphone For Youtube | Collar Mic for Voice Recording | Lapel Mic Mobile, PC, Laptop, Android Smartphones, DSLR Camera Microphone Microphone collar mic (Black)",negative,"summarize what people dislike about mobspy 3.5mm Clip Microphone For Youtube | Collar Mic for Voice Recording | Lapel Mic Mobile, PC, Laptop, Android Smartphones, DSLR Camera Microphone Microphone collar mic (Black): why doing this horrible scam to us this is our hard earned money now this mic is very noisywe are so poor this money means lot to me but i feel scammed [SEP] mic is good length is okay but if you think it has noice cancellation property then youre completely wrong it works as regular earphone mic [SEP] it s not working on my android phone wastage of money [SEP] worst it stopped working after 2 weeks [SEP] does not work with pc laptop or dslr",why doing this horrible scam to us this is our hard earned money now this mic is very noisywe are so poor this money means lot to me but i feel scammed
Auto Hub Microfiber Vehicle Washing ClothPack Of 4 800 GSM,positive,summarize what people like about Auto Hub Microfiber Vehicle Washing ClothPack Of 4 800 GSM: value for money and excellent quality [SEP] excellent level of absorption [SEP] love it new fabric with softy [SEP] value for money product [SEP] very good microfiber cloth osam quality,very good microfiber cloth osam quality
"Lifelong Falcon 26 T with Disc Brake and Suspension , Matte Black 26 T Road Cycle  (Single Speed, Black)",negative,"summarize what people dislike about Lifelong Falcon 26 T with Disc Brake and Suspension , Matte Black 26 T Road Cycle  (Single Speed, Black): just waste my money heres no benifit to buy this cycle dont buy this i realised now so i am telling you [SEP] very bad quality disc break is waste dont buy this products pls dont waste yr money [SEP] dont buy this waste of money go buy this in shops i am not writing full problems but its handle gears and suspension worst very hard to ride on roads specially on bridges",dont buy this waste of money go buy this in shops i am not writing full problems but its handle gears and suspension worst very hard to ride on roads specially on bridges
classiconline Wall Mount Corner 5 Tier Engineered Wood Display UnitFinish Color Brown Preassembled,positive,summarize what people like about classiconline Wall Mount Corner 5 Tier Engineered Wood Display UnitFinish Color Brown Preassembled: good product loved it [SEP] awesome product loved ittq flipkart [SEP] very nice and durable product,awesome product loved ittq flipkart
"QUANTUM QHM9850 Mechanical Keyboard Wired USB Gaming Keyboard? ? (Grey, Black)",positive,"summarize what people like about QUANTUM QHM9850 Mechanical Keyboard Wired USB Gaming Keyboard? ? (Grey, Black): posting this review after using for 5 days this is my 1st mechanical keyboard and i enjoyed using it the sound is very good and loud as well as expected by blue switches keypresses are very soft and not much pressure is needed so loved that part [SEP] best mechanical keyboard in this price range tried other mechanical as well but this is far better in low price dont think twice before buying nice feedback and clicky sound from the keyboard [SEP] for the price you simply cant beat it ive been using it and i love it the price its the cheapest good quality mechanical keyboard you will find 2 the clicky sound is nice and satisfying i find myself making excuses just to type more with it 3 there are some nice led color options [SEP] everything is a perfect wonderful keyboard in this price range [SEP] this is my first mechanical keyboard and i love it i dont frequently use the rgb modes l but they are so good and the typing is so comfortable",for the price you simply cant beat it ive been using it and i love it the price its the cheapest good quality mechanical keyboard you will find 2 the clicky sound is nice and satisfying i find myself making excuses just to type more with it 3 there are some nice led color options
Men Woven Single Breasted Casual Blazer (Black),positive,summarize what people like about Men Woven Single Breasted Casual Blazer (Black): osm quality need a little bit dry cleanand the colour is not dark grey like in the picture but it is excellent for winter esp in weddings [SEP] very awesome productgood fittingnice fabric [SEP] great quality and fittings as expected [SEP] product is nice and value for money but color is greyish black rest all things are good [SEP] product is good but size is not appropriate for me,osm quality need a little bit dry cleanand the colour is not dark grey like in the picture but it is excellent for winter esp in weddings
Butterfly Cresta 4 Jars 750 W Food Processor (Turquoise Green),positive,summarize what people like about Butterfly Cresta 4 Jars 750 W Food Processor (Turquoise Green): excellent chef pro jar slicing grafting became so easy and time saving job using this only dis advantage is plastic seems to be not much sturdy should be very careful while handling best and worth for money have all features as in preethi zodiac and vidiem adc lays chips cutter is an added advantage [SEP] very nice product as described a good companion in the kitchen [SEP] very good productrecommended to purchase [SEP] its really good product [SEP] wonderful performance easy for cutting vegetables and making dough comes with a whipper worth buying,excellent chef pro jar slicing grafting became so easy and time saving job using this only dis advantage is plastic seems to be not much sturdy should be very careful while handling best and worth for money have all features as in preethi zodiac and vidiem adc lays chips cutter i
Qubo Outdoor Cam by HERO GROUP IP65 1080p Full HD CCTV with Intruder Alarm System Security Camera1 Channel,positive,summarize what people like about Qubo Outdoor Cam by HERO GROUP IP65 1080p Full HD CCTV with Intruder Alarm System Security Camera1 Channel: my friend recommended this camera to me i gave it a try because it is a product by hero group and i must say i am impressedi have it installed outdoors to keep a watch on my main doori like that you can set zones to filter out unwanted alerts and notifications i have set a zone around my home entrancealso the night vision is quite clear and it has a wide field of viewthe installation was easy and i found the app to be user friendlythe device itself is good looking and is made of [SEP] i am happy that indian companies are coming up with such new innovative devices this camera by hero is a good addition to my existing list of smart gadgets i have set up routines on my device to play a prerecorded message in case any motion is detected in my absence and i also like the twoway talk feature sound quality is really good the app is also quite user friendly never seen such a nice customeroriented app for a camera before having used cameras by other companies as well i c [SEP] i was looking for a baby monitor for my new born baby and came across this cameraim able to keep an eye on my kid when hes sleeping at nightand the cry detection feature also works like a charm and notifies us when baby starts crying is really useful for us as a working couplei can say that the device is performing well as per my needs till nowthe support team was also quite helpful in resolving some doubts i had about the subscription plans [SEP] i was looking for a video doorbell for my front door and this camera works well for that usage i can see the live footage outside my door and can also speak through the camera the camera also records whenever a person is detected at the door the installation was also quite easynote the device takes a few minutes time to update upon the first usage [SEP] i have us,i am happy that indian companies are coming up with such new innovative devices this camera by hero is a good addition to my existing list of smart gadgets i have set up routines on my device to play a prerecorded message in case any motion is detected in my absence and i also li
Hindware Ripple 90 Auto Clean Wall Mounted Chimney (Black 1350 CMH),positive,summarize what people like about Hindware Ripple 90 Auto Clean Wall Mounted Chimney (Black 1350 CMH): everything is okay expect the engineers charge why i am saying that because fitting of this chimney just require hardly 5 to 10 minutes he just put 3 screw in the wall then just some demo of this product he chrages 1000 rs it is not worth of money you can fit this by yourself it is so easy [SEP] worth buyingthis is almost two week of using this product so far i have some points to make1 it is working very efficiently and results are quite good2 its handy in terms of controls and has good gesture control feature3 its is quite silent in operationi will recommend this product for all the first time buyers and its worth buying [SEP] looking very nice and performance is very goodim happy to purchase the samedelivery of flipcart is also good like previousdemo and fitted by mrbijoy biswas who is a very gentle man im very satisfied by his work and good behaviour [SEP] nice product got it for an awesome deal on flipkart bigbillion day delivery was within 4 days installation was really fast literally even before 24 hours after delivery really happy with the installation worth the prize autoclean filter less technology is just awesome [SEP] my product is good the company has given me the best product my problem is delivery man asked for money to deliver the product at my home which i already deposited amount this is not a good experience i had booked a product in black and silver color color of my product is changed,worth buyingthis is almost two week of using this product so far i have some points to make1 it is working very efficiently and results are quite good2 its handy in terms of controls and has good gesture control feature3 its is quite silent in operationi will recommend this produ
konvio neer Pen Type Tds 0012 Digital TDS Meter,positive,summarize what people like about konvio neer Pen Type Tds 0012 Digital TDS Meter: tds meter is working with nice accuracy no fluctuation in reading of water ppm battery life also good i liked it much after using my self also have been used for some relatives and nabours will recommend to people who really want to keep their own tds meter at home for healthy and pure water observation thank you flip kart team [SEP] low price and best quality nice [SEP] very good product worth of money [SEP] works as expected i recommend it [SEP] showing exact readings go for it,tds meter is working with nice accuracy no fluctuation in reading of water ppm battery life also good i liked it much after using my self also have been used for some relatives and nabours will recommend to people who really want to keep their own tds meter at home for healthy an
"AJRO DEAL Double Spring Tummy Trimmer - Multipurpose Fitness Equipment (Black) Ab Exerciser? ? (Black, Multicolor)",negative,"summarize what people dislike about AJRO DEAL Double Spring Tummy Trimmer - Multipurpose Fitness Equipment (Black) Ab Exerciser? ? (Black, Multicolor): so poor quality please dont purchase [SEP] too smallwaste of money [SEP] worst product spring is too tight [SEP] very worst products my money waste products quality not nice one i very disappointed [SEP] both the hand grip are bended",very worst products my money waste products quality not nice one i very disappointed
Boys & Girls Full Sleeve Printed Sweatshirt,positive,summarize what people like about Boys & Girls Full Sleeve Printed Sweatshirt: it is amazing products best for all army buy as soon as possible the quality is even awesome [SEP] very beautiful and amazing very good product [SEP] this is amazing fabric quality goodsmart [SEP] good fabric thankyou flipkart [SEP] nice products go for it guys,it is amazing products best for all army buy as soon as possible the quality is even awesome
HAVELLS convenio 500 W Food Processor (Black),positive,summarize what people like about HAVELLS convenio 500 W Food Processor (Black): very good product atta dough is made perfectly the dough made by this food processor is very soft which is perfect for chapatis and paratha shredding is done perfectly but vegetable dicing cannot be done by this machine [SEP] ordered didnt work replacement also didnt work pathetic product [SEP] very nice and useful for kitchen,very good product atta dough is made perfectly the dough made by this food processor is very soft which is perfect for chapatis and paratha shredding is done perfectly but vegetable dicing cannot be done by this machine
"ANTIOUE MART Wooden Set Top Box Stand Wall Mounted TV Cabinets Wall Selves Holds Speaker, Cable Boxes, Streaming Device, Game Console, Remote, WiFi Router Wooden Wall Shelf (Number of Shelves - 3, Brown)",negative,"summarize what people dislike about ANTIOUE MART Wooden Set Top Box Stand Wall Mounted TV Cabinets Wall Selves Holds Speaker, Cable Boxes, Streaming Device, Game Console, Remote, WiFi Router Wooden Wall Shelf (Number of Shelves - 3, Brown): nice product but hangging hole so weak it vry difficult to attach on wall [SEP] the quality is very poor its a very basic plywood not even laminated just painted with white paint and the worst part is the hooks on the rear side screw doesnt fit in the hook even one of the hook broke down had to fix with additional hardware material [SEP] when fitting the cabinet crack the short wood by long scrue [SEP] very low quality product dont buy frauds they are [SEP] quality below parwaste of money",the quality is very poor its a very basic plywood not even laminated just painted with white paint and the worst part is the hooks on the rear side screw doesnt fit in the hook even one of the hook broke down had to fix with additional hardware material
Inalsa fiesta 650 W Food Processor (White),negative,summarize what people dislike about Inalsa fiesta 650 W Food Processor (White): i purchased this item on 18102017 after 6 month there is problem in plastic rotor its melted there is no service center in our city i complain to inalsa they suggest send your food processor at ahmedabad vadodara or surat its not possible for me [SEP] due to low blade quality the cutting of spices is not possible so ur requested to send a high quality sharp blade and a small size jar we may pay for the extra products [SEP] product received looks like lying dead for long proper finishing of inaka has lost received in dead condition not working at all possible trails [SEP] worst company ever after completing one yr i can suggest not to buy this product both steal jar has broken not in working condition [SEP] just ok ok m not happy,i purchased this item on 18102017 after 6 month there is problem in plastic rotor its melted there is no service center in our city i complain to inalsa they suggest send your food processor at ahmedabad vadodara or surat its not possible for me
Nextron NX-AE100 Voltage Stabilizer for Smart LED TV for 32/43/55 inchs+Set Top Box +home theater (Black),positive,summarize what people like about Nextron NX-AE100 Voltage Stabilizer for Smart LED TV for 32/43/55 inchs+Set Top Box +home theater (Black): working finego for it its money worthy [SEP] super compact trusteble product [SEP] best price best product [SEP] satisfied with product excellent working [SEP] product is same as described buy the seller good condition and in excellent working condition only the time will test the durability of this product,product is same as described buy the seller good condition and in excellent working condition only the time will test the durability of this product
Whirlpool CLASSIC CF 60 BK HOOD 60 cm 750 m /hr Wall Mounted Chimney (Black 750 CMH),positive,summarize what people like about Whirlpool CLASSIC CF 60 BK HOOD 60 cm 750 m /hr Wall Mounted Chimney (Black 750 CMH): super best price good quality but duct pipes is not included [SEP] third class chimneyplz never buy iteven no installation [SEP] miid price good product [SEP] very good in low budget [SEP] product is good in this price,super best price good quality but duct pipes is not included
Men Checkered Single Breasted Formal Blazer (Grey),positive,summarize what people like about Men Checkered Single Breasted Formal Blazer (Grey): excellent product genuine quality deliver in just 2 days go for it [SEP] awesome happy christmas u can buy [SEP] best best best bestgo for it [SEP] product was really good and delivered in nice packaging size is perfect but the only problem is that it has single button in front [SEP] thanks flipkart wonderful product,product was really good and delivered in nice packaging size is perfect but the only problem is that it has single button in front
"COSCO Kick Football - Size: 5  (Pack of 1, Blue)",positive,"summarize what people like about COSCO Kick Football - Size: 5  (Pack of 1, Blue): i have used many football but quality of this ball material is very nice and amazing and suitable for hardsoft ground and all weather conditions so i am rating this 5 out of 5 [SEP] really nice footballi loved it and will highly recommend it to you i can guarantee it that you will like this football [SEP] very good product i gifted my son he loved it value for money thank you flipkart [SEP] nice football with inflating needle [SEP] excellent ball with a decent qualitycan be played on both hard and grassy ground",i have used many football but quality of this ball material is very nice and amazing and suitable for hardsoft ground and all weather conditions so i am rating this 5 out of 5
"Logitech G213 / Lightsync RGB, Spill-resistant, Palm-rest, Customizable Keys Wired USB Gaming Keyboard? ? (Black)",positive,"summarize what people like about Logitech G213 / Lightsync RGB, Spill-resistant, Palm-rest, Customizable Keys Wired USB Gaming Keyboard? ? (Black): awesome lit and comfy with durable mech keys its worth every rupee of it [SEP] better than asus k1 keyboard ant esports mk 3200 though looks and feel gud not reliable as logitech i guess get it for 3k at sale it is worth at that price [SEP] i have always wanted to buy this keyboard finally i was able to and after 1 week of purchase i can definitely say that this is the best keyboard under rs4000 i bought this for rs3295 while it was on sale one of the best keyboards for gaming and the wrist rest is a nice addition although it is non removable plus it comes with a long and braided cable if you have the money just go with it [SEP] keyboard has very good build quality i wish the brightness is a little low of the rgb but its good for me its not distracting the logitech ghub software is also good for controlling the rgb the keys [SEP] excellent keyboard got it for 29k worth the money",i have always wanted to buy this keyboard finally i was able to and after 1 week of purchase i can definitely say that this is the best keyboard under rs4000 i bought this for rs3295 while it was on sale one of the best keyboards for gaming and the wrist rest is a nice addition a
Strauss Swimming Kit | Swimming Goggles | Swimming Cap | Swimming Accessories Swimming Kit,negative,summarize what people dislike about Strauss Swimming Kit | Swimming Goggles | Swimming Cap | Swimming Accessories Swimming Kit: worst product ever it got broken in first use [SEP] useless products and waste of moneyalso flipcart delivery personnel are bunch of baboons [SEP] its fine does the work cap looks old and worn out but serves the purpose,useless products and waste of moneyalso flipcart delivery personnel are bunch of baboons
Greenery Hub Home Garden Flowers Seeds 40 Varieties Seeds Combo With Instruction Manual Seed40 per packet,negative,summarize what people dislike about Greenery Hub Home Garden Flowers Seeds 40 Varieties Seeds Combo With Instruction Manual Seed40 per packet: bad product waste money [SEP] quantity is very less very disappointed [SEP] no seeds are germinating posting after 20 days [SEP] dont buy total waste of moneythey just give me 28 kind of seeds only instead of 40they are the worst quality possible also there is no return policythis is worst i totally mean my words think 100 times before purchasing it wasteofmoney [SEP] not growing seeds many,dont buy total waste of moneythey just give me 28 kind of seeds only instead of 40they are the worst quality possible also there is no return policythis is worst i totally mean my words think 100 times before purchasing it wasteofmoney
Women Relaxed Maroon Viscose Rayon Trousers,positive,summarize what people like about Women Relaxed Maroon Viscose Rayon Trousers: very nice matiral perfect size superb coliti [SEP] go for it its awsm plazzo [SEP] very nice fabric worth every penny very soft comfortable [SEP] 100 satisfied with this onenice material size also correct for me [SEP] very nice plazzo but fabric is thin this is 5 xl for 36 waist,100 satisfied with this onenice material size also correct for me
"Men 9325 Latest Collection Stylish Sports Sneakers Running Shoes Running Shoes For Men (Red, Black)",negative,"summarize what people dislike about Men 9325 Latest Collection Stylish Sports Sneakers Running Shoes Running Shoes For Men (Red, Black): poor qualityand not satisfied [SEP] this product is not a good for running [SEP] dont order this shoes [SEP] product not good quality [SEP] very poor quality not comfortable dont buy",very poor quality not comfortable dont buy
Das Dexter Engineered Wood TV Entertainment UnitFinish Color Flowery Wenge DIYDoItYourself,positive,summarize what people like about Das Dexter Engineered Wood TV Entertainment UnitFinish Color Flowery Wenge DIYDoItYourself: nice product easy installation and fit for 40 inches tv also looks very nice thank you flipkart [SEP] value for money and suitable for 32 inch led tv [SEP] product is really awesome good to buy if you are looking a tv canine at affordable prices [SEP] super nice product value for moneygud product tqqq flip kart [SEP] same as shown in image tq filpkart,nice product easy installation and fit for 40 inches tv also looks very nice thank you flipkart
Dinine Craft Adiyogi Shiva Statue For Car Dashboard Table Decor Idol Decorative Showpiece15 Decorative Showpiece 11 cmPolyresin Black,positive,summarize what people like about Dinine Craft Adiyogi Shiva Statue For Car Dashboard Table Decor Idol Decorative Showpiece15 Decorative Showpiece 11 cmPolyresin Black: the adiyogi decorative is great product in quality and alsi in size the product is really strong with good quality and great design you can keep it your cars room showcase etc [SEP] in sanskrit adi from the earliest timesanth end antim endingadiyogi an ancient yogibest idol for at my house i like this much perfect shape cresent set on top [SEP] nyc product finishing is good looks attractive i like this sculpture and i recommend my friend also to buy this really amazing product lord shiva [SEP] this is just amazing i always wanted this type of sculpture the quality is amazing and it feels like i am seeing the real adiyogi superb quality and affordable price [SEP] its a beautiful showpiece the quality is good and the finishing is also nice gifted this to my mother and she is very happy with this one,the adiyogi decorative is great product in quality and alsi in size the product is really strong with good quality and great design you can keep it your cars room showcase etc
Siemens SN26L201IN/SN256W01GI Free Standing 12 Place Settings Dishwasher,positive,summarize what people like about Siemens SN26L201IN/SN256W01GI Free Standing 12 Place Settings Dishwasher: bought it during diwali sale prompt delivery with installation and demo on time kudos flipkart and entire team coming to the product machine is a perfect one does its job well except few dry and hard stains which needs little scrub before loading in dishwasher fantastic machine just go for it [SEP] fantastic product no need to depend on maid manage home at our convenience very good results in wash quality it is very easy to use and reduces water use by more than half delivered on time and demo arranged in 2 days thanks flipkart for quick delivery and arranging demo cum installation servicesat the time of demo for tap connection an adapter rs 300 is to be paid otherwise its completely free installation service [SEP] awesome product freedom from the maids cleans utensils so good that you will fall in love with it can handle so many utensils together economical compared to the maids needs few days to get accustomed bosch service is so great [SEP] got it delivered within scheduled timeinstallation before timehowever i gave a call to seimens service the day it was deliveredgood for a member of 3effective washing with tablet rather than detergentsatisfiedif anybody is planning to buy go for it [SEP] very good machine quick delivery fast installation,fantastic product no need to depend on maid manage home at our convenience very good results in wash quality it is very easy to use and reduces water use by more than half delivered on time and demo arranged in 2 days thanks flipkart for quick delivery and arranging demo cum inst
PAPILON 10 Shades Of Liquid Food Color (20 Ml X 10 Bottle) Multicolor  (20 ml),positive,summarize what people like about PAPILON 10 Shades Of Liquid Food Color (20 Ml X 10 Bottle) Multicolor  (20 ml): for the price it is really amazing the colors are very pigmented love it though there were a little spillage when i received the package but still the bottles were all sealed i loved it and would highly recommend it [SEP] im so happy because this food colour is very helpful for me im very satisfied for this food colour thank you flipkart [SEP] good safe deliverycartoon packet is not much safe iexpected it ina safe usable canister [SEP] colours were very good the colours looked brighter after the cake was bakedsame colours when mixed with whipping cream for icing did not look that bright and were of lighter shade but still looked pretty [SEP] made with these food colorsgood product,for the price it is really amazing the colors are very pigmented love it though there were a little spillage when i received the package but still the bottles were all sealed i loved it and would highly recommend it
Inalsa Inox 1000 1000 W Food Processor (Silver:Black),positive,summarize what people like about Inalsa Inox 1000 1000 W Food Processor (Silver:Black): nice simple and classy product takes less space and easy to handle food processor look feel quality and performance is excellent got very good discount 7k and quick delivery with solid packing from flipkart overall good buy for a food loving family we had a food processor earlier one small suggestion if you dont like to cook often at home then dont even buy a food processor it will be kept at the corner of your kitchen as a real estate waste we have started experimenti [SEP] inalsa food processor has been used by us since last 15 years and it has served wellhence the inox 1000food processor was again boughtthe improve features and design are goodthe 1000 watt motor help in quicker and better food processinga suggestion would be adding a coconut scraper too [SEP] quite a good product we are happy with it comes with lot of accessories and the best part of it is unless you fit the judge properly the mixer grinder will not start i think this is the best feature in this when we started for first time we were not able to start because you have to make sure it is locked properly and only then it will start [SEP] awesome product no words to say anyone waiting for buying this product pls go ahead no problemthank u inalsa chef of kitchen and material of the product is too good especially the blades really good one satisfied a lot [SEP] its an amazing product i received my product as mentioned in manual shredding of carrot is too easy for me as my son likes gajar ka halwa so he is very happy,nice simple and classy product takes less space and easy to handle food processor look feel quality and performance is excellent got very good discount 7k and quick delivery with solid packing from flipkart overall good buy for a food loving family we had a food processor earlier
Torche Scholar study table desktop tableoffice table Solid Wood Study TableFree Standing Finish Color Gold and White DIYDoItYourself,positive,summarize what people like about Torche Scholar study table desktop tableoffice table Solid Wood Study TableFree Standing Finish Color Gold and White DIYDoItYourself: the quality of product is really good easy to assemble length and height are perfect just the depth is little less otherwise a quality product the wood used is high density board and thus is very smooth and much stronger than particle boards a must buy product if depthwidth of the table is not a problem for you will suggest torche to build a bit more wide product probaby 55 cm depth will be a perfect size [SEP] it is just awesome and super table and the fitting also very easy with th steps that the team mentioned is an absolutely good and finefinally good product can buy with out fear excellent product and finally i can say thank you so much flipkart and team keep up good work always as your team doing ofcourse thank you [SEP] the table is strudy and gives a nice look to the room i love the item and they guided well for assembling [SEP] such an amazing product perfect width perfect height took some time to assemble but all was worth it thank you flipkart and torche for such an amazing product [SEP] quality is sturdy easy to assemble and install looks and finish is also good good option for study as well as office work,the quality of product is really good easy to assemble length and height are perfect just the depth is little less otherwise a quality product the wood used is high density board and thus is very smooth and much stronger than particle boards a must buy product if depthwidth of th
US DZIRE 512 Ganeshji craft Ceiling light wooden lamp shade With Bulb Hanging Night Lamp For Home Dcor office hotel Restaurant Pendants Ceiling LampYellow Brown,positive,summarize what people like about US DZIRE 512 Ganeshji craft Ceiling light wooden lamp shade With Bulb Hanging Night Lamp For Home Dcor office hotel Restaurant Pendants Ceiling LampYellow Brown: such a beautiful and peaceful lamp at night it just add positivity and peace in roommost satisfied with the productits just worth it [SEP] its very good product worth to buy [SEP] quality of the product is very good and the price is also good compare to market rate [SEP] best light for decorating home [SEP] nice product thank you,such a beautiful and peaceful lamp at night it just add positivity and peace in roommost satisfied with the productits just worth it
Party clue Printed Happy Birthday Combo 61 Pcs Birthday Banner Golden Curtain Confetti Ballons With BalloonBlack Gold Pack of 61,negative,summarize what people dislike about Party clue Printed Happy Birthday Combo 61 Pcs Birthday Banner Golden Curtain Confetti Ballons With BalloonBlack Gold Pack of 61: very bad only 36 balloons out of 50 and do not give stars dont buy [SEP] quality is very poor and i got different colour from i chose its very bad very bad experience will not buy anything from shopsee in future and i will try to deteriorate all of customers of shopsee worst app ever [SEP] worst product ever not satisfied with this [SEP] bad product air pump is not working,quality is very poor and i got different colour from i chose its very bad very bad experience will not buy anything from shopsee in future and i will try to deteriorate all of customers of shopsee worst app ever
Otoroys Aroma Car Freshener150 ml,negative,summarize what people dislike about Otoroys Aroma Car Freshener150 ml: very poor productit is not works in sunlightbody material is very differentdont buy [SEP] fragnance is almost not available in this device worst [SEP] no smell it can used only for look [SEP] perfume is not effective [SEP] not working after 1 hr,very poor productit is not works in sunlightbody material is very differentdont buy
Kadio Analog Silver Clock,negative,summarize what people dislike about Kadio Analog Silver Clock: dont order it will stop working after 23 days [SEP] totally money waste please dont buy this product [SEP] product is not working [SEP] i think i wasted my money [SEP] useless product no alarm system dont waste your money,useless product no alarm system dont waste your money
Cotton Blend Embellished Maroon Men Dupatta,positive,summarize what people like about Cotton Blend Embellished Maroon Men Dupatta: as shown as i found this best for groom [SEP] better than expected perfectly match with my kurta cant get better at this price range loved it [SEP] matiriyal is less better then according to price,better than expected perfectly match with my kurta cant get better at this price range loved it
PHILIPS AC288720 883 4887 20280 Portable Room Air PurifierWhite,negative,summarize what people dislike about PHILIPS AC288720 883 4887 20280 Portable Room Air PurifierWhite: this is a very bad quality product with in a month we have to change the filter even after changing the filter this product did not work philips service is probably the worst in the country you keep calling them and they do not respond at all this product is lying as a junk at my home disappointing [SEP] smells like carbon in the room im not sure if these things are just a farce or does affect in reality [SEP] does the job as advertised sleep mode is absolutely quiet and comfortable my little one had been suffering from wheezing for a while now thanks to this product the problem is gone now it has antivirus mode and antipollen mode alsosatisfied [SEP] worst service from fkno proper response no proper replygood product [SEP] it produces too much sound and even if in night mode generates sound which disturbes your sleep,this is a very bad quality product with in a month we have to change the filter even after changing the filter this product did not work philips service is probably the worst in the country you keep calling them and they do not respond at all this product is lying as a junk at my
PRO365 Uplight Wall Lamp With Bulb,positive,summarize what people like about PRO365 Uplight Wall Lamp With Bulb: multi color changing lamp which is very nice [SEP] very good looking but size is too small [SEP] like it feeling elegent [SEP] amazing quality looks beautiful day and night time sensors are just cherry on top i love this product [SEP] product is good but not suitable for regular plugs at home see pictures dont buy it,amazing quality looks beautiful day and night time sensors are just cherry on top i love this product
"realme Mobile Game Finger Sleeves Gaming Accessory Kit? ? (Mottled Black, For Android, iOS)",negative,"summarize what people dislike about realme Mobile Game Finger Sleeves Gaming Accessory Kit? ? (Mottled Black, For Android, iOS): im a youtuber little king gaming and bought it for my pubg live streaming but threads started coming out within 5 daysnot recommendednote not a fake reviews [SEP] after using 1 week it does not work and it is not realme product it is fake product after seven eight days it starts stopping on screen and does not drag it is totally fake product please dont buy it thank you [SEP] quality is not goodthe threads were coming outand the realme logo also worn out in 2 days do not buy thisits better to make use a home made finger sleeve [SEP] it got damaged in just 1 day of use [SEP] its not as good as i expected it to be i am not satisfied",after using 1 week it does not work and it is not realme product it is fake product after seven eight days it starts stopping on screen and does not drag it is totally fake product please dont buy it thank you
Spotzero by Milton Prime Mop With Big Wheels Bucket,positive,summarize what people like about Spotzero by Milton Prime Mop With Big Wheels Bucket: i m satisfied about my product [SEP] good product quality and performance both are good [SEP] good products as is it price worth [SEP] wow tjis is spotzero milton productamazing [SEP] super quality gud performance,good product quality and performance both are good
LS2821 Bleed Blue Day and Date Functioning Strap Adult Quartz Analog Watch For Men,positive,summarize what people like about LS2821 Bleed Blue Day and Date Functioning Strap Adult Quartz Analog Watch For Men: nice watch must buy worth for cost i bought it before few months no problem good watch i like it very much [SEP] amazing product like this so much affordable price and easy to wear [SEP] first time ever im fully satisfied for any product purchase from online sites such a nice watch look vise as well as quality best value for money [SEP] amazing product and i love it thank you flipkart i buyed it for my brother in law [SEP] wach is sooo cool and its working good i like it and stylish alsoo,first time ever im fully satisfied for any product purchase from online sites such a nice watch look vise as well as quality best value for money
NOVICZ Swimming Goggle + Cap + Ear Nose Plug Combo - Swim Glass Head Hair Protection Swimming Kit,positive,summarize what people like about NOVICZ Swimming Goggle + Cap + Ear Nose Plug Combo - Swim Glass Head Hair Protection Swimming Kit: simply superb the price is as cheap as cheap can get that too at an extremely good quality trust me you would never get something like this elsewhere at the price it is offered at i got it for around 180 go ahead and buy one you would cherish its worth later [SEP] it is very nice and quality is better [SEP] very very beautiful and looking so easy and very nice [SEP] overall good product cap is tightear plugs and goggles are good enough for the pricesatisfied with the purchase [SEP] nice but its nose pin is different fromthe picture and nice quality of gogles and cap is also big and fit to all the man women and child also,simply superb the price is as cheap as cheap can get that too at an extremely good quality trust me you would never get something like this elsewhere at the price it is offered at i got it for around 180 go ahead and buy one you would cherish its worth later
Clastik Solid Wood Study TableFinish Color Multi Color Preassembled,positive,summarize what people like about Clastik Solid Wood Study TableFinish Color Multi Color Preassembled: nice but small in size [SEP] this i verygood product it is best product thanks to flipkart [SEP] best for kids very comfortable best quality [SEP] satisfiedmy daughter very like this product [SEP] size is very smallwaste of amount,this i verygood product it is best product thanks to flipkart
Authfort Roller Skates Shoes For Kids / Childrens - UNISEX Size 4-8 UK (Multicolor) Quad Roller Skates - Size 4-8 UK (Multicolor),positive,summarize what people like about Authfort Roller Skates Shoes For Kids / Childrens - UNISEX Size 4-8 UK (Multicolor) Quad Roller Skates - Size 4-8 UK (Multicolor): good but still need to enhance the quality of product [SEP] so amazing and comfortable [SEP] very good product im 9 year old thanks flipkart [SEP] wow its good just amazing,good but still need to enhance the quality of product
Soaring Engineered Wood Study TableFinish Color green DIYDoItYourself,positive,summarize what people like about Soaring Engineered Wood Study TableFinish Color green DIYDoItYourself: good productmy baby was so happy [SEP] my daughter really liked it [SEP] nice product my baby like this [SEP] very nice productit is very much use full to my daughter worth it [SEP] good one nice product,very nice productit is very much use full to my daughter worth it
Black Women Sling Bag,positive,summarize what people like about Black Women Sling Bag: i am in love with this beautiful sling bag seriously its so pretty and look soo rich i ll again order this in future in other colours flipkart is the best shopping app ever it never appointed me sellers are also very good and responsible thank you guys [SEP] nice product loved it [SEP] very nice and beautiful sling bag if interested in such kind of bags must buy youll be happy [SEP] its really so cuteim in love with this we can store lots of things in this small bag [SEP] awesome highly recommend,i am in love with this beautiful sling bag seriously its so pretty and look soo rich i ll again order this in future in other colours flipkart is the best shopping app ever it never appointed me sellers are also very good and responsible thank you guys
"APPLE 2020 Macbook Air M1 - (8 GB/256 GB SSD/Mac OS Big Sur) MGN93HN/A? ? (13.3 inch, Silver, 1.29 kg)",positive,"summarize what people like about APPLE 2020 Macbook Air M1 - (8 GB/256 GB SSD/Mac OS Big Sur) MGN93HN/A? ? (13.3 inch, Silver, 1.29 kg): a bit expensive when we compare with todays intel 11th gen or amd ryzen 5th gen based windows laptops with rtx 30 graphics but this apple m1 in terms of overall performance it is far beyond what windows laptops can offer in same segmenti wont compare it with windows laptops as we all are aware of it this is more about m1 chip people are worried about buying m1 version because of compatibility issuesdont worry this processor is so powerful and in terms of compatibility this [SEP] fantastic value for money machine absolute beast as far as sheer performance is concerned that being super efficient on the battery 1 using it mainly for coding purposes browsing and all that regular stuff haven t played any games on it so i can t comment on battery life and performance while gaming but with regular coding stuff like web development mobile app development web browsing etc the battery will easily last for 10 hrs or even more2 apple nailed the thermals on this mac [SEP] the best you can get looks and performance both are to notch supreme battery life ultra fast speed display and sounds are fantastic never seen any better till now till now it was apple was offering 7 at the price of 10 looks were alaways 10 out of 10 but now apple is giving 15 at the price of 10 absolutely worth the price [SEP] for everyone who is planning to buy mba m1prosblazing fast m1 is so ahead in performancebattery is amazing i use it entire day for workbuild quality is top notch undoubtedlyconswebcam is grainy no update has been able to fix it not a major concern but for the price you pay it is indeed expectedcolor i opted for gold after seeing all the images online however it has a rose tint and looks pinkish in indoor lights its not goldgold its pinkishgoldps i recently upg [SEP] ultimate machine best lap",fantastic value for money machine absolute beast as far as sheer performance is concerned that being super efficient on the battery 1 using it mainly for coding purposes browsing and all that regular stuff haven t played any games on it so i can t comment on battery life and perf
Flipkart SmartBuy Bucket Spin Mop Floor Cleaning and Mopping System2 Microfiber RefillsAqua BLUE Mop Bucket Mop Set,positive,summarize what people like about Flipkart SmartBuy Bucket Spin Mop Floor Cleaning and Mopping System2 Microfiber RefillsAqua BLUE Mop Bucket Mop Set: such a wonderful product easy to cleanspin mop ultimate loved it and thank u so much [SEP] awesome product easy to use [SEP] the product is very good for daily use also delivered on time [SEP] i want say that really good [SEP] awesome product better than other branded products,such a wonderful product easy to cleanspin mop ultimate loved it and thank u so much
DOMS Art Strokes Kit,negative,summarize what people dislike about DOMS Art Strokes Kit: very bad only oil pastel colour and the size of colour pencils small every packer is very small [SEP] not same please dont waste your money,very bad only oil pastel colour and the size of colour pencils small every packer is very small
Home by nilkamal Walton Engineered Wood TV Entertainment UnitFinish Color Classic Walnut Knock Down,negative,summarize what people dislike about Home by nilkamal Walton Engineered Wood TV Entertainment UnitFinish Color Classic Walnut Knock Down: horrible no installation yet date all my money goes wested please dont buy this product [SEP] its very nice product regional price but height small disappointed,horrible no installation yet date all my money goes wested please dont buy this product
"Ostrich HARD PLASTIC CRICKET COMBO PACK FOR 8 YEARS JUNIOURS( 1 BAT SIZE 3, WICKET 24'' INCHES , 1 BALL) Cricket Kit",positive,"summarize what people like about Ostrich HARD PLASTIC CRICKET COMBO PACK FOR 8 YEARS JUNIOURS( 1 BAT SIZE 3, WICKET 24'' INCHES , 1 BALL) Cricket Kit: good product my small brother is playing well and he was very happy with this product very good quality at this price [SEP] very good as expected [SEP] too much good for childrens because they spend much time in this [SEP] all things are very nice but ball is good [SEP] good quality is range mai best product hai",good product my small brother is playing well and he was very happy with this product very good quality at this price
V VINTON Car Cover For Kia SonetGrey,positive,summarize what people like about V VINTON Car Cover For Kia SonetGrey: it is a good ione in this price rang and i am satisfied to buy this [SEP] its perfect to fit an auto rickshaw and quality was v good every one can buy this product if u wants i can suggest this type of product its goodthnk u flip card to gvn this product [SEP] best cover for auto and good quality [SEP] good quality water proof [SEP] very good quality car cover,its perfect to fit an auto rickshaw and quality was v good every one can buy this product if u wants i can suggest this type of product its goodthnk u flip card to gvn this product
Omi Cart 2 in 1 Floor Brush Scrubber with Long Handle PlasticGreen,positive,summarize what people like about Omi Cart 2 in 1 Floor Brush Scrubber with Long Handle PlasticGreen: product is amazing and usefull and lovely product [SEP] good one i needed this type of mob to to clean small areas [SEP] very good product recommended to you [SEP] nice brush easy to clean tiles etc [SEP] firstly i like the concept of the product 2 in one productbrush quality is good and it good enough to take off all the dust,firstly i like the concept of the product 2 in one productbrush quality is good and it good enough to take off all the dust
Inalsa Inox 1000 Plus 1000 W Food Processor (Black/Silver),positive,summarize what people like about Inalsa Inox 1000 Plus 1000 W Food Processor (Black/Silver): its very good kitchen aid especially working woman can save lot of time useful when your wrist is aching can prepare variety of items packaging and delivery excellent finish of the product is very good material used seems very good lot of safety features to take care for mis operation happy with the product more so on extensive use [SEP] most useful inalsa food processor inox 1000 plus from the 1st day of receiving this processor atta kneading salad chopping all work done perfectly by this processor old sujata brand juicer mixer replaced after receiving this one thanks inalsa and flipkart thanks flipkart to send product with safety and timely [SEP] it is such an amazing product it is a very helpful and worthy product for our kitcheni have received the food processor well packed the quality of the parts is very good the safty feature comes with this product overall the processor is very good [SEP] very good product i have been using inalsa food processor since last 10 years have exchanged my old product with inalsa inox 1000 plus and found it really amazing [SEP] absolutely amazing writing review after one month of usage and the product is really good solves all purposes and each attachment comes with it is useful,its very good kitchen aid especially working woman can save lot of time useful when your wrist is aching can prepare variety of items packaging and delivery excellent finish of the product is very good material used seems very good lot of safety features to take care for mis oper
NOVA Submersible NIH 426 Instant Heat 1500 W Immersion Heater Rodwater,positive,summarize what people like about NOVA Submersible NIH 426 Instant Heat 1500 W Immersion Heater Rodwater: good working exllent product thank you [SEP] it is best waterheater iam using it since 6months [SEP] very good performance and good design [SEP] very nice product i am very happy product is original market is best thank you flipcart [SEP] best for money dont go for brands like usha vgaurd etc its also pretty impressive impact,best for money dont go for brands like usha vgaurd etc its also pretty impressive impact
Auto Hub Microfiber Vehicle Washing ClothPack Of 3 800 GSM,positive,summarize what people like about Auto Hub Microfiber Vehicle Washing ClothPack Of 3 800 GSM: soft and smooth good product worth the price [SEP] nice material quality is great [SEP] fast delivery and superb microfiber product [SEP] soft material and size is perfect and week point is light thikness [SEP] good quality product i think price little bit high otherwise awesome stuff,good quality product i think price little bit high otherwise awesome stuff
DV NOVAKING 1500 WATT IMMERSION ROD 1500 W Shock Proof Immersion Heater RodWATER,positive,summarize what people like about DV NOVAKING 1500 WATT IMMERSION ROD 1500 W Shock Proof Immersion Heater RodWATER: very nice productworth value of money [SEP] this product is very good,very nice productworth value of money
"BLUECHIP BL60SmartTV3.1Amp TV Voltage Stabilizer for LED TV/Smart TV Up to 60+ Inches + Set Top Box + home theater , With 3 Years Warranty (Gold)",positive,"summarize what people like about BLUECHIP BL60SmartTV3.1Amp TV Voltage Stabilizer for LED TV/Smart TV Up to 60+ Inches + Set Top Box + home theater , With 3 Years Warranty (Gold): works well with 55 tv [SEP] build quality is so good very good product [SEP] ya this product is above 5 stars",build quality is so good very good product
"Thomson Kitchen Master MX01 500 W Mixer Grinder (3 Jars, White)",positive,"summarize what people like about Thomson Kitchen Master MX01 500 W Mixer Grinder (3 Jars, White): in a low budget superb things dont be confused [SEP] very nice product is low price value for money [SEP] high quality with low budget i suggest to all choose this for your home and gift to any one i was order for my friend he was very happy because this product not produce more sound also jar quality also good thanks to flipkart [SEP] very nice under 1500 mixcer [SEP] nice one provided by flipkart",high quality with low budget i suggest to all choose this for your home and gift to any one i was order for my friend he was very happy because this product not produce more sound also jar quality also good thanks to flipkart
"Lenovo IdeaPad Gaming Core i5 11th Gen - (8 GB/512 GB SSD/Windows 11 Home/4 GB Graphics/NVIDIA GeForce GTX 1650) 82K101B6IN|82K101FTIN Gaming Laptop? ? (15.6 Inch, Shadow Black, 2.25 kg)",positive,"summarize what people like about Lenovo IdeaPad Gaming Core i5 11th Gen - (8 GB/512 GB SSD/Windows 11 Home/4 GB Graphics/NVIDIA GeForce GTX 1650) 82K101B6IN|82K101FTIN Gaming Laptop? ? (15.6 Inch, Shadow Black, 2.25 kg): amazing laptop worth each and every paisa build quality is very very top notch and good support of 1 hdd 2 m2ssd and 2 rams with spare parts of each thing good job lenevo bestest of all [SEP] budget friendly laptop i can never buy any other brand laptop on this budget the performance is good and cool looking laptop worth for money [SEP] first of all its a fabulous laptop for gaming it is good for those who are looking for more than casual gaming but it is not for those who want be a professional gamer good laptop for this price range [SEP] best gaming laptop you can buy in this price segment but few things you have to consider the battery life is pretty low and its wight is 23kg although other things are superb [SEP] best intel i5 laptop can be used for multi taskingdisplay is very good and response time is very fastbody design is very good light weight easily can be carried while traveling overall a very good laptop by lenovo",best intel i5 laptop can be used for multi taskingdisplay is very good and response time is very fastbody design is very good light weight easily can be carried while traveling overall a very good laptop by lenovo
"LEADER Scout 26T SEA Blue BLACK for Ride 26 T Mountain Cycle  (Single Speed, Blue, Black)",negative,"summarize what people dislike about LEADER Scout 26T SEA Blue BLACK for Ride 26 T Mountain Cycle  (Single Speed, Blue, Black): liked it i just suggest peoples to buybut this is not for soo rough use guysafter 6months im editing my reviews again just bcz to hlp those peoples who are whiling to buy this product plzz guys dont buy this product very wrost tirewheelbreak is extremely worste all parts are not good quality look wise i wll also give 445 v hv not yet used this more then 610 times but until now v hv took this for garage 46 times even garage boy told its waste of money always it gives sm prblm [SEP] painting problem and sticker air problem more paint problems [SEP] overal product not wow product just ok ok product [SEP] wast of money plz dont buy [SEP] tyres getting flat every morninghope it has a issue",liked it i just suggest peoples to buybut this is not for soo rough use guysafter 6months im editing my reviews again just bcz to hlp those peoples who are whiling to buy this product plzz guys dont buy this product very wrost tirewheelbreak is extremely worste all parts are not
Suncrown Furniture Sheesham Wood Solid Wood 2 SeaterFinish Color Honey Finish DIYDoItYourself,positive,summarize what people like about Suncrown Furniture Sheesham Wood Solid Wood 2 SeaterFinish Color Honey Finish DIYDoItYourself: excellent finish and wood must buy if you need a small bench or can use it as a teapoy very reasonable pricing assembly is easy to be done by yourself [SEP] this is my 3rd bench i have previous 2 and this now for my 6 seater dining tablereally happy with the overall build and stability this is wood heavy easily took mine and wifes combined weight 158 kg without creaks and has good space 1 adult and 1 kid can easily sit on thiselse 3 kids a bit of care and this will last easily [SEP] writing review after 1 year of usage this is one of the best product i got very sturdy durable and really awesome [SEP] just too good loving itsolid wood decent smaller to accommodate corners and childrenabsolute value for moneyassembly is easy by yourself [SEP] great productbrought 2 of theseput them together and you have one long benchmove them to any part of the house for some extra seating,this is my 3rd bench i have previous 2 and this now for my 6 seater dining tablereally happy with the overall build and stability this is wood heavy easily took mine and wifes combined weight 158 kg without creaks and has good space 1 adult and 1 kid can easily sit on thiselse 3
"Pigeon Favourite 15024 500 W Juicer Mixer Grinder (4 Jars, White)",positive,"summarize what people like about Pigeon Favourite 15024 500 W Juicer Mixer Grinder (4 Jars, White): product quality is much good jaar quality is excellent and juicer jar plastic quality averagemotor power is normal [SEP] thank you flipkartgoodbetter nd best quality [SEP] very good product one jar only come with handle but picture shows 2jar with handle others wise everything ok [SEP] mixi was good and thee was no leakage found product is osm at this price budget friendly mixie [SEP] value for money nice product",product quality is much good jaar quality is excellent and juicer jar plastic quality averagemotor power is normal
realme Pad X 6 GB RAM 128 GB ROM 11 inch with Wi-Fi Tablet (Glowing Grey),negative,summarize what people dislike about realme Pad X 6 GB RAM 128 GB ROM 11 inch with Wi-Fi Tablet (Glowing Grey): worst service from flipkart dont waste money on this scrap1display poor 2hanging issues3cameras are pooroverall wastegood things1sound excellent [SEP] the display is really bad for the price expected a better one [SEP] the major problem is otg i wont work unless you restart and if you remove then i wont detect [SEP] okish should have gone for s7 fe the power is sluggish [SEP] if u are buying for camera itz worthless but remaining all aspect itz full of worth,worst service from flipkart dont waste money on this scrap1display poor 2hanging issues3cameras are pooroverall wastegood things1sound excellent
ScotchBrite Sponge WipeLarge Pack of 3,positive,summarize what people like about ScotchBrite Sponge WipeLarge Pack of 3: before buying i always thought its waste of money but believe me its not its very good in absorbing liquid and when we need immediately someething in kitchen to clean it will always help full very easy to clean and we can use it immediately after its wash [SEP] nice thank u flipkart [SEP] original product received [SEP] its a little pricey but this product is really good it picks up minute amounts of dust when you wipe the absorbency is excellent debris and particles wash off easily the sponge lasts a long time doesnt tear easily the product will stain and look dirtier over use a worthwhile purchase if you can get it on a discount or lightening deal [SEP] good product buy this scotch brite sponge wipes pack of 3 good seller good service thankyou flipkartfresh packingfresh product long time useful i am happy thankyou thankyou,its a little pricey but this product is really good it picks up minute amounts of dust when you wipe the absorbency is excellent debris and particles wash off easily the sponge lasts a long time doesnt tear easily the product will stain and look dirtier over use a worthwhile purc
Lighthouse 3 Lights Round Cluster Chandelier Black Diamond Hanging Pendant Light with Braided Cord Bulb Not Includedset of 1 piece Pendants Ceiling LampBlack,positive,summarize what people like about Lighthouse 3 Lights Round Cluster Chandelier Black Diamond Hanging Pendant Light with Braided Cord Bulb Not Includedset of 1 piece Pendants Ceiling LampBlack: beautiful piece looks stunning quality is good for the price paid best buy go for it [SEP] very good product cheaper in price best in quality loved it [SEP] this product exectly same as show very nice quality in good [SEP] best product thank you flipkart [SEP] a superb product theme setter cost effective,beautiful piece looks stunning quality is good for the price paid best buy go for it
Men Self Design Single Breasted Casual Blazer (Maroon),positive,summarize what people like about Men Self Design Single Breasted Casual Blazer (Maroon): excellent product today i received fitting perfectly and quality wise also good at this offer price [SEP] i looked very handsome wearing this [SEP] material are osm you must go for it [SEP] i use this is better and comfortable to use i love it [SEP] product was good but size issue,excellent product today i received fitting perfectly and quality wise also good at this offer price
Birdie PVC Enema kit satvik movement 1.5 Litre | Improved Model enema kit for home use Medical Equipment Combo,positive,summarize what people like about Birdie PVC Enema kit satvik movement 1.5 Litre | Improved Model enema kit for home use Medical Equipment Combo: very nice plastic material is also very good totally satisfied [SEP] very useful and good service by flipkart [SEP] it is very good product it is so easy to use after using this product u can inform to use it to otheri loved it [SEP] same as shown in picture,it is very good product it is so easy to use after using this product u can inform to use it to otheri loved it
"KENT Ace 8 L RO UV UF TDS Water Purifier with Mineral ROTM Technology,In-tank UV Disinfection? ? (White)",negative,"summarize what people dislike about KENT Ace 8 L RO UV UF TDS Water Purifier with Mineral ROTM Technology,In-tank UV Disinfection? ? (White): edited review after 9 month of use no uv inside pathetic and worst customer service biggest mistake by purchasing this [SEP] this machine cannot control the water tds no matter how many times you set to below 100 it gies 3 times in few days machine dies not come with tds but if you check water with tds meter you will know this review is specific if your water tds is 800 do research before buying [SEP] this was my first kent ro and we are already regretting our decision to buy such an expensive one the product turned out to be defective and its tds increases on its own technician comes and sets tds at 100 and after a week the taste of water changes and tds becomes 250 on its own this has happened twice already within one month of purchaseplease be careful and dont buy this [SEP] such a worst product from flipkart product is damaged worst response from flipkart and kent care bhairava associates highly not recommended [SEP] product is spurb installation guy has charge 1200 fr extra filter said ur water tds is 400 ur machine filter will b destroy in one year soo attach extra",this was my first kent ro and we are already regretting our decision to buy such an expensive one the product turned out to be defective and its tds increases on its own technician comes and sets tds at 100 and after a week the taste of water changes and tds becomes 250 on its ow
288SDTL TIMEWEAR Silver Pink Dial Stainless Steel Strap Analog Watch - For Women,positive,summarize what people like about 288SDTL TIMEWEAR Silver Pink Dial Stainless Steel Strap Analog Watch - For Women: nice product my daughter loves this watch me gifted her birthday she suggested and feel very happy [SEP] i bought this for my girl friend and she is very happy thak you flipkart [SEP] very nice products and best quality [SEP] this brand wow thanku flipkart [SEP] i really like itmoney worthsimplicityquality of watch is very good nd pattern design everything was good,i really like itmoney worthsimplicityquality of watch is very good nd pattern design everything was good
Prestige PWG 07 Wet Grinder??(Black),positive,summarize what people like about Prestige PWG 07 Wet Grinder??(Black): good product with good quality [SEP] good machine scope for improvement [SEP] good quality fast delivery [SEP] superb product nicely work and smooth finishing noise less [SEP] heat issue ok to buy the product i will recommend,superb product nicely work and smooth finishing noise less
"STYLERA 5 PAIR Anti Cutting Cut Resistant Hand Safety Gloves Cut-Proof Protection with Rubber Grade Wet and Dry Glove Nylon, Rubber Safety Gloves (10)",positive,"summarize what people like about STYLERA 5 PAIR Anti Cutting Cut Resistant Hand Safety Gloves Cut-Proof Protection with Rubber Grade Wet and Dry Glove Nylon, Rubber Safety Gloves (10): good pair in adorable prices [SEP] good quality product on time delivery [SEP] delivered product is superb quality [SEP] best product with 5 pair [SEP] best deal you can go for it",good quality product on time delivery
Joyalukkas 22kt Purity Gold Jhumki Earring Yellow Gold 22kt Jhumki Earring,positive,summarize what people like about Joyalukkas 22kt Purity Gold Jhumki Earring Yellow Gold 22kt Jhumki Earring: very nice thankyou fipcart and thankyou joyalukkas [SEP] very cute n beautiful designthanks to joyalukkas n flipkart,very cute n beautiful designthanks to joyalukkas n flipkart
"realme TechLife 7.5 kg 5 Star Rating Semi Automatic Top Load Black, Grey  (RMSA755NNNDG)",positive,"summarize what people like about realme TechLife 7.5 kg 5 Star Rating Semi Automatic Top Load Black, Grey  (RMSA755NNNDG): thank you team realme realme company alsoit is a very good machine in less money it is also very easy to use it is a very good machine in terms of design and good clothes are cleaned by other washing machines thanks real me provided us very good features in less money [SEP] awesome product from realme great work and thanq flipkart it is very comfortableit is better than other washing machine [SEP] best price and best working [SEP] nice product value of money thank you flipkart team [SEP] nice product and good experience",thank you team realme realme company alsoit is a very good machine in less money it is also very easy to use it is a very good machine in terms of design and good clothes are cleaned by other washing machines thanks real me provided us very good features in less money
Mi 5A 80 cm (32 inch) HD Ready LED Smart Android TV with Dolby Audio (2022 Model),positive,summarize what people like about Mi 5A 80 cm (32 inch) HD Ready LED Smart Android TV with Dolby Audio (2022 Model): this is a detailed review after 7 days please read this if you have problem or concern regarding soundpicturebrightnesssd channelswifi connectivitymiracast picture the picture quality is really amazing blacks are really deep contrast is pretty good too no complaints there brightness tv is pretty bright by default dynamic light is on and it will make your screen dull just turn it off ive set it to 25 no screen galre problemsound tv speakers doesnt have much bass ide [SEP] super and good quality full hd internet also speed connecting it is like one smart phone full happy and it delivered so speed [SEP] i m posting review after checking all its functionalities and settings in 40inch version below are the summary points display looks decent 4k and full hd content looks satisfying casted content dispaly quality is below par also depends on the content you are castingbezels are thin and are made of plastic which is loosely attached to the display panel viewing angles are good covers around 150 connectivity impressive connects to wifi bluetooth chromecast smoothly observ [SEP] this mi tv is superb and value for money waiting for 10 days just give feedback untill now there is no issuespros1picture quality2sound 3smart tv4wifi connectivity and voice searchcons1no netflix and some important apps installation feedback1the installation was good the technician explain good but he force me to give feedback for him at that time and he is not even request me he asked my mobile and wants me to open gmail and he typed the feedback for himself and finally a [SEP] i love this mi tv good quality with affordable price it supports 4k video also especially dolby audio is too good suggestions mi should give the wall hanging stand for free of cost,this mi tv is superb and value for money waiting for 10 days just give feedback untill now there is no issuespros1picture quality2sound 3smart tv4wifi connectivity and voice searchcons1no netflix and some important apps installation feedback1the installation was good the technici
Butterfly Rhino Plus Wet Grinder??(Grey),negative,summarize what people dislike about Butterfly Rhino Plus Wet Grinder??(Grey): motor quality is not goodits getting over heat [SEP] it makes more sound while grinding [SEP] good product we are using per day continuously 2 times 3 months no problem no sound and but one think coconut chopped is very show upcoming update model requires fast coconut chopping machine speed ekart delivery guy is very professional [SEP] all this product is worst and no words to explain our experience how flipkart is selling this type of dummy useless item which i am giving my best rating of 0 out of 5 i am requesting everyone dont purchase this item in flipkart and dont waste time and money which will make the stupidity feel on any item in online if you keep 3 hours also in on rice will be rice only never be the powder what a great right dont trust the ratings on online e commerce sites i am expecting some mi [SEP] damagedbroken material received,all this product is worst and no words to explain our experience how flipkart is selling this type of dummy useless item which i am giving my best rating of 0 out of 5 i am requesting everyone dont purchase this item in flipkart and dont waste time and money which will make the s
Tankit 360 degree Spin Mop With 6 Refills Durable Bucket With Extendable Handle For Perfect Cleaning Mop Set Mop Mop Bucket Mop Refill,positive,summarize what people like about Tankit 360 degree Spin Mop With 6 Refills Durable Bucket With Extendable Handle For Perfect Cleaning Mop Set Mop Mop Bucket Mop Refill: one of my best purchase superb quality and best colour must buy loved it [SEP] osm products im happy [SEP] product was awesome excellent same as shown in image thank you flipkart [SEP] good productand easy to usenice quality in cheap pricegot 5 extra refillcan suggest to others [SEP] product quality is not goodvery low quality,good productand easy to usenice quality in cheap pricegot 5 extra refillcan suggest to others
KENT Ace Extra/ Ace Alkaline 8 L RO UV UF TDS Control Alkaline UV in Tank Water Purifier with Alkaline Water? ? (White),positive,summarize what people like about KENT Ace Extra/ Ace Alkaline 8 L RO UV UF TDS Control Alkaline UV in Tank Water Purifier with Alkaline Water? ? (White): good product i live in chennai changed my residence to different are bmtge wateer taste was keep on changing my previous pureit ro middle variant was failing to deliver the best taste so decided to buy this product its better giving good taste than pure it ro im not saying abt higher end according to me this gives best taste if the water is soft but in chennai not all the areas have soft water most of the places its hard water may be because of beach even though i [SEP] product is very good and pure ro quality water and uv filter in this and ro uf tds control uv in tank and product service is fast thank you [SEP] im very much happy with this productall features were there in this product what are required for considered to be a good water purifier it is havingnoise too low water taste is also goodim giving this review after using it for 15 dayspretty satisfied with this product at this cost highly recommendedfor all electronics and appliances flipkart is best installation done before the actual due datebest product with in this rangehope kent service will be good for the upcom [SEP] very fast delivery by delhivery courier quick installation good quality product at a good price range sediment pre filter and cover should be given with this product after charging some extra moneytaste of water is not as good as other models but i think it will be solved after setting tds controller by technician [SEP] absolutely good product in this price range first i was thinking of eureka forbes but after some suggestions i went for kent and trust me it is way better than aquaguard installation was also done as promised by flipkart within 24hours,im very much happy with this productall features were there in this product what are required for considered to be a good water purifier it is havingnoise too low water taste is also goodim giving this review after using it for 15 dayspretty satisfied with this product at this co
WD Elements 2 TB Wired External Hard Disk Drive (HDD) (Black),negative,summarize what people dislike about WD Elements 2 TB Wired External Hard Disk Drive (HDD) (Black): we have got old motorcycle horn inside and we are very much disappointed with the every step we r going through worst experience [SEP] just a little jerk and it stopped working all the data is lost using other seagate drive for long time without any problemdata loss cost more than the disk completely useless [SEP] worst service by flipkart product is good [SEP] worst product my data has been lost completely [SEP] its not working properly please chaing it,just a little jerk and it stopped working all the data is lost using other seagate drive for long time without any problemdata loss cost more than the disk completely useless
WONDERCHEF Nutri-blend FP-Compact 350 W Food Processor (Black),negative,summarize what people dislike about WONDERCHEF Nutri-blend FP-Compact 350 W Food Processor (Black): the product quality was so bad i have received it in june and its main machine part through which grinder and mixer attaches with the machine broke the small black round part while grinding even i was just grinding garlic and ginger not something very hard [SEP] i have received used jars and machine highly disappointed [SEP] not that powerful plastic is flimsy and the food processor attachment was very disappointing bought this just for that part but there is only speed and you can only operate it for 1 minute at a time then rest for few mins before you can continue deeply disappointed [SEP] worst quality ever didnt expected this from wonderchef [SEP] not a good productwhat they shoe and what they sell totally differentfirst i got damaged jar now after using it has some plastic pieces in the motor which is making a sound,not that powerful plastic is flimsy and the food processor attachment was very disappointing bought this just for that part but there is only speed and you can only operate it for 1 minute at a time then rest for few mins before you can continue deeply disappointed
3D METRO SUPER STORE JUICERGduumy 1 Juicer1 Handle1 Jar1 Glass 0 Juicer 1 Jar Green,positive,summarize what people like about 3D METRO SUPER STORE JUICERGduumy 1 Juicer1 Handle1 Jar1 Glass 0 Juicer 1 Jar Green: this is really amazing product it is easy manual operation handy and comfortable to use all parts are easily detachable and very easy to install alsoas we can detach it easily it is also easy to washits compact form makes it easy to store pack carry anywheregood to extract juice out of orange pineapple grapes etc and it also look amazingi like itmust try [SEP] quality is very good looking beautiful very easy to use very nice product [SEP] it gives fresh juice it is made by thick plastis and glass it is very beautiful it is easy to use and clean after use overall worth the money go for it [SEP] best in class the quality of plastic is amazing looks very decent not a cheap quality product very smooth very handy product blindly go for it best in every aspect simply amazing [SEP] this product is really amazing and wonderful easily manually operated and comfortable to useits parts are easily separated and very easy to combine also as we can separate its parts easily so its easy to store pack and carry anywhere and also easy to wash efficiently to extract juice from grapes pomegranate oranges and sweetlimes etc awesome product at a effective price highly recommended to all go for it,this product is really amazing and wonderful easily manually operated and comfortable to useits parts are easily separated and very easy to combine also as we can separate its parts easily so its easy to store pack and carry anywhere and also easy to wash efficiently to extract j
Flipkart Perfect Homes Sirena Engineered Wood TV Entertainment UnitFinish Color Latin Walnut Knock Down,positive,summarize what people like about Flipkart Perfect Homes Sirena Engineered Wood TV Entertainment UnitFinish Color Latin Walnut Knock Down: i am very satisfied about product and servicethanks flipkart [SEP] i like this very muchchange the look of your halli purchased another tv unit last year that also good but we want large unit so we purchased this i used older unit with thisand its look very beautiful [SEP] good quality nice one thanksfull for beautiful led tv unitperfect [SEP] best and mind blowing simply go for it [SEP] superb productthanks flipkart for such reasonable deals,i like this very muchchange the look of your halli purchased another tv unit last year that also good but we want large unit so we purchased this i used older unit with thisand its look very beautiful
SUSI Jewelery OrganizersRed Plastic,positive,summarize what people like about SUSI Jewelery OrganizersRed Plastic: these was awesome and the product is very nice and useful these will be very useful for every women [SEP] very nice useful producti love it [SEP] product is best but quality is not prafekt [SEP] product is good in quality and value for money [SEP] very nice so good jewellery organization,these was awesome and the product is very nice and useful these will be very useful for every women
shyokand Fabric SofaFinish Color Red Preassembled,positive,summarize what people like about shyokand Fabric SofaFinish Color Red Preassembled: thnqq flipkart for lovely sofa so cute i loved it [SEP] very comfortable and very nice thanks again flipkart [SEP] thnk q flip cartim happy go for it [SEP] good one but small one [SEP] awesome sofa must buy in thanks flipkart,very comfortable and very nice thanks again flipkart
"Joker GBLK-6 Genuine leather safety shoes for men Steel Toe Genuine Leather Safety Shoe (Black, SB, SBP, S1, S1P, S2, S2P, S3, S4, S5, SRA, SRB, SRC)",positive,"summarize what people like about Joker GBLK-6 Genuine leather safety shoes for men Steel Toe Genuine Leather Safety Shoe (Black, SB, SBP, S1, S1P, S2, S2P, S3, S4, S5, SRA, SRB, SRC): very nice shoes in this price and thank you jokar gtan7 and thnks to flipkart [SEP] it is really excellent effort need more focus on quality finish for glue joint material durability and many more [SEP] value for moneyfinishing and comfort ok",it is really excellent effort need more focus on quality finish for glue joint material durability and many more
"Men Solid Single Breasted Casual, Festive, Festive & Wedding, Formal, Party, Wedding Blazer (Dark Blue)",positive,"summarize what people like about Men Solid Single Breasted Casual, Festive, Festive & Wedding, Formal, Party, Wedding Blazer (Dark Blue): nice quality looks like rice feel worth for money really blazer is extraordinary [SEP] good product and also perfect fit for me [SEP] mind blowing full fitting [SEP] worthful product according to the price range good fabric not too much bulky to wear [SEP] super fabric well done",worthful product according to the price range good fabric not too much bulky to wear
MarQ by Flipkart 11-Litre 11AOTMQBU Oven Toaster Grill (OTG) with Bake Tray  (Blue),negative,summarize what people dislike about MarQ by Flipkart 11-Litre 11AOTMQBU Oven Toaster Grill (OTG) with Bake Tray  (Blue): worked only for 1 year [SEP] worst product very dissapointed [SEP] dont purchase this item irritating stuff [SEP] waste of money impractical size plz dont buy less then 20 ltr [SEP] quality issue poor performance,waste of money impractical size plz dont buy less then 20 ltr
Velvet Embroidered Maroon Men Dupatta,positive,summarize what people like about Velvet Embroidered Maroon Men Dupatta: good quality under expectations [SEP] nice n pretty i liked it [SEP] its awsm productwe all satisfied [SEP] superb quality thank you flipkart delivery agent response good [SEP] this product is so good,superb quality thank you flipkart delivery agent response good
BeeSmart Semi Automatic Water Level Controller Manual on Auto Off 30 A Relay Model BEEWLC2 Wired Sensor Security System,positive,summarize what people like about BeeSmart Semi Automatic Water Level Controller Manual on Auto Off 30 A Relay Model BEEWLC2 Wired Sensor Security System: best ok product i m happi [SEP] value for money and good product,value for money and good product
PHILIPS hl 1660 700 W Food Processor (White),positive,summarize what people like about PHILIPS hl 1660 700 W Food Processor (White): a good buy for chopping and slicing but the grating piece makes the grate too thin good for making halwa but not salads even the chopper is good but sometimes for making biryani you need slightly thickly sliced onion and not thin that the chopper produce all said a good buy worth the money and good foood processor [SEP] good and original quality product [SEP] if you want to make juices then dont buywithout juice everything done well [SEP] delivery was on time and perfect product got delivered in a very good condition [SEP] good purchasevalue for money build up quality good,a good buy for chopping and slicing but the grating piece makes the grate too thin good for making halwa but not salads even the chopper is good but sometimes for making biryani you need slightly thickly sliced onion and not thin that the chopper produce all said a good buy worth
Singer FM 1409 Electric Sewing Machine? ? ( Built-in Stitches 9),positive,summarize what people like about Singer FM 1409 Electric Sewing Machine? ? ( Built-in Stitches 9): very good machine and works excellent job best surprise gift from my husband [SEP] superb product at a good bargain fast delivery but quality of flexible cover could have been better [SEP] quite nice for family use i bought this to replace the three decade old traditional sewing machine that has started showing its age wife and mom is pretty happy with it since it is quite easy to operate additional stitch types is an added advantage over the traditional one tested all stitches and there are no skips or misses i thought this might be as noisy as the traditional one but it is surprisingly much quieter the lamp on it is an led one instead of the filament type that i saw on [SEP] i loved the machine i received and i should say flipkart delivery was awesomeit was really fast it has been one month since i bought the machine and its working fine till now im a beginner and i could learn sewing with this its good for home requirement i dont know about the embroidery stitches cos i havent started learning that yet cant stitch thick clothes though and i feel including necessary accessories like hemmer foot would have been better accessories like embroid [SEP] singer is a most popular brand in the worldestablish dated 1851so go blindly with singer brandnow performance of machine is good eye catching modelaccording to local market price flipkart gives best budget dealsinger fm 1409 model is most popular modelis a next generation sewing machinecomparatively ushabalajibrother is alos popular brand but performanceprice singer is bestnow i am fully satisfied with singer fm 1409 so all of u go blindly with singeralso thanks alot for sellerc,quite nice for family use i bought this to replace the three decade old traditional sewing machine that has started showing its age wife and mom is pretty happy with it since it is quite easy to operate additional stitch types is an added advantage over the traditional one tested
VH000010A Analog Watch - For Women,positive,summarize what people like about VH000010A Analog Watch - For Women: it is really nice i love it and quality is also superb and design is very good [SEP] very beautiful and elegant watch just loved it so muchh worth buying it just perfect must buy product [SEP] super cool and stylish watchbut im not sure about the quality of the strap feels like a cheap oneother wise ok product [SEP] looks good and design good quality waise not good after usage of 16 days belt colour was changed and its get shade off [SEP] super product fast delivery from flipkart first time buying this brand 100 satisfied im gifting this product to my wife on her birthday she loves this product,super product fast delivery from flipkart first time buying this brand 100 satisfied im gifting this product to my wife on her birthday she loves this product
"TP-Link Archer C20 AC WiFi 750 MBPS Wireless Router??(Blue, Dual Band)",negative,"summarize what people dislike about TP-Link Archer C20 AC WiFi 750 MBPS Wireless Router??(Blue, Dual Band): good delivery delivered in one day before time purchased 6th december 2018 detailed review coming soonupdateafter using it for nearly 15 days these are my conclusions1 signal quality is decent youll get good speeds if you are close enough2 well i live in 1 bhk flat range is good for the first two room but the 3rd one suffers severely its just one bar out of five and sometimes even zero3 considering 5 ghz support the speeds are decent actually i [SEP] im facing problems with this tp link router since day one either the wifi switches on and off automatically or the internet somehow stops working in between im not sure if this particular model is problematic or i have got a defective itemalso the service from flipkart is worse than ever i raised a return request and the guy on call tells me to change my isp as this model might not compatible with the isp that im using which im using since more than 5 years without any issues i h [SEP] after purchase within one month it giving issue connecting and disconnecting automatic [SEP] didnt improved speed than older version of dlink routerits stopped working just within 20 days of purchasewhen i called flipkart they said after 10days need to call tplink only for service tplink said they dont have onsite warranty so you need bring router to their service centre which is far away from my place also their working time only 4hours a day during our office peek hours ie 10am to 2am so its very pathetic service and very poor quality product from tp link i would [SEP] hii would not recommend this router to anyone mine did not work right from the moment i unpacked it the internet wan port does not recognize live rj45 cable inserted at all i had to borrow my friends wrt54g router to make sure that the router hardware was kaput and not my int",im facing problems with this tp link router since day one either the wifi switches on and off automatically or the internet somehow stops working in between im not sure if this particular model is problematic or i have got a defective itemalso the service from flipkart is worse t
"ZUNBELLA 3D Super Transparent Car Toy, Car Toy for Kids with 360 Degree Rotation, Gear Simulation Mechanical Car, Concept Racing Car, Sound & Light Toys for Kids Boys & Girls??(Multicolor)",positive,"summarize what people like about ZUNBELLA 3D Super Transparent Car Toy, Car Toy for Kids with 360 Degree Rotation, Gear Simulation Mechanical Car, Concept Racing Car, Sound & Light Toys for Kids Boys & Girls??(Multicolor): good quality 3d car and baby enjoy and car is so much attractive and everything features is excellent [SEP] my sister kid is very happy with this product [SEP] good carato start battry [SEP] this is amazing car for kids very nyc products [SEP] product image or give me product not match see the image on top site you will match product image",good quality 3d car and baby enjoy and car is so much attractive and everything features is excellent
"BAJAJ Crest Neo 1200 mm 3 Blade Ceiling Fan (Brown, Pack of 1)",negative,"summarize what people dislike about BAJAJ Crest Neo 1200 mm 3 Blade Ceiling Fan (Brown, Pack of 1): soundless speed build quality [SEP] soundless speedless airless [SEP] product not working not running try changing capacitor also still not working dont buy go for cromption usha orient [SEP] very low speeddont buy this item [SEP] noise while running not good",product not working not running try changing capacitor also still not working dont buy go for cromption usha orient
MRF ENDORSED | for Light/Hard Tennis Ball [with Cover] | Full Size (SH) Natural Poplar Willow Cricket Bat (1000-1200 g),negative,summarize what people dislike about MRF ENDORSED | for Light/Hard Tennis Ball [with Cover] | Full Size (SH) Natural Poplar Willow Cricket Bat (1000-1200 g): good but quality is bit low [SEP] very excellent bat but quality is not good not given cover with this [SEP] cheap quality product fooling buyers very much disappointed [SEP] this bat is very bad dont buy this bat because it completely made up of chunna and they didnt use any kinds of wood in making of this bat [SEP] play 3 days and crack middle on bat very bad and wast of money its like patra and handle also broke and this type of broke you cant repair pls dont buy if you look than gud but you cant play,play 3 days and crack middle on bat very bad and wast of money its like patra and handle also broke and this type of broke you cant repair pls dont buy if you look than gud but you cant play
Auto Hub Two Wheeler Cover for HondaActiva 3G Black,positive,summarize what people like about Auto Hub Two Wheeler Cover for HondaActiva 3G Black: amazing product and very fast delivery [SEP] good but stitching is not good [SEP] nice product good qualitythank you [SEP] good product nice and absolute [SEP] usefull product for winter season,amazing product and very fast delivery
RATNAS Plastic ChairFinish Color GREEN Preassembled,positive,summarize what people like about RATNAS Plastic ChairFinish Color GREEN Preassembled: good but starches are there [SEP] product is very good but colour is unexpected delivery is very slow [SEP] nice product but over prive [SEP] good qualityheight of the chair should be little more [SEP] worth for money and plastic quality is good easy to use,product is very good but colour is unexpected delivery is very slow
"Wishpool Cut Resistant Gloves - High Performance Level 5 Protection, Food Grade FREE SIZE Synthetic Safety Gloves (2)",negative,"summarize what people dislike about Wishpool Cut Resistant Gloves - High Performance Level 5 Protection, Food Grade FREE SIZE Synthetic Safety Gloves (2): very bad quality and also the courier not return option [SEP] useless faltu product dont waste your money cheap price but not sufficient for your status [SEP] not compatible for useing [SEP] this product is very bad quality [SEP] very poor quality and not same as shown in picture",useless faltu product dont waste your money cheap price but not sufficient for your status
Simple Trending PP Collapsible WardrobeFinish Color Navyblue DIYDoItYourself,positive,summarize what people like about Simple Trending PP Collapsible WardrobeFinish Color Navyblue DIYDoItYourself: product is superb but i didnt attached it yet cloth quality is good and the given rod is not so good but its okay [SEP] this product is awesome it is more than my expectations thanks flipkart [SEP] good product in best price [SEP] excellent product its value for money [SEP] product is good satisfied product zip problem in it,product is superb but i didnt attached it yet cloth quality is good and the given rod is not so good but its okay
BAJAJ Waterproof 1500 W Shock Proof Immersion Heater Rodwater,positive,summarize what people like about BAJAJ Waterproof 1500 W Shock Proof Immersion Heater Rodwater: awesome product by trusted brand bajaj india [SEP] good heading time 15 minits [SEP] worth for money nice product [SEP] thats good value of money [SEP] good product worth of money also first delivery before date by flipcart,good product worth of money also first delivery before date by flipcart
"Mi 3i 10000 mAh Power Bank (Fast Charging, 18W)? ? (Blue, Lithium Polymer)",positive,"summarize what people like about Mi 3i 10000 mAh Power Bank (Fast Charging, 18W)? ? (Blue, Lithium Polymer): best metal body power bank good quality and fast charging 18w i like it [SEP] delivery was faster than expectednice power bank it desined very wellat first it was qute confusing after 2days it was easy to usethank u flipkard and mi for such a good producti am really happy with this product [SEP] beautiful colour of power bank and nice backup and good quality i love it most people should go for this product its too good [SEP] excellent mi 3i 10000 mah power bank low price but high quality product best seller retail net no1 product quality at reasonable price and fast shipping recommended this seller yes flipkart services are too good really enjoy shopping thank you [SEP] perfect delivery good product from mi metal body feels premium im using galaxy s9 plus with 3500 mah and can charge a 2 full charge and 40 charge satisfied with the backup",excellent mi 3i 10000 mah power bank low price but high quality product best seller retail net no1 product quality at reasonable price and fast shipping recommended this seller yes flipkart services are too good really enjoy shopping thank you
Hillgrove 10in1 Basic 25W Soldering Iron Kit with 5 Meter Solder Wire Cutter Stand Flux Bit Tape Tester Tweezer Wick 25 W SimpleFlat Pointed Tip,positive,summarize what people like about Hillgrove 10in1 Basic 25W Soldering Iron Kit with 5 Meter Solder Wire Cutter Stand Flux Bit Tape Tester Tweezer Wick 25 W SimpleFlat Pointed Tip: i bought it for my brother it is worthy and absolutely a good product it is as good as i expected this soldering iron box contain everything which is needed to be done work i love this product it is quick heating iron bit made of copper which very good this melts quickly solder wire this is a perfect box for everyone you must try to solder [SEP] this is so good soldering iron was too good and fast heat but there materiel was small size but this kit was soooooo gooooooood i love it you can buy this item thanks flipkart [SEP] very good product received by hill grove brand this kit really very helpful and very good quality instrument with the best material so nice really very helpfull to students for making projects at home [SEP] this solding machine is very looking great i have many purpose used wire joint stitch wire it is very useful and low range product and work smoothly [SEP] i like the overall accessories in the tool it helped me to fix a lot of small thing which were pendingthank you very much highly recommended,i bought it for my brother it is worthy and absolutely a good product it is as good as i expected this soldering iron box contain everything which is needed to be done work i love this product it is quick heating iron bit made of copper which very good this melts quickly solder w
Women Pink Hand-held Bag,negative,summarize what people dislike about Women Pink Hand-held Bag: it is a weast product [SEP] very very bad product i dont like [SEP] very bad quality product [SEP] good product but low quality [SEP] quality is very bad dont waste money on this product i carried one laptop on the first day of using n strap comes out terrible product,quality is very bad dont waste money on this product i carried one laptop on the first day of using n strap comes out terrible product
"cello ColourUp Hobby Bag of Assorted Stationery|Crayons, Sketch Pens, Oil Pastel, Gel pens, Mechanical Pencils, Clay with Kids Activity Book inside",positive,"summarize what people like about cello ColourUp Hobby Bag of Assorted Stationery|Crayons, Sketch Pens, Oil Pastel, Gel pens, Mechanical Pencils, Clay with Kids Activity Book inside: wow this is an awesome set it is very useful to our drawings its really superb kit [SEP] aswome best in world nice price and nice amount of staitonary overall perfect but bag colour is purple [SEP] this is a fun coloring set it is very nice and good i love it [SEP] a very nice product by cello definitely go for it kids will love this and delivery made by flipkart was super fast within 20 hrs very much satisfied with the product and delivery as well [SEP] it is a very good my children love it thank you for your best pack",a very nice product by cello definitely go for it kids will love this and delivery made by flipkart was super fast within 20 hrs very much satisfied with the product and delivery as well
"Ang Refill kit Compatible Dye ink for HP cartridge 805, 803, 680, 678, 682, 818, 802, 901, 703, 704, 46, 21, 22, 27, 28, 56, 57, canon 88, 98 Cartridges 4 Refill ink bottle_With 5 Syringe & 1 nos Suction Tool Kit set 2 set hand glove ND tissue paper Black Tri Color Combo Pack Ink Cartridge",positive,"summarize what people like about Ang Refill kit Compatible Dye ink for HP cartridge 805, 803, 680, 678, 682, 818, 802, 901, 703, 704, 46, 21, 22, 27, 28, 56, 57, canon 88, 98 Cartridges 4 Refill ink bottle_With 5 Syringe & 1 nos Suction Tool Kit set 2 set hand glove ND tissue paper Black Tri Color Combo Pack Ink Cartridge: i have hp deskjet 2331 printer and 805 cart ang ink is good choice for me and 90 like original ink in my case you can try for me best value in this prize [SEP] ink is perfectly working with hp678 cartridge but quality is not as original but its print good in the best quality option in the printing preference the ink isvery efficient in this price range [SEP] this a useful kit to refill your cartridge if you follow the process correctly you would find it useful you may view the refilling steps on youtube [SEP] the product is so good that my printer stopped working since the day i used this ink [SEP] working perfectly with hp 2331 printer",ink is perfectly working with hp678 cartridge but quality is not as original but its print good in the best quality option in the printing preference the ink isvery efficient in this price range
"USHA FP 3810_ 1000 W Food Processor (Black, Silver)",negative,"summarize what people dislike about USHA FP 3810_ 1000 W Food Processor (Black, Silver): worst didnt start on first day and this is a chinese productdont buy [SEP] worst experience after purchasing in flipkart within 3 months we got a burning smell and the usha processor person took and went for testingtill now we havent receivedthis product is not recommended at all [SEP] coconut scrubbing is not thereforeelseothers are fine [SEP] within 6 months i had issues with the processor and its been over a month now ive not received service [SEP] not working since first dayreturned",worst experience after purchasing in flipkart within 3 months we got a burning smell and the usha processor person took and went for testingtill now we havent receivedthis product is not recommended at all
NP2598WM03 Analog Watch - For Women,negative,summarize what people dislike about NP2598WM03 Analog Watch - For Women: chain quality not good and not suitable for hand [SEP] dont buy this product after one month of using its colour faded worst product purchased ever [SEP] worst product ever purchased the color faded within a month utterly disappointed dont regret buying this product ill never choose titan again thanks for letting us know about your cheap products i would have returned it if i had any option [SEP] the product is ok but dont buy it from flipkart its too late delivery [SEP] worst product in itam golden colour gone in few days,worst product ever purchased the color faded within a month utterly disappointed dont regret buying this product ill never choose titan again thanks for letting us know about your cheap products i would have returned it if i had any option
"Crompton 75 L Desert Air Cooler (White, Teal, ACGC-DAC751)",positive,"summarize what people like about Crompton 75 L Desert Air Cooler (White, Teal, ACGC-DAC751): its really worth every single penny it works like one ton ac provided that your room has proper ventilation i generally keep cooler near to window so that it can pull fresh air from outside and as a result i get very cool air one more suggestion please dont buy cooler which are equipped with a blower fan always go for the cooler equipped with metal fan like this one in one word this compton cooler is amazing if you find the review helpful please thumps up happy summer [SEP] i bought crompton ozone 75 desert air cooler in the month of may 2018 summer at its peak i live on top floor so my house gets mare warmer in comparison to other flats placed the air cooler in hall near balcony the device is elegantly build and performs very well crompton has introduced a very good product pros1 sleek design 2 water tank excellent 3 wheel are very good in quality no problem in mobility even when the tank is full 4 child locks in wheel 5 hone [SEP] great packaging by seller as this was the most important point while transportation from jaipur to chennai secondly product is quite huge and air throw is very much nearly 13ft at 2 speed and will give good breeze cooling is satisfying due to honeycomb cooling media no need of filling water daily price is high but product is quite satisfactory compared to others only drawback is the motor power is 190 w rather than 220w which should be coorected on specs information on flipkart good j [SEP] delivery was delayed by two days except this everything is quite finesafely packedair flow is good run silently even on full 3 speedice chamber is pretty good and instantly starts giving cool air after putting ice in itconnecting wire is kind of short lengtha foul smell comes for the first time you put water in itbut it ended within 34 hrsmoving wheels ar",great packaging by seller as this was the most important point while transportation from jaipur to chennai secondly product is quite huge and air throw is very much nearly 13ft at 2 speed and will give good breeze cooling is satisfying due to honeycomb cooling media no need of fi
Unique designed professioal and luxury style different 005 Analog Watch For Men,positive,summarize what people like about Unique designed professioal and luxury style different 005 Analog Watch For Men: my watch is good and i got it at by time by your facility this product is stylish and so good i got it so fastly at my home thanks for my shipping of my order so fastly [SEP] its very superb for our hands and looking good this watch also awesome for boys hand its very nice order was delivered soon thnx u flipkart [SEP] this watch is really impressive and attractive nice looking glass quality is super [SEP] awsome styles with affordable prices wide ranges of collection with unique colour combination [SEP] wonderful watch at such a priceloved it,my watch is good and i got it at by time by your facility this product is stylish and so good i got it so fastly at my home thanks for my shipping of my order so fastly
BOSCH SMS66GI01I Free Standing 13 Place Settings Intensive Kadhai Cleaning| No Pre-rinse Required Dishwasher,positive,summarize what people like about BOSCH SMS66GI01I Free Standing 13 Place Settings Intensive Kadhai Cleaning| No Pre-rinse Required Dishwasher: this is a superb product made by boschpros1 design is super modern2 gets its job of washing utensils very well and very clean3 the utensils are super dry when they comes out no need to mess with watery utensils4 it uses warm water at the time of washing at 60 degrees so every bacteria will be dead5 it uses 3 types of things 1 one is dishwashing detergents which is to be put every time you wash one scoop 2 one is rinse aid which helps you to dry out the utensils [SEP] it has been nearly six months down the line and i wanted to wait before writing a review1 delivery was fast and installation took some time but only because our kitchen site was not ready so full marks there2 the bosch dishwasher is one of the best in india right now it has all the settings and the frills and i wont go into the tech specs3 the product does it job very well our blackened iron kadhai and other such iron utensils started getting back the sheen slowly the ss uten [SEP] must buy product we are fully satisfied as we got relief from maid and her tamtrums we are using it since last 1 year and then giving my review at first you may feel bore to arrange utensils but trust me once you learn to arrange utensils this machine is blessing i got this for 28000 only on last big billion day and feeling so lucky bcz people searching for this product since last six months due to lockdown people are saying that cost of rinse aid and salt is extra but m not using salt [SEP] nice product very useful for household utensils cleaning installation was delayed but overall the product was really serves the purpose and remoces all stains and very useful if you wanted to reduce the dependency on maids the cleaning is also perfect at 70 deg temperature and no maid can match the cleaning in manual mode i personally recomme,nice product very useful for household utensils cleaning installation was delayed but overall the product was really serves the purpose and remoces all stains and very useful if you wanted to reduce the dependency on maids the cleaning is also perfect at 70 deg temperature and no
"KENT Vegetable Cleaner - Counter Top 250 W Food Processor (Silver, Black)",positive,"summarize what people like about KENT Vegetable Cleaner - Counter Top 250 W Food Processor (Silver, Black): nice and excellent product been using it for a week and working fine must buy product if u want to eat pure and safe vegetable and fruits [SEP] good thing to have if carefully used [SEP] replaced item is good work properly [SEP] the product is very good [SEP] good product easy to use",nice and excellent product been using it for a week and working fine must buy product if u want to eat pure and safe vegetable and fruits
FITUP iPhone And Type C Supported K8 Wireless Microphone Lapel Mic System for YouTube Facebook Live Stream TikTok Video Recording Vlog Plug & Play Lavalier Noise Reduction No APP & Bluetooth Needed Collar Mic (Black),positive,summarize what people like about FITUP iPhone And Type C Supported K8 Wireless Microphone Lapel Mic System for YouTube Facebook Live Stream TikTok Video Recording Vlog Plug & Play Lavalier Noise Reduction No APP & Bluetooth Needed Collar Mic (Black): its a good for me onethor i dont know [SEP] very nice product good working this device [SEP] it nice for esy use and the range of this bluetooth is mind blowing [SEP] easy to use best product [SEP] fitup iphone and type c k8 wireless mic is very good and use full for me and public this mic is very good quality voice thanks for flipkart,fitup iphone and type c k8 wireless mic is very good and use full for me and public this mic is very good quality voice thanks for flipkart
SONY XM-N502 Two Class AB Car Amplifier,positive,summarize what people like about SONY XM-N502 Two Class AB Car Amplifier: its best amplifire and it is useful to best supply at any woofer if you wanna install in cars like zenaltosentro balenotiago micra all [SEP] it is amazing productoutput bass quality with sony 1800 watt subwoofer is very goodreally very good productand very good packagingfrom flipkartvery fast deliverythnx flipkart [SEP] thank you flipkart best packing and very fast delivery thank you flipkart [SEP] product is nice and i am totally satisfied with the product and also delivery service of flipkart is too good i am totally satisfied with overall things [SEP] nyz product thanks flipkart super bass,it is amazing productoutput bass quality with sony 1800 watt subwoofer is very goodreally very good productand very good packagingfrom flipkartvery fast deliverythnx flipkart
F8WARES 14inch Reusable Dishwashing Industrial Gardening Cleaning Rubber Hand Gloves Wet and Dry Glove (Large),positive,summarize what people like about F8WARES 14inch Reusable Dishwashing Industrial Gardening Cleaning Rubber Hand Gloves Wet and Dry Glove (Large): good meterial productlove it [SEP] good and long lasting [SEP] yup its too good quality awesome dont think just buy it [SEP] delivery so quick so good [SEP] good quality go for it,yup its too good quality awesome dont think just buy it
GLOBAL GREEN Dragon TreeHybrid Pack of 5,negative,summarize what people dislike about GLOBAL GREEN Dragon TreeHybrid Pack of 5: the plants were in very poor condition it wasnt even planted in separate polythene as shown in image all the plants were tied up together and packed in a single polythene the polythene didnt even has any soil [SEP] totally damage and worst quality product i cant deserve for this from flipkart seller [SEP] just horrible dont buy it i just got one tree [SEP] humble request dont buy this product [SEP] very bad company very bad product,the plants were in very poor condition it wasnt even planted in separate polythene as shown in image all the plants were tied up together and packed in a single polythene the polythene didnt even has any soil
konvio neer Pen Type Tds 0012 Digital TDS Meter,negative,summarize what people dislike about konvio neer Pen Type Tds 0012 Digital TDS Meter: not show actually water tds [SEP] very poor performance [SEP] its not showing proper value [SEP] very bad quality please dont buy same water but reading is different,very bad quality please dont buy same water but reading is different
Portronics POR-122 MODESK Universal Mobile Holder (Black) Mobile Holder,positive,summarize what people like about Portronics POR-122 MODESK Universal Mobile Holder (Black) Mobile Holder: good product made up of good metal have a nice grip colour is black have a good quality have a nice structure this is phones charging stand weight about 300 grams this helps to use your phone with more convenience must buy [SEP] good quality product by this companythe build and the feal is bestit is one of the best or best mobile phone stand on flipkart niceexelent buidhighly usefull and durable [SEP] perfect product at a good price sturdy build quality padded for keeping mobile comfortably perfect for your mobile phone very useful product [SEP] too strong full paisa wasul [SEP] good quality and made in india product,good product made up of good metal have a nice grip colour is black have a good quality have a nice structure this is phones charging stand weight about 300 grams this helps to use your phone with more convenience must buy
"etmax NANO BLACK 30 W Bluetooth Home Theatre (Black, Stereo Channel)",positive,"summarize what people like about etmax NANO BLACK 30 W Bluetooth Home Theatre (Black, Stereo Channel): beautiful design sound is really good for this price i am completely satisfied with it you can definitely go for it [SEP] product was good according to the price [SEP] according to is this price this is best quality and sound is very well and connectivity is approx 10 m and all over quality is okay [SEP] value for money awesome [SEP] price ke according good",according to is this price this is best quality and sound is very well and connectivity is approx 10 m and all over quality is okay
1170BLBR Unique New Day Date Analog Watch For Men,positive,summarize what people like about 1170BLBR Unique New Day Date Analog Watch For Men: very nice and must buy productfirst of all thank you flipkart for genuine and fast delivery no doubt this watch is superb built quality and look beautiful dial pretty good and attractive perfect dial size and strap there are many companies having similar watches but i think fogg is best i am very happy to have this watch on my wrist blue colour gives royal looook thanks [SEP] superb watch quality is also good and belt is made up of raxine but over all good under small amount recommended [SEP] an awesome looking watch from fogg fashion its been a good experience with this watchthe system of date and day screening is the thing that i liked most about this watchif you are a professional go for it its beautiful thank you all for giving your valuable time to watch my review [SEP] the watch have impressive look the dial pad of watch is so cool and it looks very premiumcoming on the strap ill say its not genuine leather its like synthetic or artificial leather anyhowbuild quality and design is good as expectedyou can wear this watch for formal look [SEP] super and comfortable iam fully happy this whatch are my lovely sis gift,very nice and must buy productfirst of all thank you flipkart for genuine and fast delivery no doubt this watch is superb built quality and look beautiful dial pretty good and attractive perfect dial size and strap there are many companies having similar watches but i think fogg
"Aroma NB119 Titanium - 48 Hours Playtime Bluetooth Neckband Bluetooth Headset (Green, In the Ear)",positive,"summarize what people like about Aroma NB119 Titanium - 48 Hours Playtime Bluetooth Neckband Bluetooth Headset (Green, In the Ear): awesome product im happy to deel this product battery life is too good 48 hours nonstop running and music quality very nice [SEP] product is good but its not water proof some drop of rain water fall and get in to its charging socket and the the socket rusted ive replaced the charging socket at the nearest store by an electrician now its working perfectly built quality is nit too good its average performence is awesome battery backup is too good im using it since 4 months [SEP] bought this and i loved the productbecause at this price i good such a good sound and bassmetallic earbuds are also very goodi am very happy [SEP] nice product im happy to deel this product battery life is to good 48 hours nonstop running and music quality very good awesome [SEP] i bought this bluetooth headset as i am very fond of musicthe design of product is very nice as it has metallic earbudsi really love the sound and it is very light weight alsobest product",product is good but its not water proof some drop of rain water fall and get in to its charging socket and the the socket rusted ive replaced the charging socket at the nearest store by an electrician now its working perfectly built quality is nit too good its average performence
Home Sizzler 153 cm 502 ft Polyester Room Darkening Window Curtain Pack Of 2Floral Brown,positive,summarize what people like about Home Sizzler 153 cm 502 ft Polyester Room Darkening Window Curtain Pack Of 2Floral Brown: nice to get such a good product but colour is little different but very nice looking [SEP] best seller and best quality products low rate [SEP] clothes was good value of money [SEP] awesome mind blowing super duper [SEP] tqs flipcark nyc product,nice to get such a good product but colour is little different but very nice looking
Pack of 3 Solid Men Multicolor Bermuda Shorts,positive,summarize what people like about Pack of 3 Solid Men Multicolor Bermuda Shorts: very comfortable quality is tooo gd [SEP] its too good quality is suppb nd so comfortable [SEP] cloth material very nice must buy [SEP] all good except its fitting and fabric quality is not suitable for the summer seasoni ordered xxl but in actuality it is xl size [SEP] great quality product quality is really good comfortable to wear and also the material is stretchable pocket chains are also of good quality overall a great deal,great quality product quality is really good comfortable to wear and also the material is stretchable pocket chains are also of good quality overall a great deal
MOTOROLA 8 kg Smart Wi-Fi Enabled Inverter Technology Fully Automatic Top Load Grey  (80TLIWBM5DG),positive,summarize what people like about MOTOROLA 8 kg Smart Wi-Fi Enabled Inverter Technology Fully Automatic Top Load Grey  (80TLIWBM5DG): best machine nice experience with this go for it without any hesitationapproximate silent operationsgud drying not much vibartionlook is not enough at this yrotherwise good machine [SEP] best washing machine in the market good feature i have 3 automatic washing machine of different brands but this is the best with its quality and load capacity performance spin speed and feature motor is really powerfull to wash 15 clothes at a time [SEP] i am giving review after using the washing machine for a month this washing machine is very good n perfect for 35ppl its very smooth and sound is very minimal compare to other brand machine doing its job perfectly [SEP] this is quite an understated washing machine and a very good value for money for a 75kgs capacity the build quality is sturdy and it has multiple built in functions as per the need the wash quality is very good and efficient have been using it since a couple of months nowa special mention for the flipkart team who also manage the maintenance and warranty for this brand the team is very courteous and professional the machine that was delivered was damaged and the flipkart and jeeves t [SEP] got it for 1130065kg model including all the discounts on big diwali sale complete value for money at this price washes well decent drying and good maintenance overall a very good buy from the house of motorola,this is quite an understated washing machine and a very good value for money for a 75kgs capacity the build quality is sturdy and it has multiple built in functions as per the need the wash quality is very good and efficient have been using it since a couple of months nowa specia
Pearl World Soft Plush Cushion Baby Sofa Seat or Rocking Chair for Kids Best birthday Gift for Kids Fabric SofaFinish Color Green Preassembled,positive,summarize what people like about Pearl World Soft Plush Cushion Baby Sofa Seat or Rocking Chair for Kids Best birthday Gift for Kids Fabric SofaFinish Color Green Preassembled: nice cushion for sitting good for babies of 5 to 6 months old although not fit for older kids my 5 yr old son enjoys it back support is not sturdy placing it near wall or sofa helps not exactly pretty looking could have embroided better photo attached [SEP] good and soft for babies worth but suitable only for babies under age 2 not upto the size we think but nice product for money [SEP] good quality product and suitable for kids under the age of 2 [SEP] i really thanks to flipkart my son enjoy in this sofa [SEP] no back support for kids kids fall as they sit on this sofa,nice cushion for sitting good for babies of 5 to 6 months old although not fit for older kids my 5 yr old son enjoys it back support is not sturdy placing it near wall or sofa helps not exactly pretty looking could have embroided better photo attached
Spotzero by Milton Prime Spin Mop,negative,summarize what people dislike about Spotzero by Milton Prime Spin Mop: not good wheels are not rotating property [SEP] very bad experience i am facing mop handle is broken within a month of use bucket is ok but after handle broken no use of bucket waste of money this is my honest review please choose other options [SEP] the product quality is not good the tub spinning wheel stopped working in 6 months [SEP] product looks good but not durablehandle comes out out of the bucket easilynot recommended as its price is highnot value formoney [SEP] good but stick is loose,very bad experience i am facing mop handle is broken within a month of use bucket is ok but after handle broken no use of bucket waste of money this is my honest review please choose other options
"Lakm Eyeconic Kajal Twin Pack (Deep Black, 0.7 g)",positive,"summarize what people like about Lakm Eyeconic Kajal Twin Pack (Deep Black, 0.7 g): good quality lakme kajal so black and long lasting good product thanks to flipkart good delivery package is good [SEP] great flipkart always gives a safe packing thank you and fast delivery thank you [SEP] you should definitely go for this kajal very smooth long lasting and best part smudge free its not 9 to 5 its like 9 to the time when u want to remove it i wear this daily for my office awesome one [SEP] the product is original one packaging was good i got the product in good condition i am satisfied with my [SEP] super product my mother ordered this as my birthday gift and i love it it is as like the image",you should definitely go for this kajal very smooth long lasting and best part smudge free its not 9 to 5 its like 9 to the time when u want to remove it i wear this daily for my office awesome one
"Prestige Plus Atlas 750 W Juicer Mixer Grinder (4 Jars, Blue, White)",positive,"summarize what people like about Prestige Plus Atlas 750 W Juicer Mixer Grinder (4 Jars, Blue, White): excellent light weight powerful modern design prestige loved it [SEP] it is ok with grinder but juicer doesnt work it is smash the fruits like chutney but do not make juicei m not happy with juicer prestige need to innovate the idea about juicer [SEP] good mixer grinder and you can trust on prestige brand it is very stable and the containers are also very good grinding is perfect overall i really enjoyed this for a month now more years to go [SEP] prestige is prestige super working awesome looking im happy with prestige brand tq flipkart [SEP] very good thing i am very happy with this thing everyone can buy it very good product thanks to flipkart for fast delivery",good mixer grinder and you can trust on prestige brand it is very stable and the containers are also very good grinding is perfect overall i really enjoyed this for a month now more years to go
Realistic Store Printed Happy Birthday Multi Dot Foil Letter Balloon With HD Multi Metallic Balloons Curtain Gold For Girls Decoration kit Letter BalloonMulticolor Pack of 45,positive,summarize what people like about Realistic Store Printed Happy Birthday Multi Dot Foil Letter Balloon With HD Multi Metallic Balloons Curtain Gold For Girls Decoration kit Letter BalloonMulticolor Pack of 45: amazing product quality is very good [SEP] i am soo happy good product [SEP] the decoration item are awesome and i am happy you can buy this product [SEP] osam celebrate meterial [SEP] very good my daughter is very happy,the decoration item are awesome and i am happy you can buy this product
Men Blue Sandal,positive,summarize what people like about Men Blue Sandal: exactly shown as picture quality looks good and finish and design also fantasticlight weight as well [SEP] same as shown in the picture [SEP] its totally amazing just real as shown in the picture [SEP] expected as in size and good looking [SEP] best product in this price rangeeveryone should try oncetoo good for rainy seasonbest compliment from my side to this company for making this kind of amazing productreally thanks,best product in this price rangeeveryone should try oncetoo good for rainy seasonbest compliment from my side to this company for making this kind of amazing productreally thanks
Tankit 360 degree Spin Mop With 6 Refills Durable Bucket With Extendable Handle For Perfect Cleaning Mop Set Mop Mop Bucket Mop Refill,negative,summarize what people dislike about Tankit 360 degree Spin Mop With 6 Refills Durable Bucket With Extendable Handle For Perfect Cleaning Mop Set Mop Mop Bucket Mop Refill: quallity is very poorvery small in sizewaste of money [SEP] because material is very poor and waste of money [SEP] quality is very low specially refills [SEP] the rod broke with in a month very delicate [SEP] plastic is not so good,quallity is very poorvery small in sizewaste of money
SAMSUNG DW60M5042FS/TL Free Standing 13 Place Settings Dishwasher,positive,summarize what people like about SAMSUNG DW60M5042FS/TL Free Standing 13 Place Settings Dishwasher: worth to buy very easy to use good for 45 family members its operating cost is even less than maid chargesmachine operating sound is less than washing machine water consumption is only 12 liter for whole cyclegood for environment too [SEP] excellent working super shining good dishwasher from samsung its work very low noise performance is good its usefull for 4 to 5 members [SEP] good one for the family of 45people though it has 2 trays which are enough if u go for higher variant u get 3 trays but this is enough good purchase in big billions sale go for it [SEP] excellent installation and very well explanation [SEP] very fast and responsible,worth to buy very easy to use good for 45 family members its operating cost is even less than maid chargesmachine operating sound is less than washing machine water consumption is only 12 liter for whole cyclegood for environment too
Prestige PWG 09 Wet Grinder with Timer??(Black),positive,summarize what people like about Prestige PWG 09 Wet Grinder with Timer??(Black): a good product but i had to replace it due to some technical issues overall a good one my mom is happy with the quality of the product [SEP] super excellent happy i am satisfied [SEP] excellent product and im very happy,a good product but i had to replace it due to some technical issues overall a good one my mom is happy with the quality of the product
SAISWAR OXO Bio deagradable Dustbin garbage cover medium pack of 3 19X21inch black Plastic DustbinBlack Pack of 3,positive,summarize what people like about SAISWAR OXO Bio deagradable Dustbin garbage cover medium pack of 3 19X21inch black Plastic DustbinBlack Pack of 3: product good but very thin [SEP] quantity okay bt lite thicknesses [SEP] amazing product i am very happy for that product thank you [SEP] too good worth for money [SEP] gud product h usefull h,amazing product i am very happy for that product thank you
Railway General Science GK 11000Question Previous Question Practice Set NTPC Group DPaperback Hindi Khan Sir,positive,summarize what people like about Railway General Science GK 11000Question Previous Question Practice Set NTPC Group DPaperback Hindi Khan Sir: perfect khan sir perfect book [SEP] best previous year book for ntpcall the previous railways exam qestion covered in this book thank you khan sir for your hard work [SEP] good but explanation is not here only abcd answers given good for revision only [SEP] very very good book love you khan sir [SEP] very useful book for railwayntpc page quility is too good,best previous year book for ntpcall the previous railways exam qestion covered in this book thank you khan sir for your hard work
ghar ki khushiya 1 LEDs 013 m Multicolor Rice LightsPack of 1,positive,summarize what people like about ghar ki khushiya 1 LEDs 013 m Multicolor Rice LightsPack of 1: it worked for 17days and fused other wise worked perfectly for 17days [SEP] normally good but brightness is too lowwhite light 710rgb light 8 10sound quality 9 10sound strength 11 10base 7 10remote 810bt connection 1010 [SEP] its veey very very nice yar ive never seen anything like this before [SEP] very nice sounds and very nice light [SEP] very good semma qualityi so happy,normally good but brightness is too lowwhite light 710rgb light 8 10sound quality 9 10sound strength 11 10base 7 10remote 810bt connection 1010
"Men Solid Single Breasted Casual, Festive & Wedding Blazer (Light Blue)",positive,"summarize what people like about Men Solid Single Breasted Casual, Festive & Wedding Blazer (Light Blue): perfect fabric and value for money [SEP] same product as shown in picture [SEP] amazing product ever very happy to get this one [SEP] excellent good quality good fit rate is possible [SEP] product is good im full satisfied",excellent good quality good fit rate is possible
"Women Party, Evening, Formal, Party Black Artificial Leather Belt",negative,"summarize what people dislike about Women Party, Evening, Formal, Party Black Artificial Leather Belt: buckle is good but belt quality is really bad [SEP] belt is of poor material dont buy it looks old within 1 month of use [SEP] leather quality is good but the metal quality is poor [SEP] very bad product quality are very poor [SEP] stupid product quality is worst waste of money",belt is of poor material dont buy it looks old within 1 month of use
Swastik Housewares Stainless Steel Incense HolderSilver,positive,summarize what people like about Swastik Housewares Stainless Steel Incense HolderSilver: amazing awesome product safe for those who has children in there house for them it does the job n for other also i recommend it to go for it [SEP] very good product i loved it [SEP] its gud m going to by one more [SEP] great product at great price [SEP] its amazing steel is also too good nd strong happy,amazing awesome product safe for those who has children in there house for them it does the job n for other also i recommend it to go for it
"Real Choice Kamni Sports Swimming Kit (Silicon Cap, Silicon Ear Plug, Swimming Nose Clip, Swimming Goggles) Swimming Kit Swimming Kit",negative,"summarize what people dislike about Real Choice Kamni Sports Swimming Kit (Silicon Cap, Silicon Ear Plug, Swimming Nose Clip, Swimming Goggles) Swimming Kit Swimming Kit: this is very poor this item very dificult prise [SEP] not interested in this product",this is very poor this item very dificult prise
VIBOTON HDMI Switch 2 Port Bi-Directional Manual HDMI hub 2 in 1 Out or 1 in 2 Out Splitter converter Support 4K HD 3D 1080P ( HDMI Cable Not included) Media Streaming Device (Black),positive,summarize what people like about VIBOTON HDMI Switch 2 Port Bi-Directional Manual HDMI hub 2 in 1 Out or 1 in 2 Out Splitter converter Support 4K HD 3D 1080P ( HDMI Cable Not included) Media Streaming Device (Black): fulfilled my requirement happy to have it [SEP] superb switch mode type [SEP] excellent product qualityworking fine feel strong build quality nice producteasy to use [SEP] nice product super quality [SEP] presently working good,excellent product qualityworking fine feel strong build quality nice producteasy to use
PMW Karakkaya Harad Aralu Inknut Haritaki Kadukkai Harar Terminalia Chebula 500g Seed500 per packet,positive,summarize what people like about PMW Karakkaya Harad Aralu Inknut Haritaki Kadukkai Harar Terminalia Chebula 500g Seed500 per packet: it is a nice remdey for dark colours under eye [SEP] realy worth the money after 3times using getting best result on my face removed acne and black marks best for oily skin [SEP] good packingi love it [SEP] good qualitytq flipkart [SEP] super product dark circles is slowly removed,realy worth the money after 3times using getting best result on my face removed acne and black marks best for oily skin
KL-TECH Dth direct to home DD Free Dish Set Top Box Receiver Free to Air for (DTH-MPEG2) Media Streaming Device (Black),negative,summarize what people dislike about KL-TECH Dth direct to home DD Free Dish Set Top Box Receiver Free to Air for (DTH-MPEG2) Media Streaming Device (Black): to much super bad product [SEP] dont buywasteesthan of money poor quality [SEP] not working west prodacit [SEP] bad product and not returning,dont buywasteesthan of money poor quality
Men Black Sandal,positive,summarize what people like about Men Black Sandal: awesome productgood qualitycheap price comfortableand good looking [SEP] good product is black sandal [SEP] same product received and quality is the best so comfortable sandal [SEP] thank you so much is the best product [SEP] good looking comfortable,same product received and quality is the best so comfortable sandal
RIAN Animal Single Mink Blanket for Mild WinterPolyester Brown Grey,negative,summarize what people dislike about RIAN Animal Single Mink Blanket for Mild WinterPolyester Brown Grey: the size is too small and very thin and not working for heavy winter its perfect for works on temp 20 c to 25 c there is no cover boxreally very bad experince [SEP] very bad product quality is not good waste of money dont buy it [SEP] very very low qualitywastage my money [SEP] value for money product no complaints at all [SEP] not perfect size poor design,the size is too small and very thin and not working for heavy winter its perfect for works on temp 20 c to 25 c there is no cover boxreally very bad experince
PAPILON 6 Shades Of Liquid Food Color (20 Ml X 6 Bottle) Multicolor  (120 ml),positive,summarize what people like about PAPILON 6 Shades Of Liquid Food Color (20 Ml X 6 Bottle) Multicolor  (120 ml): absolutely amazingordered for my daughtershe was really happy and made a cake and cupcakes with itlike other liquid food colors no need to add lots of food colorjust 34 drops for good and bright colorswell packedgood qualitygood quantityno damagesperfectly sealed bottlesgot 6 colors super redpinkblackgreen blue and yellow [SEP] very goodl just loved it [SEP] product is just awsomee [SEP] good product same same good not bad [SEP] osm i was used only 2 drops of per colours very nice,absolutely amazingordered for my daughtershe was really happy and made a cake and cupcakes with itlike other liquid food colors no need to add lots of food colorjust 34 drops for good and bright colorswell packedgood qualitygood quantityno damagesperfectly sealed bottlesgot 6 col
realme Pad X 6 GB RAM 128 GB ROM 11 inch with Wi-Fi Tablet (Glowing Grey),positive,summarize what people like about realme Pad X 6 GB RAM 128 GB ROM 11 inch with Wi-Fi Tablet (Glowing Grey): great product best for study purposes [SEP] i have bought for study perpose only [SEP] excellent tablet under 25k display is best speakers are fabulous overall best in this price range [SEP] best tablet in this price range [SEP] great pick must buy tablet,excellent tablet under 25k display is best speakers are fabulous overall best in this price range
Men Self Design Single Breasted Casual Blazer (Brown),positive,summarize what people like about Men Self Design Single Breasted Casual Blazer (Brown): fitting is perfect a little bit shiny ordered size s [SEP] a good purchase happy with stitching and general outlook of the coat [SEP] excellent product at given price point [SEP] product quality is good but size issue,a good purchase happy with stitching and general outlook of the coat
HP 678 Black Ink Cartridge,positive,summarize what people like about HP 678 Black Ink Cartridge: i use this cartridge for everyday printing as well as photo printing i was amazed by the quality of photos on photopaperbest qualityalso black ink cartridge gives over 380420 prints on fast draft qualityblack in onlyusually the colored cartridge last for 80120 prints normal qualityits quite a good product [SEP] timely delivery and nicely packed from flipkart good product from hp however i would have appreciated if flipkart has some mechanism to collect the old cartridge and either return to hp for refill or to some reputed recycler [SEP] even though i made payment via internet banking yet the product delivered to me very next day to the date of order such kind of good service we cant expect from stores like snapdealif we made payment to them in advance they either does not ship product in time or not deliver at all it is only flipkart from which such kind of good service can be expected [SEP] i am using this with my hp inkjet 2545 printer offers excellent value for money printsi have the default settings set as draft mode lowest quality as i dont see much of quality difference between best normal draft mode with my usage mainly office job text and such docs with very little picturedraft mode allows really fast printing as fast as leserjet with acceptable quality but biggest advantage is the number of pages as i see it goes close to 800 to 900 pages for mewit [SEP] thank to flipkart for the super fast delivery and good packagingjust wondering if we could return the old packaging materials received through flipkart to flipkart delivery boy for resuse a small conservation effort,i am using this with my hp inkjet 2545 printer offers excellent value for money printsi have the default settings set as draft mode lowest quality as i dont see much of quality difference between best normal draft mode with my usage mainly office job text and such docs with very
BAJAJ FX 11 Food Factory 600 W Food Processor (White),negative,summarize what people dislike about BAJAJ FX 11 Food Factory 600 W Food Processor (White): within a month procersesor stop working [SEP] worst stopped working after a month raised many complaints no one cares avoid bajaj if you care about money [SEP] waste of money anybody dont buy cheep product,worst stopped working after a month raised many complaints no one cares avoid bajaj if you care about money
Bajaj DX 2 LW Dry Iron,positive,summarize what people like about Bajaj DX 2 LW Dry Iron: it is easy to use lightweight compact worth buying this product recommend to all [SEP] i love it this is the best iron buy now and its wire is too long and it heat quickly thank you flipkart [SEP] first of all very fast deliverythis iron is absolutely excellentthe quality is excellentheats up very quicklyit is good for anyone to use itit is a good iron for youi like it very much so i recommend you to pick it up [SEP] very good working also good i am very happy with this product thank you the seller and also team of flipkart [SEP] super product good quality and easy to iron our clothes best product,first of all very fast deliverythis iron is absolutely excellentthe quality is excellentheats up very quicklyit is good for anyone to use itit is a good iron for youi like it very much so i recommend you to pick it up
MSB FAB Maroon Velvet Carpet150 cm X 210 cm Rectangle,negative,summarize what people dislike about MSB FAB Maroon Velvet Carpet150 cm X 210 cm Rectangle: ordered marron color but got black color not expected quality is also not good [SEP] showing something and sending something else i think this is very bad if this type will continue then people will not trust so rectify the practice you are adopting [SEP] hated the carpet dont buy this [SEP] this is bedsheet not a carpet [SEP] not well wetpoor quality,showing something and sending something else i think this is very bad if this type will continue then people will not trust so rectify the practice you are adopting
Singer FM 1409 Electric Sewing Machine? ? ( Built-in Stitches 9),negative,summarize what people dislike about Singer FM 1409 Electric Sewing Machine? ? ( Built-in Stitches 9): i have given bad rating due its poor packing i have received the product without any seal of outer box even inner product manufacturing box also not a sealed one someone has opened the product already as i could see the support thermocol pieces got broken need check the machine whether its working or not of not will return the item [SEP] there is no pico pressure foot in accessories box [SEP] very bad quality niddle broken so easily [SEP] product is ok but flipkart cheat me on installation and demo facility no person came for demo or installation [SEP] nice product but delivery delay,i have given bad rating due its poor packing i have received the product without any seal of outer box even inner product manufacturing box also not a sealed one someone has opened the product already as i could see the support thermocol pieces got broken need check the machine w
AutoKraftZ Most Popular Sun UV Protection Arm Sleeves for Men Women Cycling Gloves  (Black),positive,summarize what people like about AutoKraftZ Most Popular Sun UV Protection Arm Sleeves for Men Women Cycling Gloves  (Black): it is so fantastic the fit was just perfect when i ordered the free size i dont get satisfied because i thinked it was not going to fit me perfectly but now after wearing it i get maximum level of satisfaction the cloth is too good nice one must buy [SEP] satisfied with the product good quality and soft too harmless to use [SEP] good product its skin friendly protect u from uv rays good quality and must expandableit gives the cool sencetation on wearingyou can go for this amazing product [SEP] stretchable nylon fabric is of very good quality after stretching it while wearing i never had the fear of nearly tearing it unintentionally as the material quality was reliable free size can be stretched as neededi usually wear half sleeve tshirt and i get skin tan beyond sleeves upto the wristfingers mainly because of bike riding so i needed such a thing to protect my handsi recommend this to anyone who doesnt want cotton fabric but nylon or lycra go for itgood packaging free [SEP] not bad at this price range but its best suitable for winter time overall it is good product thank you flipkart,stretchable nylon fabric is of very good quality after stretching it while wearing i never had the fear of nearly tearing it unintentionally as the material quality was reliable free size can be stretched as neededi usually wear half sleeve tshirt and i get skin tan beyond sleeve
SHF Cotton Floor MatMulticolor Medium Pack of 5,positive,summarize what people like about SHF Cotton Floor MatMulticolor Medium Pack of 5: very good product value of mony [SEP] the quality is so so so good its worth buying go for it guys [SEP] vvvv thanks for flipcart mind blowing product [SEP] good product save money l am satisfied [SEP] very nice product thank you so much flipkart i love it flipkart,very nice product thank you so much flipkart i love it flipkart
HP 803 Small Black Ink Cartridge,negative,summarize what people dislike about HP 803 Small Black Ink Cartridge: the catridge was detecting by the printer when it was checked with technician he said that the catridge has problem the money is wasted [SEP] proper not workingvery bad [SEP] it is not working for hp printer [SEP] this is not refillable require new purchase every now and then gets dried up when not used in 2 months waste printer waste product [SEP] dont buy its an use less product we are not able to print 100pages cost us too high,the catridge was detecting by the printer when it was checked with technician he said that the catridge has problem the money is wasted
"OnePlus Bullets Wireless Z2 Bluetooth Headset (Acoustic Red, In the Ear)",positive,"summarize what people like about OnePlus Bullets Wireless Z2 Bluetooth Headset (Acoustic Red, In the Ear): all is wellbest and comfortable [SEP] amazing earphones love this [SEP] the product is amazing the sound quality and battery back up is very good i love this productthak you for 1 [SEP] dhakad bassawesome color long battery life [SEP] amazing product worth every pennysuperb bass and built quality is best under 2000must buy product you wont regret buying it",amazing product worth every pennysuperb bass and built quality is best under 2000must buy product you wont regret buying it
Fun and Flex Solid Jungle Theme Animal Face Foil Balloons Garland Arch Kit for Birthday Party jungle Theme Party Baby Shower for Kids Decorations BalloonMulticolor Pack of 90,negative,summarize what people dislike about Fun and Flex Solid Jungle Theme Animal Face Foil Balloons Garland Arch Kit for Birthday Party jungle Theme Party Baby Shower for Kids Decorations BalloonMulticolor Pack of 90: pathetic products didnt receive face shape balloonsneither green ballonstoo bad experience [SEP] poor quality balloons [SEP] most of the balloons are damage and rest are popping within 34 minute quality of balloons are very bad wasted of money on this product [SEP] very bad all baloon r based [SEP] dont buy very very bad,most of the balloons are damage and rest are popping within 34 minute quality of balloons are very bad wasted of money on this product
Portronics v50 Car Bluetooth Device with Transmitter Audio ReceiverBlack,positive,summarize what people like about Portronics v50 Car Bluetooth Device with Transmitter Audio ReceiverBlack: what a fantastic product the clarity is crisp and top notch and in addition the phone function made my life easythanks flipkart [SEP] the product is absolutely brilliant its working flawlessly in my car if youre looking for a product which can take calls as well as play music this is the product you should go for the call quality is very good and music streaming quality is also very good just go for it [SEP] good product for the price helpful for handsfree calls and to listen music from your mobile via bluetooth the sound is clear and mic performance is fine good connectivity too [SEP] product is good in this segment as compared to other cheap chinese alternatives but not the best one pros 1music and transmission quality to car audio system is good and sound quality is superb 2the velcro pasted on dash board is not a durable option and will come off in long run cons 1you need to do the pairing each time when you start your car 2the car music system has to be put in auxiliary mode all the time to enjoy music and call3the buetooth gets disconnected if the c [SEP] great product simpleto use fast connection audio quality will be same as we connect a phone through auxiliary which is more than enough and i love that bass button calling is also working fine audio is clear far far better than cheaper products its really worth,product is good in this segment as compared to other cheap chinese alternatives but not the best one pros 1music and transmission quality to car audio system is good and sound quality is superb 2the velcro pasted on dash board is not a durable option and will come off in long run
Catvision CSR-401HP WIFI Media Streaming Device (Black),negative,summarize what people dislike about Catvision CSR-401HP WIFI Media Streaming Device (Black): set top box is good but tubicast app is not working properly whenever i tried to search on youtube it get crashed and my mobiles home screen appears i have bought it for youtube but it is not searching videos company has to work to solve this problem it got very disappointed with this set top box [SEP] very poor quality it doesnt loading content it has been stuck to home page image only [SEP] not good defective and used protect recive [SEP] horriblepicture quality is very bad for 43 inches tvnot hd at all except dd national hd channelremote not good because it is very slow and you have to tap remote button sometime twice for performing a specific function that is very disappointing [SEP] very bad products casting not working properly overl all its very bad product,set top box is good but tubicast app is not working properly whenever i tried to search on youtube it get crashed and my mobiles home screen appears i have bought it for youtube but it is not searching videos company has to work to solve this problem it got very disappointed with
PEDPIX PED EWD 6046 3 ShelfSet Top Box Shelf StandTV Panel Cabinet for HomeLiving RoomDrwing Room Engineered Wood TV Entertainment UnitFinish Color VENGE DIYDoItYourself,positive,summarize what people like about PEDPIX PED EWD 6046 3 ShelfSet Top Box Shelf StandTV Panel Cabinet for HomeLiving RoomDrwing Room Engineered Wood TV Entertainment UnitFinish Color VENGE DIYDoItYourself: quality is okthe legs are plastic and the brown plates are average wooddoes the job and overall good in looks [SEP] very very excellent product,quality is okthe legs are plastic and the brown plates are average wooddoes the job and overall good in looks
"Candes 12 L Room/Personal Air Cooler (White, Black, Elegant High Speed-Honey Comb Cooling Pad & Ice Chamber, Blower)",positive,"summarize what people like about Candes 12 L Room/Personal Air Cooler (White, Black, Elegant High Speed-Honey Comb Cooling Pad & Ice Chamber, Blower): great cooler excellent air flow and for this price its so amazing and unbelievablejust love it [SEP] best budget 2 fit cooler nice cooling [SEP] the quality is good but the power of air is decent [SEP] the cooler is really fantastic and provides good air flow highly recommended",great cooler excellent air flow and for this price its so amazing and unbelievablejust love it
PRAGATI TRENDS Lab Coat (Poly Cotton),positive,summarize what people like about PRAGATI TRENDS Lab Coat (Poly Cotton): its perfect definitely go for ir [SEP] nice according to the prize [SEP] nice quality of clothe [SEP] good quality very nice 2 inch size variable [SEP] very nice perfect fitting,good quality very nice 2 inch size variable
Kindly Designer Key Holders with phone stand Key HnagerKey Stand for Wall Decor Wood Key Holder8 Hooks Brown,positive,summarize what people like about Kindly Designer Key Holders with phone stand Key HnagerKey Stand for Wall Decor Wood Key Holder8 Hooks Brown: its good quality product and material used in it is absolutely great [SEP] pls dont purchase this product [SEP] i like it this product [SEP] good but very light wood,its good quality product and material used in it is absolutely great
Kadio Analog Silver Clock,positive,summarize what people like about Kadio Analog Silver Clock: very good product brilliant [SEP] i i dont it will last long but its so cute [SEP] absolutely loved it itsalarm is very strongrightly said for heavy sleepers [SEP] awesome producteven though it is smallhave loud voice which is great [SEP] aswom product is good,absolutely loved it itsalarm is very strongrightly said for heavy sleepers
Briqre Victory Nutri Blend 20000 RPM Mixer Grinder 500 Juicer Mixer Grinder 2 Jars White,positive,summarize what people like about Briqre Victory Nutri Blend 20000 RPM Mixer Grinder 500 Juicer Mixer Grinder 2 Jars White: great product that too at ab affordable product this company seems to be quite i have now used multiple products and quality has been top class despite the lower end cost [SEP] osm product in this price its vry gud i m using it after receiving it works well blends well i m happy thank you flipkart [SEP] briqre nutri blender is too much amazing [SEP] i must recommend to buy this nutriblender good quality jars and bladesvalye for money and this is exclusive product [SEP] excellent product with reasonable price and quality of product is too good for regular usages,great product that too at ab affordable product this company seems to be quite i have now used multiple products and quality has been top class despite the lower end cost
"cello ColourUp Hobby Bag of Assorted Stationery|Crayons, Sketch Pens, Oil Pastel, Gel pens, Mechanical Pencils, Clay with Kids Activity Book inside",negative,"summarize what people dislike about cello ColourUp Hobby Bag of Assorted Stationery|Crayons, Sketch Pens, Oil Pastel, Gel pens, Mechanical Pencils, Clay with Kids Activity Book inside: bag was damaged else everything good [SEP] not worthy for the price paid [SEP] damaged bag cannot be used ever again very poor quality hope the contents are not this bad [SEP] very disappointed with the product [SEP] the things are good but i dont like the clay it is so sticky and even smell i dont like",damaged bag cannot be used ever again very poor quality hope the contents are not this bad
Indian Art And Culture English 1st Edition For UPSC CSE Prelims Mains By Study IQPaperback StudyIQ Publications,positive,summarize what people like about Indian Art And Culture English 1st Edition For UPSC CSE Prelims Mains By Study IQPaperback StudyIQ Publications: this book is so awesome it carry picture of all the topicsreally easy to understand the print the packing evrything about this is goodimportant topics covered wisely [SEP] best book so far covering all the topics of art and culture most relevant content and easy to revise far better than nitin singhanias as it is too much hefty [SEP] so nice book and it is understand through colourful picturesand i also bought this one in very lower price and the delivery is too good [SEP] fantasticthanku flipkart and study iq [SEP] just wow useful for ssc and upscgo for it,this book is so awesome it carry picture of all the topicsreally easy to understand the print the packing evrything about this is goodimportant topics covered wisely
Pigeon Glory 550 W Mixer Grinder Multicolor 3 Jars with IB 3 Ltr Pressure Cooker Special Combo,positive,summarize what people like about Pigeon Glory 550 W Mixer Grinder Multicolor 3 Jars with IB 3 Ltr Pressure Cooker Special Combo: perfect product but plzz tight the blade screw b4 u usethe screws are not tight other than that the quality of product is really good highly reccommend this product thank you flipkart [SEP] first i thank to flipkart good and quick service then to pigeon for best quality recieved item on time and worthy product highly recommended for purchase thanks flipkart [SEP] nice good for and most better for use it has great motor and nice speed and colour is also good but red colour is most better i think it also have red colour [SEP] by the looks and offer product is good but need to check few days the performance of both mixer and cooker [SEP] product is good and valuable after using the product i am writing the review,perfect product but plzz tight the blade screw b4 u usethe screws are not tight other than that the quality of product is really good highly reccommend this product thank you flipkart
"GiftMax Smart Watch Magnetic Suction Charger For 2 Pin (Noise Colorfit Pro 2,3, Boat strom,Nexfit run) smart watch, 44mm Adapter Length 45 cm Compatible with USB Charging Cable 0.45 m Magnetic Charging Cable (Compatible with Nextfit Run, Colorfit Pro 2,, Colorfit Pro 3, Boat strom, Black, One Cable) 0.45 m Magnetic Charging Cable (Compatible with Nextfit Run, Colorfit Pro 2,, Colorfit Pro 3, Black, One Cable) Charging Pad",positive,"summarize what people like about GiftMax Smart Watch Magnetic Suction Charger For 2 Pin (Noise Colorfit Pro 2,3, Boat strom,Nexfit run) smart watch, 44mm Adapter Length 45 cm Compatible with USB Charging Cable 0.45 m Magnetic Charging Cable (Compatible with Nextfit Run, Colorfit Pro 2,, Colorfit Pro 3, Boat strom, Black, One Cable) 0.45 m Magnetic Charging Cable (Compatible with Nextfit Run, Colorfit Pro 2,, Colorfit Pro 3, Black, One Cable) Charging Pad: i love this product super [SEP] very nice product for boat watch its amazing [SEP] goodproduct got charged in two minutes [SEP] satisfying product worth it [SEP] good product fast delivery",very nice product for boat watch its amazing
Unstitched Polycotton Shirt Trouser Fabric Printed,positive,summarize what people like about Unstitched Polycotton Shirt Trouser Fabric Printed: very nice product i like this [SEP] a good quality shirt cloth with amazing design [SEP] thank you bhut only kapdano shart [SEP] nice shirt looking good [SEP] very nice delivered okay,a good quality shirt cloth with amazing design
Dettol Effective Protection Antiseptic Liquid  (1000 ml),positive,summarize what people like about Dettol Effective Protection Antiseptic Liquid  (1000 ml): best hygienic product [SEP] very good product i am happy [SEP] smell has changed not liked before [SEP] good product i bought at a good price thanks shopsy flipkart [SEP] i hope this is not orginal dettol but good,good product i bought at a good price thanks shopsy flipkart
SSTOYS 3D Fast Modern Car??(Multicolor),negative,summarize what people dislike about SSTOYS 3D Fast Modern Car??(Multicolor): good but the battery is missing [SEP] remote is not working bad quality dont buy this product flipkart products waste product [SEP] very disappointed doesnt worth the price [SEP] very bad and low quality [SEP] very bad product never buy,remote is not working bad quality dont buy this product flipkart products waste product
XAMILE Rose Diamond Table Lamp16 Color Changing RGB Touch Remote Control Table Lamp195 cm Multicolor,positive,summarize what people like about XAMILE Rose Diamond Table Lamp16 Color Changing RGB Touch Remote Control Table Lamp195 cm Multicolor: i love this lamp i gifted this to my husband for his birthday he loved it thank u [SEP] i am very impressed fab gift product real product go for the gift option [SEP] highly satisfyedamazing product [SEP] this is a fantastic product works good backup is more than 10 hours [SEP] such a nice decorative lamp,i love this lamp i gifted this to my husband for his birthday he loved it thank u
thos 5 Layer Simple BookshelfMultipurpose RackChildren BookcasesFile Rack for OfficeStorage OrganizerCabinet Shelves for Bedroom Office Living Room Metal Open Book ShelfFinish Color Grey DIYDoItYourself,positive,summarize what people like about thos 5 Layer Simple BookshelfMultipurpose RackChildren BookcasesFile Rack for OfficeStorage OrganizerCabinet Shelves for Bedroom Office Living Room Metal Open Book ShelfFinish Color Grey DIYDoItYourself: this is very good product in such cost [SEP] its been 3 months and still it is as it is bought it is so durable and believe me you are ready to go with the purchase looks wise amazing and simple and so organisedthe strength of rods too perfectas i am student and i bought it for me jee books that you too know that how heavy they are and so many but still i kept in itand its perfectly fine [SEP] its good but holds only small amount of weight [SEP] acc to price it ok ok u can buy it [SEP] nice product thanku flipkart,its been 3 months and still it is as it is bought it is so durable and believe me you are ready to go with the purchase looks wise amazing and simple and so organisedthe strength of rods too perfectas i am student and i bought it for me jee books that you too know that how heavy
HF MRF GRAND Edition VK - 18 Full Size ( Ideal For 15-21 Years ) Complete Cricket Kit,positive,summarize what people like about HF MRF GRAND Edition VK - 18 Full Size ( Ideal For 15-21 Years ) Complete Cricket Kit: super products very nice good bat english willow bat nice products for this amount [SEP] this whole product is very good but the gloves are not as much comfortable also the quality of bag is not good bat pad and other things are good [SEP] literally this is one of the best kit in this price range that i have ever used have a tention for bat dont worry the bat is just wow [SEP] superb kit thank you flipkart worth money must buy [SEP] nice kit it is best for me,this whole product is very good but the gloves are not as much comfortable also the quality of bag is not good bat pad and other things are good
US DZIRE Pendants Ceiling LampBrown,negative,summarize what people dislike about US DZIRE Pendants Ceiling LampBrown: very bad quality do not buy waste of money wood is so fragile it came off when unpacked [SEP] not recommendedwaste money [SEP] what a bad products just a ply and a foil very bad dont buy edges are looking black,very bad quality do not buy waste of money wood is so fragile it came off when unpacked
songbird 4 INCH 280 W MAX DOOR SPEAKER With Dual SB-B10-15S Coaxial Car Speaker (280 W),positive,summarize what people like about songbird 4 INCH 280 W MAX DOOR SPEAKER With Dual SB-B10-15S Coaxial Car Speaker (280 W): nice speaker sweet sound [SEP] sound normal and simple [SEP] very good for simple use [SEP] good quality with good bass worth for the money [SEP] nice product value for money guys please purchase this 4 inch speakers and feel the music and its quality is also good please purchase and enjoy it,nice product value for money guys please purchase this 4 inch speakers and feel the music and its quality is also good please purchase and enjoy it
BD Chaurasias Human Anatomy 8th Edition 2019 Volume 1 2 34Paperback BD Chaurasia,positive,summarize what people like about BD Chaurasias Human Anatomy 8th Edition 2019 Volume 1 2 34Paperback BD Chaurasia: well back when i started reading this book it is so well organised and the diagram so well defined its absolutely amazing [SEP] i have received the productthe books are in good conditionpages are so smoothand also the packaging is fabulousit was worth spendingplus point i received a chart of arterial tree in itwhich will be quite helpful i am quote satisfied and happy that i bought this book herethanks to filpcart and the related book store good jobgo for it guys [SEP] best book of anatomy it give us charts absolutely free with this book [SEP] best book for mbbs and bpt students [SEP] its very good products,i have received the productthe books are in good conditionpages are so smoothand also the packaging is fabulousit was worth spendingplus point i received a chart of arterial tree in itwhich will be quite helpful i am quote satisfied and happy that i bought this book herethanks to
"IFB Neptune VX Plus Free Standing 15 Place Settings with Germ-Free Hygienic Wash, Made for Indian Kitchens, Steam Drying, Energy Efficient Dishwasher",negative,"summarize what people dislike about IFB Neptune VX Plus Free Standing 15 Place Settings with Germ-Free Hygienic Wash, Made for Indian Kitchens, Steam Drying, Energy Efficient Dishwasher: kindly do not buythe washing is patheticdoesnt wash all the utensils properly and the ifb service is even more patheticvery very bad product experiencewaste of money [SEP] its just a month pass and stop working i have to complain at ifb [SEP] not upto the markcleaning quality not satisfactoryleaving some stains [SEP] its waste of moneyutensil are not cleaningall detergent remain in disheswhite marks also appears [SEP] display not work properly machine hanging problem",kindly do not buythe washing is patheticdoesnt wash all the utensils properly and the ifb service is even more patheticvery very bad product experiencewaste of money
JXL 3way 6 inch Car Speaker 1690 Coaxial Car Speaker (600 W),negative,summarize what people dislike about JXL 3way 6 inch Car Speaker 1690 Coaxial Car Speaker (600 W): good but sound quality not good [SEP] its dissent not good not bad this speaker is ok [SEP] this product is very bad very bad it can use for one day not more that one day because it clarity of sound will drop and a unclear sound coming from the speaker very bad product [SEP] simple speakers no bass at all [SEP] im not interested this product,this product is very bad very bad it can use for one day not more that one day because it clarity of sound will drop and a unclear sound coming from the speaker very bad product
My First Picture Library Box Of 10 Board Books PreSchool Books Gift Set For KidsBoard book Sawan,positive,summarize what people like about My First Picture Library Box Of 10 Board Books PreSchool Books Gift Set For KidsBoard book Sawan: first of alli would like to say its an awesome purchase the set came with perfect packaging no damage of the corners books are really nice for children to learn things all books are with nice quality board page overall i am really happy to purchase this thanks to the seller and publisher as well [SEP] this is the best book for children he is learning fast from this book pictures and the board quality is super best thanks flipkart team im very happy [SEP] awesome product very very good for beginnersperfect for 2yr old kids packing is very nice and the delivery agent is nice and polite thank you flippant [SEP] i really loved the productmy best shopping everi got this for 329 quality of book was very nicego for it very helpful to your little one [SEP] perfect for 1 to 2 years my daughter love itsize is smallbut good for toddlers good packing received on time thanks,first of alli would like to say its an awesome purchase the set came with perfect packaging no damage of the corners books are really nice for children to learn things all books are with nice quality board page overall i am really happy to purchase this thanks to the seller and p
StarAndDaisy Plastic Study TableFinish Color Pink DIYDoItYourself,positive,summarize what people like about StarAndDaisy Plastic Study TableFinish Color Pink DIYDoItYourself: product is really good i like this very much thank you filpkart keep serving us like this [SEP] its very useful for my kid [SEP] such a nice table tq flipkart [SEP] i cant believe that ur products quality is not good its amazing my child was very happy for this gift thanks [SEP] nice quality product and nice packaging,i cant believe that ur products quality is not good its amazing my child was very happy for this gift thanks
"Top - Pyjama Set Thermal For Boys & Girls (Multicolor, Pack of 3)",positive,"summarize what people like about Top - Pyjama Set Thermal For Boys & Girls (Multicolor, Pack of 3): very comfortablegood qualitylove it [SEP] very soft and comfortable go for it [SEP] super product quality is vry good tnx flipkart [SEP] fits her perfectly and good quality for winter season [SEP] great innershine and warmth",fits her perfectly and good quality for winter season
EUREKA FORBES Trendy Zip Dry Vacuum Cleaner with Reusable Dust Bag? ? (Red & Black),positive,summarize what people like about EUREKA FORBES Trendy Zip Dry Vacuum Cleaner with Reusable Dust Bag? ? (Red & Black): its just awesome nice packing and delivered just in 1day as im professionally nurse i have lots of work in hospital and also home i cant wipe floor every day thats why i vacuum all the floor every single day and i really very much satisfied with this vacuum cleaner i just love it its suction power is very nice and easy to remove darts from the bag of vacuum cleaner i even vacuum under the bed washing machine freeze and most importantly sofa thank you eureka forbes [SEP] product is good but the prb is motor is heating very quicklyouther wise product is goodif u want to clean a small house its ok to use [SEP] nice product its very handy carry anywhere easily product quality is also good sound is irritating but all vacuum cleaner are like this [SEP] best vacuum cleaner available in this price range it is multipurpose and works like a charm [SEP] fastest delivery as usual great productand editing my review after 15 year useit is still in good and best in performance very much satisfied satisfaction level 110,its just awesome nice packing and delivered just in 1day as im professionally nurse i have lots of work in hospital and also home i cant wipe floor every day thats why i vacuum all the floor every single day and i really very much satisfied with this vacuum cleaner i just love it
SportSoul Thumb Wrap Wrist Support (Grey),positive,summarize what people like about SportSoul Thumb Wrap Wrist Support (Grey): i thank this product manufacturer for good design and satisfying quality of its material it works out wellcsridhar [SEP] value for money and quality is good [SEP] not too much supportive as it is small in sizeone round more can cover necessary parts of handshalf useful [SEP] does not provide full wrist support in the gym [SEP] good quality provides good support to wristif you suffers from wrist pains small injuries it will provide great support,good quality provides good support to wristif you suffers from wrist pains small injuries it will provide great support
UPSC Prelims Previous Year Question Papers Last 25 Years GS1 UPSC Previous Year Question Papers Book By StudyIQPaperback StudyIQ Publications,positive,summarize what people like about UPSC Prelims Previous Year Question Papers Last 25 Years GS1 UPSC Previous Year Question Papers Book By StudyIQPaperback StudyIQ Publications: best book for upsc preparation as i found very helpful from this book and i also enrolled study iq live foundation batch study iq is better than other platforms and lastly book is awesomemany pictures were given to clarify more doubts related to particular questions above lines i mentioned to thats my honest view [SEP] must buy this book for evaluating your preparationeverything is according to expectation thanks studyiq team [SEP] decent compilation of questions subject wise [SEP] amazing packing and book thank you studyiq [SEP] fast delivery and delivery boy nature is so nice,best book for upsc preparation as i found very helpful from this book and i also enrolled study iq live foundation batch study iq is better than other platforms and lastly book is awesomemany pictures were given to clarify more doubts related to particular questions above lines i
PF With Pickfully Cotton Solid Chair Pad Pack of 2Blue,positive,summarize what people like about PF With Pickfully Cotton Solid Chair Pad Pack of 2Blue: very nice value for money [SEP] lil small otherwise ok [SEP] very comfortable and good quality,very comfortable and good quality
Kadio Analog 20 cm X 20 cm Wall ClockWhite With Glass Standard,positive,summarize what people like about Kadio Analog 20 cm X 20 cm Wall ClockWhite With Glass Standard: its really good product love it service also i really like it thank you flip kart [SEP] i liked its shape and rich look little bit small in size but looks so pretty wall clock go for it must buy product [SEP] wow nice watch nice looking nice colour perfect size long size perfect world my fevrate watch love you so much my watch i like it [SEP] nice item so i am very happy very fast delivery boy and good so thanks [SEP] kadio clock is very nice quality and quantity is awesome i love this clock because this clock match with my wall colour,wow nice watch nice looking nice colour perfect size long size perfect world my fevrate watch love you so much my watch i like it
"Google Nest Hub (2nd gen), Display with Google Assistant Smart Speaker (Charcoal)",negative,"summarize what people dislike about Google Nest Hub (2nd gen), Display with Google Assistant Smart Speaker (Charcoal): the coupon for redeeming google mini at 1 is not available in my coupons nor did i receive any notification on it customer care has closed my issue without providing any resolution 4 times today [SEP] the applied offers at the time of purchase were deemed invalid when it entered the redemption periodanother fantastic experience with flopkart [SEP] there is no sleep sensor and even when you wave to stop the music or play it will not respond [SEP] no sleep sensorno hd displayno accuracy [SEP] if you like to have a digital photo frame which can show any photo from google photos then go for it it can show any photo it can be your private photo also there is no option to select a particular folder or file for showing photosvoice recognition is very poor if you are listening to loud music it wont hear your commandsound quality is that of a chinese smartphone no bass and no clear soundeverytime it doesnt understand anything it simply says enter your voice data againan",if you like to have a digital photo frame which can show any photo from google photos then go for it it can show any photo it can be your private photo also there is no option to select a particular folder or file for showing photosvoice recognition is very poor if you are listen
Lopezs Microfiber Floor MatGrey23mm Medium,positive,summarize what people like about Lopezs Microfiber Floor MatGrey23mm Medium: nice soft furry microfiber floor mat it really helps clean the feet and it has a nice grip at the bottom so that there is no chance of getting skit [SEP] i really love the quality of this door mat it is very soft and it is very comfortable to stand on and it looks very elegant and stylish compared to the price [SEP] fabulous product love the style design softness awesome i am so loving it beautiful good looking good quality value for money product one thing i really loved is the softness too good [SEP] very very soft feel and nice product good quality in this price no any issue i am fully satisfied for this product shape size and surface texture of floormat is very nice thankss flipkart for good quality products [SEP] very good and soft bathroom mat i like the fabric quality easy to dry and clean keep absorbing water easily and easy to dry worthy product,very very soft feel and nice product good quality in this price no any issue i am fully satisfied for this product shape size and surface texture of floormat is very nice thankss flipkart for good quality products
MRF ENDORSED | for Light/Hard Tennis Ball [with Cover] | Full Size (SH) Natural Poplar Willow Cricket Bat (1000-1200 g),positive,summarize what people like about MRF ENDORSED | for Light/Hard Tennis Ball [with Cover] | Full Size (SH) Natural Poplar Willow Cricket Bat (1000-1200 g): the bat is very nice and it is good for hitter who loves to hit six and it is also good for 14year old boys i love it thank you flip kart [SEP] thank you so much flipkart i am happy about flipkart i gave the bat as the gift to my friend and he was happy tooi am planning to order one more thing [SEP] bat quality is very good for tennis cricket players look like professional bat weight from handle is excellent overall weight is just awesome size of handle is perfect size of full bat is veri nice i am giving 5 star rating for 2 things 1st is the overall quality at this price point is very very much excellent and acceptable for everyone 2nd is for delivery i got the delivery before the given time and date thanks for the seller and flipkart for providing this [SEP] nice batquality is good [SEP] nyconly for cosco ball,bat quality is very good for tennis cricket players look like professional bat weight from handle is excellent overall weight is just awesome size of handle is perfect size of full bat is veri nice i am giving 5 star rating for 2 things 1st is the overall quality at this price po
Shmaya Solid 3 kitty theme balloon13 pc happy birthday banner3 kitty foil4 star foil 2 curtain30 balloon pack of 52 BalloonPink Pack of 52,positive,summarize what people like about Shmaya Solid 3 kitty theme balloon13 pc happy birthday banner3 kitty foil4 star foil 2 curtain30 balloon pack of 52 BalloonPink Pack of 52: awesome product in low cost recommended to all birthday celebration mode on my daughter love it and enjoy [SEP] overall product quality is goodits beautifulit should have more balloons and 1 more curtain but at this rate product is awesome [SEP] very nice product children likes it [SEP] very nice product all items are available [SEP] very nice product loved it,overall product quality is goodits beautifulit should have more balloons and 1 more curtain but at this rate product is awesome
LIVPURE LIV-PEP-PRO-PLUS 7 L RO UV UF Water Purifier with Taste Enhancer? ? (White),negative,summarize what people dislike about LIVPURE LIV-PEP-PRO-PLUS 7 L RO UV UF Water Purifier with Taste Enhancer? ? (White): last 3 day use good silent working and good water teat nice water purifier livpure thanks flipkart good delivery but instalation is very bad very fast installing not satisfied [SEP] product is good but service from livpure is the worst in the world i bought it on may 2 2017 and my service is due since 1 month i have received message for service scheduled multiple time and got the happy code as well as engineer detail but no one has come for service yet dont buy livpure as they just want to sell their product but dont care about the service [SEP] very bad product i am writing a review after 1 year just others not to get cheated i am using this product for more than a year but almost every month we had to call technician for some issues with the water filter even though i am not happy with the service provided by technician he will ask me to provide happy code with him coming back to the quality of the product it looks ok from outside but the materials filters used are very poor it does not long even for a year as wel [SEP] design of tap worst every time you try to openclose the tap water spills 15service not good unacceptablepatheticno proper channelscustomer care does not workeven if it works and service request loggedfor name sake no one will contact you 05price this is the only positive aspect 35these ratings are based on 3 months of using the product [SEP] you should mention that we need to buy additional filter worth rs 660 engg charged me for the same and advised that its mandatory to fix it its better to avoid hidden charges and give a clear picture not happy with this part he didnt even give me the bill of that filter,very bad product i am writing a review after 1 year just others not to get cheated i am using this product for more than a year but almost every month we had to call technician for some issues with the water filter even though i am not happy with the service provided by technicia
Realistic Store Solid Happy Birthday Decoration Kit Combo 53 Pcs Birthday Banner Golden Foil Curtain Metallic Confetti Balloons For Boys Girls Wife Adult Husband Mom Dad Happy Birthday Decoration Item BalloonMulticolor Pack of 53,positive,summarize what people like about Realistic Store Solid Happy Birthday Decoration Kit Combo 53 Pcs Birthday Banner Golden Foil Curtain Metallic Confetti Balloons For Boys Girls Wife Adult Husband Mom Dad Happy Birthday Decoration Item BalloonMulticolor Pack of 53: its excellent balloon quality marvellous [SEP] nice birthday party material [SEP] super delivery boy good parson [SEP] its the best i am very happy to have this this is just wonderful the balloons and the banners are very good ones i am happy and you can also buy this for birthday they are just awesone i orders this for my moms birthday and damnnn she too liked ittt [SEP] it was very nice and reached on timeso thank you,its the best i am very happy to have this this is just wonderful the balloons and the banners are very good ones i am happy and you can also buy this for birthday they are just awesone i orders this for my moms birthday and damnnn she too liked ittt
"Infinix 10W Quick Charger combo for Infinx devices (MicroUSB - Cable Included)??(White, Cable Included)",negative,"summarize what people dislike about Infinix 10W Quick Charger combo for Infinx devices (MicroUSB - Cable Included)??(White, Cable Included): received used and defective product i have not expected this from flipkart [SEP] very bad dont buy waste of moneynot working properly [SEP] it is not working after 10 days of purchas [SEP] this product to much over hit [SEP] very bad product it become worst after 7days i have complain in infinix toll free number he told that i return your money but didnt return it really bad product and bad service please dont buy this product",very bad product it become worst after 7days i have complain in infinix toll free number he told that i return your money but didnt return it really bad product and bad service please dont buy this product
HP 682 Black Ink Cartridge,negative,summarize what people dislike about HP 682 Black Ink Cartridge: very bad cheating the customers mentioned 480 pages but it was printing less than 200 after opening the cartilage the ink is filled with 34 only u can also check with this picture and u can open in empty cartilage [SEP] okbut cost is very high [SEP] very bad product only can take 100copies [SEP] no of pages printed is far below assured very unsatisfactory [SEP] less than 100 copy can print high cost cartridge,very bad cheating the customers mentioned 480 pages but it was printing less than 200 after opening the cartilage the ink is filled with 34 only u can also check with this picture and u can open in empty cartilage
Men Cargos,positive,summarize what people like about Men Cargos: nice product i love it but when i wear it the pockets shows its the tailored fault but beside this all good [SEP] im happy very good cargo pant quality best design super [SEP] quality is low but desining better [SEP] awesome products and the quality of the product is exlent tq so much flipkart [SEP] very nice and good quality and parfect sizenice cargo pant thanks filipkart,nice product i love it but when i wear it the pockets shows its the tailored fault but beside this all good
"Ozarro Black Canvas Light Weight Steel Toe Safety Shoes (S4420) Steel Toe Canvas Safety Shoe (Black, S1)",positive,"summarize what people like about Ozarro Black Canvas Light Weight Steel Toe Safety Shoes (S4420) Steel Toe Canvas Safety Shoe (Black, S1): steel toe safety shoes not recommended for civil sites good in this price range but have less safety from sides and back side as compared with other shoes pros good design and light weightgenuine pricecons less safe from side and back however soul quality is good [SEP] perfect and good looking safety shoe after wear looking so good and quality and product weight also goodit is good safety shoe [SEP] excellent shoes for daily use which looks like a sports shoes suites for work and bike rides alsoquality of the lace is not that great but for price tag its a must buy [SEP] this product is good quality [SEP] verry good product in price super performance",steel toe safety shoes not recommended for civil sites good in this price range but have less safety from sides and back side as compared with other shoes pros good design and light weightgenuine pricecons less safe from side and back however soul quality is good
Hiru Party Light 50W RGB LED Brick Light Remote IP65 LED Flood Light Flood Light Outdoor LampMulticolor Blue Red Pink Yellow,negative,summarize what people dislike about Hiru Party Light 50W RGB LED Brick Light Remote IP65 LED Flood Light Flood Light Outdoor LampMulticolor Blue Red Pink Yellow: more than half of the leds stopped glowing after 10 days of buyingonly blues leds are working [SEP] working goodbut heating issue a problem for me [SEP] very bad worst experience it stopped working after a few days the quality were also very poor i suggest you to choose alternative of this i dont recommend to buy this product [SEP] remote controlling is hard [SEP] very very cheap qualityyy,very bad worst experience it stopped working after a few days the quality were also very poor i suggest you to choose alternative of this i dont recommend to buy this product
"Velvet Self Design, Embroidered Maroon Men Dupatta",positive,"summarize what people like about Velvet Self Design, Embroidered Maroon Men Dupatta: very good filipkad boy thanks [SEP] i am so happy to gei it",very good filipkad boy thanks
PHILIPS AC288720 883 4887 20280 Portable Room Air PurifierWhite,positive,summarize what people like about PHILIPS AC288720 883 4887 20280 Portable Room Air PurifierWhite: excellent product with the nice visual effect to easily see the present pm 25 level in the house it changes colour with the decrease of pm 25 levelworking very efficiently with three 5 fan speed settings ie sleep level 1 level 2 level 3 turbo speed completely silent and all the light indicators goes off in sleep mode for comfortable sleepi loved this product [SEP] fantastic product lowers pollution level 100 to below 40 in 10 mind blue colour perfect packaging atleast it reached me first hand and without any defect and packaging is also done good by seller im asmatic lets see its longterm effect good job seller fabsalescorpupdate i quit my asthma inhaler within 10 days of use of this it literally works for asmatic person living in polluted cities industrial area metro cities i recommend this product you can see the difference in n [SEP] works like a charm easy to install and use you would notice difference in air quality significantly [SEP] its really worthwhile for money awsome product its work very good in turbo mode [SEP] promptly delivered by flipkart as always so far i am happy with the products performance its sensors provide accurate reading of air quality and the difference in the air can be felt in around 3040 mins of operation the device is also a lot more silent compared to honeywell products,fantastic product lowers pollution level 100 to below 40 in 10 mind blue colour perfect packaging atleast it reached me first hand and without any defect and packaging is also done good by seller im asmatic lets see its longterm effect good job seller fabsalescorpupdate i quit my
Butterfly Rhino Plus Wet Grinder??(Grey),positive,summarize what people like about Butterfly Rhino Plus Wet Grinder??(Grey): butterfly is butterfly this griender is so awesome in work it didnt even overheat or no sound it gave me smooth paste in less time it is also handy to use and simple small to carry by ladies no sound no heat perfect mixture and be useful for nuclear families [SEP] posting this review after few months of usage its good for grinding rice but worst for grinding urad dhal leaves pulses when grinding urad dhal for even run it for 30 minutes tried adjusting scraper pad also no use i dont recommend this product for idly dosa batter grinding coconut scraper is good and easy i didnt get atta kneader thanks for viewing my review [SEP] the product is good built quality is also goodthe container is adequate enough neither too big nor too small screwatta kneader and scraper was superb and were intactits moderately silent motor doesnt make noise the cylinder doesthe stones dont weigh much old age folks can easily manageeven with one armall in all its good as for durability time will telland ekart did a wonderful job not even a single flattened corners on the box that can tell the care with which they handle the p [SEP] awesome product best in this category working smoothly and heavy duty than prestige grinder [SEP] nice and useful product not for daily use for north indians received in good condition grinds dal better than mixi,the product is good built quality is also goodthe container is adequate enough neither too big nor too small screwatta kneader and scraper was superb and were intactits moderately silent motor doesnt make noise the cylinder doesthe stones dont weigh much old age folks can easily
Exclusive Range of Stylish Comfortable Sports Sneakers Running Shoes Running Shoes For Men (Grey),positive,summarize what people like about Exclusive Range of Stylish Comfortable Sports Sneakers Running Shoes Running Shoes For Men (Grey): nice this product is good quality [SEP] fine at this price range [SEP] price ke according good quality h [SEP] good product very nice look [SEP] it very nice foot wer,nice this product is good quality
Yutiriti 10 Pc Round Hanging Ball Paper Lantern Multicolor Paper Hanging Lantern25 cm X 25 cm Pack of 10,positive,summarize what people like about Yutiriti 10 Pc Round Hanging Ball Paper Lantern Multicolor Paper Hanging Lantern25 cm X 25 cm Pack of 10: very much satisfied with this product good quality i used those for my diwali special garden decoration and it was sooo good totally mind blowing and worthy product loved it [SEP] good product and reasonable price in flipkart [SEP] so marvelous products [SEP] nice product im so happy,very much satisfied with this product good quality i used those for my diwali special garden decoration and it was sooo good totally mind blowing and worthy product loved it
Men Casual Brown Artificial Leather Money Clip - Mini (8 Card Slots),positive,summarize what people like about Men Casual Brown Artificial Leather Money Clip - Mini (8 Card Slots): mobile click photo awesome productits best qualityi m happy this purchasethanq flipkart [SEP] soft value for money product [SEP] m ok with it good one [SEP] worth of money perfect [SEP] my hubby is love itthank you so much flipkart,mobile click photo awesome productits best qualityi m happy this purchasethanq flipkart
AQUANZA Pre housing complete set for ro Solid Filter Cartridge0005 Pack of 8,negative,summarize what people dislike about AQUANZA Pre housing complete set for ro Solid Filter Cartridge0005 Pack of 8: very poor stellar dont know what has to fit in this how can i fix that connectors to pre filter im disappointed not happy with sellar not with flipcart [SEP] water leakage is a regular issue waste of money [SEP] the product is leaking not a good product [SEP] good product and sarvice is very bad [SEP] poor fit and finish water leaks despite of using teflon tape cant return as return period is over,very poor stellar dont know what has to fit in this how can i fix that connectors to pre filter im disappointed not happy with sellar not with flipcart
Men Solid MidCalfCrewPack of 4,positive,summarize what people like about Men Solid MidCalfCrewPack of 4: these are really good socks in such low price just go for it first i was about to but adidas socks but they are costly and i dont think that quality of those socks is as good as its price also there were only 3 pairs [SEP] very good quality sockshighly recomendable [SEP] good product satisfied [SEP] dont buy the quality is almost as of buying from a roadside sellers its thin and almost feels like wearing a nylon socks [SEP] not cotton poor quality,these are really good socks in such low price just go for it first i was about to but adidas socks but they are costly and i dont think that quality of those socks is as good as its price also there were only 3 pairs
Women Casual Gold Metal Belt,positive,summarize what people like about Women Casual Gold Metal Belt: i loved it worth for the price [SEP] i love this product and packaging very nice [SEP] as shown in the image [SEP] nice productvery pretty [SEP] belt colour and design is very nice,i love this product and packaging very nice
"Pack of 2 Solid Men Black, Blue Casual Shorts",positive,"summarize what people like about Pack of 2 Solid Men Black, Blue Casual Shorts: well its a good pair of shorts at a very reasonable pricefabric quality is good as compared to priceshorts are comfortable for daily use wont recommend them for sportsi am 5ft 11inches and correct size for me is m [SEP] good quality perfect fit [SEP] very comfortable and quality product i loved it no need to search anymore just order this [SEP] this is my repeat purchase of this product as it is very comfortable fabric is excellent and size was exactly same mentioned in description at this cost you wont get such a superb quality anywhere thanks indiclub [SEP] very good quality polyester shorts",well its a good pair of shorts at a very reasonable pricefabric quality is good as compared to priceshorts are comfortable for daily use wont recommend them for sportsi am 5ft 11inches and correct size for me is m
Mayne Flying Remote Control RC Induction Type 2-in-1 Indoor Outdoor Helicopter??(Multicolor),positive,summarize what people like about Mayne Flying Remote Control RC Induction Type 2-in-1 Indoor Outdoor Helicopter??(Multicolor): my baby is very happy [SEP] nice product very good product [SEP] good product kids enjoying thanks to flipkart for good service [SEP] very nice product most value for your money [SEP] it is product is super amazing fantastic lajawab,good product kids enjoying thanks to flipkart for good service
Inalsa Maxie Premia 800 W Food Processor (Grey PU Spray Painted),positive,summarize what people like about Inalsa Maxie Premia 800 W Food Processor (Grey PU Spray Painted): overall nice product exelent juicer love itchooping blades ordinary but who cares looks good morden lookdelivered just in timejars r very gudmix and processor r seperate but moter not seperate both works same time but fully safty it have every thing i dnt hv 2 anything from market5 years warrenty on moter eazy 2 clean [SEP] very useful at very affordable price this product has enough accessory to handle it on easeso,overall nice product exelent juicer love itchooping blades ordinary but who cares looks good morden lookdelivered just in timejars r very gudmix and processor r seperate but moter not seperate both works same time but fully safty it have every thing i dnt hv 2 anything from marke
77085PP03 Volt Analog Watch For Men,positive,summarize what people like about 77085PP03 Volt Analog Watch For Men: dashing look with good belt quality and dial also have great design lts great deal [SEP] it is very good watch the dial of the watch is medium its suitable for all wrist my expectation to this watch is full filled i like this watch [SEP] watch looks glossysuper styilishnot a very big dial as i expected but bigexcellent build quality and a premium strap strap is of excellent quality trust sonatathey are always stunning and giving genuine watches like itworth for money [SEP] i was having some doubt whether it match to girls hands but tb this is the best watch ever am using first time am using a sonata company watch and am in love with this watchblack colour and yellow combination gives the watch a rich look its design and quality level is wow expecting like these products from flipkart in future [SEP] wow this watch is i brought it for my boyfriend and he liked it so much and its so comfortable,i was having some doubt whether it match to girls hands but tb this is the best watch ever am using first time am using a sonata company watch and am in love with this watchblack colour and yellow combination gives the watch a rich look its design and quality level is wow expecti
LA VERNE Microfibre Stripes Cushion Pack of 5White,positive,summarize what people like about LA VERNE Microfibre Stripes Cushion Pack of 5White: excellent in qualityvery nice and soft just like in imagebranded it is just looks like in picvery happy to buy thisthanks flipkart [SEP] good cushion very soft and works well as my back sofa cushion [SEP] outer cloth quality is greatfluffyness is adequate but not greatfinishing with stitches is good but not greati liked the product but there is room for improvement add little more fluffyness [SEP] well good quality in cheapest price range build quality and finish quality is good [SEP] cushions are super soft nice as sofa back cushions good packing and delivery,outer cloth quality is greatfluffyness is adequate but not greatfinishing with stitches is good but not greati liked the product but there is room for improvement add little more fluffyness
"Preethi WG 907 Wet Grinder??(Purple, White, Silver)",positive,"summarize what people like about Preethi WG 907 Wet Grinder??(Purple, White, Silver): looks very well but motor is heating [SEP] overheating productgrinds well [SEP] very nice product good quality thank you flipkart [SEP] super thankyou flipcart [SEP] delivery person is so polite ty flipkart",very nice product good quality thank you flipkart
Fundamentals Of Geography By Study IQPaperback StudyIQ Publications,positive,summarize what people like about Fundamentals Of Geography By Study IQPaperback StudyIQ Publications: i recieved this book today and quality is good but i first recommend 11th ncert then this book to better understanding they provided colour diagramspyqs and do you know section too overall decent book [SEP] i have got my book book quality in itself is quite good but seller didnt took the right measures i got the book in flipkart outer pack and book in itself didnt had any safety covering i will re write my review about the book content and my experience with the book later note ratings are based on book quality and shipment measures only for now i will update them later as per my experience as well thanks [SEP] quality of book is good [SEP] good book but need part 2 also indian physical geography [SEP] complete solution for world economic geography please launch indian physical geography,i have got my book book quality in itself is quite good but seller didnt took the right measures i got the book in flipkart outer pack and book in itself didnt had any safety covering i will re write my review about the book content and my experience with the book later note rati
Woodbuzz Engineered Wood Study TableFree Standing Finish Color Wenge Brown DIYDoItYourself,positive,summarize what people like about Woodbuzz Engineered Wood Study TableFree Standing Finish Color Wenge Brown DIYDoItYourself: table is worth a money [SEP] if i talk about this product build qualitythat is very good and value for moneyeasy to assemblei am very happy with this table [SEP] not easy to assemble but quality is good and worth to buy [SEP] tough to assemblethey should eliminate screws and replace them with some simple push pull lock technologyotherwise good buy [SEP] panel quality and finish is excellent easy to assemble in 30 minassembly instructions booklet includedtable top dimensions 100cm x 45cmall panels had some residual glue sticky surfaces that required some cleanuphighly satisfied with the purchase,panel quality and finish is excellent easy to assemble in 30 minassembly instructions booklet includedtable top dimensions 100cm x 45cmall panels had some residual glue sticky surfaces that required some cleanuphighly satisfied with the purchase
"Men Solid Single Breasted Party, Formal Blazer (Blue)",positive,"summarize what people like about Men Solid Single Breasted Party, Formal Blazer (Blue): awesome quality great fit good fabric standard look [SEP] excellent blazer perfect fitfabric quality very nicemind blowing purchase from flipkart [SEP] superb fabric smart look value for money [SEP] its a nice and genuine product but without any cover [SEP] fit and finish super loved the product very much",excellent blazer perfect fitfabric quality very nicemind blowing purchase from flipkart
SAMSUNG 28 L Convection Grill Microwave OvenMC28A5013AK Black,positive,summarize what people like about SAMSUNG 28 L Convection Grill Microwave OvenMC28A5013AK Black: well received product in vwry good condition midel us as specified technician called today said he will be coming today itself for installation and presentation will update in future got it for a very good deal thank you flipkartupdate after two days tecnician came he was polite and know what he was doing he showed all oven can do and answers everything with a smile thanks flipkart and samsungyes this has otg and it comes with convection microwave and a [SEP] awesome microwave oveni didnt expect of this much size its look like 21inch monitordesktop sizei loved it i didnt cook yet bt i feel like greatand the main thing is dont depend on any demo or installation boy or the man from the samsung companythey are not told us discriptively better to check on youtube [SEP] product delivered before delivery date even ekart logistics carry the microwave to 2nd floor additionally installation was booked on time by flipkart but also here samsung send the executive before the installation dateexecutive was polite and help us to understand the basic functions of the systemthanks a million to flipkart samsung for your wonderful support and work coordinationsuperb delivery and awesome servicethank you [SEP] this product is the best and in low budget i got this so im very happy with this and i got this in only 23 days after order after delivery i got free demo tooi recommend you guys buy only this product [SEP] wowwow simply superb i was expecting a small regular size which i have seen in my office and at my friends house but this is bit bulky and heavy since it need to be support grill woven im happy for iti got this for a best price at 8189 demo also was done on the same daygreat servicethank you flipkart,well received product in vwry good condition midel us as specified technician called today said he will be coming today itself for installation and presentation will update in future got it for a very good deal thank you flipkartupdate after two days tecnician came he was polite
Indigo Creatives Swimming Set of Cap Goggles Float & Ear Plugs Kit For Kids Swimming Kit,positive,summarize what people like about Indigo Creatives Swimming Set of Cap Goggles Float & Ear Plugs Kit For Kids Swimming Kit: its so goodmy daughter loves iti need to add the starsbut it just went offits a 5 star for me [SEP] improve some quality material [SEP] very nice my son liked it very much [SEP] this was a very good product,its so goodmy daughter loves iti need to add the starsbut it just went offits a 5 star for me
"Google Nest Hub (2nd gen), Display with Google Assistant Smart Speaker (Charcoal)",positive,"summarize what people like about Google Nest Hub (2nd gen), Display with Google Assistant Smart Speaker (Charcoal): fantastic 2nd generation google nest hub display quality is excellent picks up commands easily excellent sound quality although not as loud as homepod mini and echo devices anybody with smart home setup this is the best bet as it has direct control option of all individual smart devices which are also grouped into lights ac fans etc and the best part it live streams qubo video caller bell currently its a great bet as along with it we get google nest mini for re1 [SEP] a cool device to own well 2nd gen has a very good speaker which provides better sound quality practical usage is very limited but if you want a smart device with a screen just for entertainment go ahead [SEP] the futuristic gadget with awesome features the display quality is too good and sound is also crispy hopefully going to get google mini rs1 as a part of deal [SEP] nice and cool but it should have a front camera inbuilt battery and 35mm audio output although external speakershome theatre can be connected through bluetooth inbuilt speaker is also good for the purpose the most attractive thing about this purchase is i got a nest mini at re1 [SEP] brining this was really one of the best decisions as everything you see now a days is technology and smart as google wakes me up in the morning at night she turns off my lights closes my curtain via paired smart devices to google home and can do alot more add sleeping sound as relaxation as well as fancy lobby music throughout the homemakes me feel rich all i wished is a camera hope they have a camera too like echo",fantastic 2nd generation google nest hub display quality is excellent picks up commands easily excellent sound quality although not as loud as homepod mini and echo devices anybody with smart home setup this is the best bet as it has direct control option of all individual smart
RBGIIT Latex Rubber Pink Special Dish Kitchen Platform WashingHome Bathroom Garden Other Type Of Safety Uses Sanitation Fashion Protective Home Kitchen Cleaing Gloves For Women And Girls 1 Pair Latex Rubber Safety Gloves New Latest Corean Design Latex Red Reusable Rubber 1 Pair 2 Pieces Hand Careing Long Sleeve Waterproof Safety Hand Gloves Cleaning Gloves Household Bathroom Cleaning Kitchen Platform Washing Washable Cloth Washing Good Quality Free Size Soft Scrubbing Dish washing Plate Dishes Pet Grooming Unique Multi Use Cleaning Garden And Bath Safety Industrial Heat And chemical Daily Uses Clean Gloves Wet and Dry Glove SetMedium Pack of 2,positive,summarize what people like about RBGIIT Latex Rubber Pink Special Dish Kitchen Platform WashingHome Bathroom Garden Other Type Of Safety Uses Sanitation Fashion Protective Home Kitchen Cleaing Gloves For Women And Girls 1 Pair Latex Rubber Safety Gloves New Latest Corean Design Latex Red Reusable Rubber 1 Pair 2 Pieces Hand Careing Long Sleeve Waterproof Safety Hand Gloves Cleaning Gloves Household Bathroom Cleaning Kitchen Platform Washing Washable Cloth Washing Good Quality Free Size Soft Scrubbing Dish washing Plate Dishes Pet Grooming Unique Multi Use Cleaning Garden And Bath Safety Industrial Heat And chemical Daily Uses Clean Gloves Wet and Dry Glove SetMedium Pack of 2: lovely glovesits thick and serves the purposelight in color but v goodlong enough to keep ur hands clean til elbow [SEP] suuper qualityloved it [SEP] amazing product thanks a lot shopsy [SEP] it is amazing in this price [SEP] nice but can be more better,lovely glovesits thick and serves the purposelight in color but v goodlong enough to keep ur hands clean til elbow
Preethi WG-905 Wet Grinder??(Purple),positive,summarize what people like about Preethi WG-905 Wet Grinder??(Purple): super nice working fast good lovely i like it [SEP] this product is very nice [SEP] power motor quality product [SEP] i am really happy very very fast product is worth of money,i am really happy very very fast product is worth of money
Copper String LED light 10 MTR 100 LED USB Operated Decorative Lights 100 LEDs 10 m Yellow Rice LightsPack of 1,negative,summarize what people dislike about Copper String LED light 10 MTR 100 LED USB Operated Decorative Lights 100 LEDs 10 m Yellow Rice LightsPack of 1: i think it is not 10m good [SEP] gets heated up in less than a minute and it becomes so hot that its impossible to touch looks pretty but very disappointed it was a waste of money for me [SEP] worst seller ever sent me normal rice lights instead of copper fairy lights [SEP] its not a copper string i got some cheap lights every time i order something n get something else i need to stop buying things from flipkart [SEP] igot second time plug led light and i thought it is not 10mtr long very bad experience,gets heated up in less than a minute and it becomes so hot that its impossible to touch looks pretty but very disappointed it was a waste of money for me
Flipkart SmartBuy Blue Cotton Carpet136 cm X 180 cm Rectangle,positive,summarize what people like about Flipkart SmartBuy Blue Cotton Carpet136 cm X 180 cm Rectangle: very good product nice [SEP] outstanding productthank you flipkart [SEP] same as show very nice good qualitythanks for flipkart [SEP] good product worth money [SEP] worthy productmy mom is very happy,same as show very nice good qualitythanks for flipkart
PARTY BREEZE Solid Golden and blue Happy Birthday Decoration Combo Kit with Banner Balloonscrown foil 51pcs for Birthday Decoration BoysGirlHusband Wife Girl Friend Adult blue 51pcs Set of 51 BalloonBlue Gold Silver Pack of 51,positive,summarize what people like about PARTY BREEZE Solid Golden and blue Happy Birthday Decoration Combo Kit with Banner Balloonscrown foil 51pcs for Birthday Decoration BoysGirlHusband Wife Girl Friend Adult blue 51pcs Set of 51 BalloonBlue Gold Silver Pack of 51: good product i like it [SEP] it is just fantastic but i rate it only four star because the biggest crown balloon is absent in this package [SEP] very good product quality and everything is aweomeu can undoubtedly go for itnb golden fringe is not included in this [SEP] qualitybof ballon good banner also stylish,very good product quality and everything is aweomeu can undoubtedly go for itnb golden fringe is not included in this
Mi ACM6SC with HEPA Filter Smart App Voice Control Portable Room Air PurifierWhite,positive,summarize what people like about Mi ACM6SC with HEPA Filter Smart App Voice Control Portable Room Air PurifierWhite: writing review after using it for 1 month1 best purifier 2 super silent at low mode makes fan noise at high speed but not an issue as i use it at low mode3 for connecting it to mobile u need to be rajanikant very difficult to connect tried everything bluetoothrouter hotspotwifi but not user friendly4 display is just a digital regulator can be made more userfriendly n more settings should have been given than that those given in app5 purifier suction is from 3 side whic [SEP] the air purifier was delivered next day after booking by flipkart easy to use the purifier is silent at low speed operation the product has digital display of the aqi as per mi the product is not of much use in bangalore as the air quality was found good with green reading still ordered one for my elderly parents [SEP] air purifier is work well on manual setting auto setting sensor sometime work doesnt work [SEP] writing this review after a month of usage pollution here is in the range of 70100 the purifier quickly bring down to 30 and after ah hour of usage even reduce to almost 25 really happy with the product hope filter life is also good as it shows remaining filter percent as 97 after continuous usage of a month i use it only during bedtime say 9hrsi can prefer to buy it if you are having serious dust allergy worth for the money thanks to flipkart and mi for making the people life ea [SEP] using it from last 5 months found the purifier as too gud i have room of 15ft18ft it takes approx 15mins to reduce the aire quality from 200 to below 70 it make some noise it full speed ie 3rd level but at medium it is acceptable at low you will never get to know if it is even runningthe best part is mobile app by which it can be very easily operated lots of options to automate it like you can set instruction,writing this review after a month of usage pollution here is in the range of 70100 the purifier quickly bring down to 30 and after ah hour of usage even reduce to almost 25 really happy with the product hope filter life is also good as it shows remaining filter percent as 97 afte
"TP-Link Archer C6 MU-MIMO Gigabit 1200 Mbps Wireless Router??(Black, Dual Band)",positive,"summarize what people like about TP-Link Archer C6 MU-MIMO Gigabit 1200 Mbps Wireless Router??(Black, Dual Band): router is slim 24g signal is good can get up to 4 wall max but 5g signal is weak after a wall it cant penetratei bought this to use as a wifi repeater and works great getting abv 60 mbbs compared to 20 with the portable tplink extenderi though it would support openvpn client but not there is only server option and u had no option to flash custom firmware like openwrt as soc is differrent frm earlier modeli would have rated 5 starif it had supported openvpn client but for the price i [SEP] product meets the specifications once i upgraded my wifi router i can see the internet speed jump 2 fold and able to get the best out of my broadband plan recommended if anyone is using high speed broadband connections like 800mbps and above [SEP] the best in the budget pros premium lookingc6 is better than a6full gigabit and needs a full gigabit connectionstable and high performance range is good even on many blockage and speed doesnt dropped even in 2 wifi signals100mbps easily in 5ghz wifi poco m2 procons40mbps in 24ghz wifi band realme c3 maybe better in other phonespower on time is near about 2minhigh temperature heating but doesnt affect performance [SEP] probably the best in its price range does awesome amplification both over 24ghz as well as 5ghz and comes with a 3 year warranty tooi have a 50mbps connection which would yield a speed of about 42mbps earlier but with archer c6 the speed test reveals speeds even higher than 50mbps at times [SEP] best in market after used 3 days i realize than its far better then a6 great range almost cover my 2000 sq feet 3 bhk bunglows eventhough it fitted in my bedroom",router is slim 24g signal is good can get up to 4 wall max but 5g signal is weak after a wall it cant penetratei bought this to use as a wifi repeater and works great getting abv 60 mbbs compared to 20 with the portable tplink extenderi though it would support openvpn client but
Moonstruck SEABREEZE DELUX COMBO PACK mixer and iron 550 watt 550 Juicer Mixer Grinder 2 Jars Multicolor,positive,summarize what people like about Moonstruck SEABREEZE DELUX COMBO PACK mixer and iron 550 watt 550 Juicer Mixer Grinder 2 Jars Multicolor: very nice product i am soo happy thx shopy i love this app [SEP] same prodect and best safe prodect and good looking and nice work [SEP] built quality is good2 years warranty also overall good go for it guys,built quality is good2 years warranty also overall good go for it guys
PRO365 Uplight Wall Lamp With Bulb,negative,summarize what people dislike about PRO365 Uplight Wall Lamp With Bulb: always i faced problem with flipkart u cancel return request till last date product was totally damaged always u cheated related to return i hv to kept damaged product i faced that type of problem 10 times [SEP] this light plug not fit in 3 pin socket too small product not beautifull as shown in picture [SEP] not good but very bad [SEP] too costly for this tiny product doesnt work everytime on switching on [SEP] product is not working after 1 we,always i faced problem with flipkart u cancel return request till last date product was totally damaged always u cheated related to return i hv to kept damaged product i faced that type of problem 10 times
MANGALAM Camphor Tablet 100g Jar Pack of 1,positive,summarize what people like about MANGALAM Camphor Tablet 100g Jar Pack of 1: this 100 natural camphor is so amazing i love it but when u burn it doesnt give any fragrance so that thing i dont like overall so so so good product it not leaves any ash or residue or something after when its cool down and when u open the seal the fragrance of camphor is so soothing and refreshing try this [SEP] best product thank u flipkart [SEP] best real productworth itpure [SEP] nice product is good long duration camphor i like [SEP] go for it its good productnuce fragrancethank u flipkart,this 100 natural camphor is so amazing i love it but when u burn it doesnt give any fragrance so that thing i dont like overall so so so good product it not leaves any ash or residue or something after when its cool down and when u open the seal the fragrance of camphor is so soo
"PLAY MP1-A Smart WIFI 3D 4k Full HD LED Recently Launched Android 8.0 Projector|Genuine Multifunction|Home Office & Entertainment|Bluetooth 4D keystone|300-inch Display |1920x1080P Portable Mini Digital Projector|VGA, USB, HDMI | Home Theater (4500 lm / Wireless / Remote Controller) Portable Projector  (White)",positive,"summarize what people like about PLAY MP1-A Smart WIFI 3D 4k Full HD LED Recently Launched Android 8.0 Projector|Genuine Multifunction|Home Office & Entertainment|Bluetooth 4D keystone|300-inch Display |1920x1080P Portable Mini Digital Projector|VGA, USB, HDMI | Home Theater (4500 lm / Wireless / Remote Controller) Portable Projector  (White): srilangovan attur salem play mp1smart wifi 3d 4k full hd led large display high picturi quality goodproduct [SEP] super quality good product [SEP] nice product i m happy [SEP] good product and value for money [SEP] its really super and picture video screen wonderfull tq to filpkart",srilangovan attur salem play mp1smart wifi 3d 4k full hd led large display high picturi quality goodproduct
"Dallao Waterproof Remote Controlled Rock Crawler RC Monster Car With Wheel Remote , 4 Wheels , 1 Stepnee, , 1:20 scale??(Multicolor)",negative,"summarize what people dislike about Dallao Waterproof Remote Controlled Rock Crawler RC Monster Car With Wheel Remote , 4 Wheels , 1 Stepnee, , 1:20 scale??(Multicolor): product quality is average not satisfied [SEP] waste of money packing boxe was broken even quality is very poor [SEP] waste of money dont buy [SEP] time waste money waste product [SEP] very bad car the size is very and poor quality",waste of money packing boxe was broken even quality is very poor
CELLBELL Aries C160 High Back Mesh Office Adjustable Arm ChairBlack DIYDoItYourself,positive,summarize what people like about CELLBELL Aries C160 High Back Mesh Office Adjustable Arm ChairBlack DIYDoItYourself: the chair is a great overall product however as i am 6ft 1 the headrest is a bit too low although it can be adjusted the height adjustable is a bit awkward and the lumbar support is not too good might have to do a little diy modding to the back all in all the chair is great and the cellbell team has good customer support all the negatives i mentioned might be because of my height so if you are below 6ft the chair would be a good fit for you [SEP] nice office chair comfortable to sit for longer period of timemesh quality is very goodarm rest is adjustablelike it very much in average budget [SEP] very nice chairmust buy [SEP] the chair is very comfortable no back pain at all even after using for many hours straight worth the price the metal base is of very good quality minor upgrade which can be done is handles can be more softer and there was more foam in the seat [SEP] features are as givenback support and seat cushion are good qualitywheels are easy to movegood quality for the price,the chair is a great overall product however as i am 6ft 1 the headrest is a bit too low although it can be adjusted the height adjustable is a bit awkward and the lumbar support is not too good might have to do a little diy modding to the back all in all the chair is great and t
