{
    "rouge1": 0.3718697097674592,
    "rouge2": 0.28430300192940644,
    "rougeL": 0.355668857911847,
    "bleu": 0.2617762082797778,
    "num_test_examples": 8
}